"kandidaat-ID","veld","oud","nieuw","reden"
"LS1000-0001","classificatiebasis","AI_KENNIS","AI_KENNIS_HERBEOORDEELD","Redactionele AI-indeling; geen HIGH-evidence of menselijke beoordeling."
"LS1000-0001","aanvullende genres","biografie","","Aanvullende genres opnieuw inhoudelijk afgewogen; uitsluitend canonieke genres, doelgroep en werkvorm blijven afzonderlijk."
"LS1000-0002","oorspronkelijke publicatiejaar","1984","1985","AI-bibliografische correctie: oorspronkelijke publicatie in plaats van onjuist bron-/editiejaar; geen wijziging bestaand databasejaar."
"LS1000-0002","classificatiebasis","AI_KENNIS","AI_KENNIS_HERBEOORDEELD","Redactionele AI-indeling; geen HIGH-evidence of menselijke beoordeling."
"LS1000-0002","aanvullende genres","memoires","","Aanvullende genres opnieuw inhoudelijk afgewogen; uitsluitend canonieke genres, doelgroep en werkvorm blijven afzonderlijk."
"LS1000-0003","classificatiebasis","AI_KENNIS","AI_KENNIS_HERBEOORDEELD","Redactionele AI-indeling; geen HIGH-evidence of menselijke beoordeling."
"LS1000-0003","aanvullende genres","biografie","","Aanvullende genres opnieuw inhoudelijk afgewogen; uitsluitend canonieke genres, doelgroep en werkvorm blijven afzonderlijk."
"LS1000-0004","oorspronkelijke publicatiejaar","1987","1995","AI-bibliografische correctie: oorspronkelijke publicatie in plaats van onjuist bron-/editiejaar; geen wijziging bestaand databasejaar."
"LS1000-0004","classificatiebasis","AI_KENNIS","AI_KENNIS_HERBEOORDEELD","Redactionele AI-indeling; geen HIGH-evidence of menselijke beoordeling."
"LS1000-0004","aanvullende genres","memoires","","Aanvullende genres opnieuw inhoudelijk afgewogen; uitsluitend canonieke genres, doelgroep en werkvorm blijven afzonderlijk."
"LS1000-0005","classificatiebasis","AI_KENNIS","AI_KENNIS_HERBEOORDEELD","Redactionele AI-indeling; geen HIGH-evidence of menselijke beoordeling."
"LS1000-0005","aanvullende genres","memoires","","Aanvullende genres opnieuw inhoudelijk afgewogen; uitsluitend canonieke genres, doelgroep en werkvorm blijven afzonderlijk."
"LS1000-0006","classificatiebasis","AI_KENNIS","AI_KENNIS_HERBEOORDEELD","Redactionele AI-indeling; geen HIGH-evidence of menselijke beoordeling."
"LS1000-0006","aanvullende genres","memoires","","Aanvullende genres opnieuw inhoudelijk afgewogen; uitsluitend canonieke genres, doelgroep en werkvorm blijven afzonderlijk."
"LS1000-0007","classificatiebasis","AI_KENNIS","AI_KENNIS_HERBEOORDEELD","Redactionele AI-indeling; geen HIGH-evidence of menselijke beoordeling."
"LS1000-0007","aanvullende genres","memoires","","Aanvullende genres opnieuw inhoudelijk afgewogen; uitsluitend canonieke genres, doelgroep en werkvorm blijven afzonderlijk."
"LS1000-0008","classificatiebasis","AI_KENNIS","AI_KENNIS_HERBEOORDEELD","Redactionele AI-indeling; geen HIGH-evidence of menselijke beoordeling."
"LS1000-0008","aanvullende genres","biografie","","Aanvullende genres opnieuw inhoudelijk afgewogen; uitsluitend canonieke genres, doelgroep en werkvorm blijven afzonderlijk."
"LS1000-0009","classificatiebasis","AI_KENNIS","AI_KENNIS_HERBEOORDEELD","Redactionele AI-indeling; geen HIGH-evidence of menselijke beoordeling."
"LS1000-0009","aanvullende genres","biografie","","Aanvullende genres opnieuw inhoudelijk afgewogen; uitsluitend canonieke genres, doelgroep en werkvorm blijven afzonderlijk."
"LS1000-0010","classificatiebasis","AI_KENNIS","AI_KENNIS_HERBEOORDEELD","Redactionele AI-indeling; geen HIGH-evidence of menselijke beoordeling."
"LS1000-0010","aanvullende genres","memoires","","Aanvullende genres opnieuw inhoudelijk afgewogen; uitsluitend canonieke genres, doelgroep en werkvorm blijven afzonderlijk."
"LS1000-0011","classificatiebasis","AI_KENNIS","AI_KENNIS_HERBEOORDEELD","Redactionele AI-indeling; geen HIGH-evidence of menselijke beoordeling."
"LS1000-0011","aanvullende genres","memoires","","Aanvullende genres opnieuw inhoudelijk afgewogen; uitsluitend canonieke genres, doelgroep en werkvorm blijven afzonderlijk."
"LS1000-0012","classificatiebasis","AI_KENNIS","AI_KENNIS_HERBEOORDEELD","Redactionele AI-indeling; geen HIGH-evidence of menselijke beoordeling."
"LS1000-0012","aanvullende genres","memoires","","Aanvullende genres opnieuw inhoudelijk afgewogen; uitsluitend canonieke genres, doelgroep en werkvorm blijven afzonderlijk."
"LS1000-0013","classificatiebasis","AI_KENNIS","AI_KENNIS_HERBEOORDEELD","Redactionele AI-indeling; geen HIGH-evidence of menselijke beoordeling."
"LS1000-0013","aanvullende genres","biografie","","Aanvullende genres opnieuw inhoudelijk afgewogen; uitsluitend canonieke genres, doelgroep en werkvorm blijven afzonderlijk."
"LS1000-0014","classificatiebasis","AI_KENNIS","AI_KENNIS_HERBEOORDEELD","Redactionele AI-indeling; geen HIGH-evidence of menselijke beoordeling."
"LS1000-0014","aanvullende genres","memoires","","Aanvullende genres opnieuw inhoudelijk afgewogen; uitsluitend canonieke genres, doelgroep en werkvorm blijven afzonderlijk."
"LS1000-0015","classificatiebasis","AI_KENNIS","AI_KENNIS_HERBEOORDEELD","Redactionele AI-indeling; geen HIGH-evidence of menselijke beoordeling."
"LS1000-0015","aanvullende genres","memoires","","Aanvullende genres opnieuw inhoudelijk afgewogen; uitsluitend canonieke genres, doelgroep en werkvorm blijven afzonderlijk."
"LS1000-0016","hoofdcategorie NL","Biografie & memoires","Wetenschap & natuur","Inhoudelijke AI-herbeoordeling van dit werk; geen auteur-/titelwoordregel."
"LS1000-0016","hoofdcategorie EN","Biography & Memoir","Science & Nature","NL/EN verwijzen naar dezelfde categorie-ID."
"LS1000-0016","werkvorm","biografie","essaybundel","Werkvorm afzonderlijk inhoudelijk gecorrigeerd; geen genre."
"LS1000-0016","classificatiebasis","AI_KENNIS","AI_KENNIS_HERBEOORDEELD","Redactionele AI-indeling; geen HIGH-evidence of menselijke beoordeling."
"LS1000-0016","aanvullende genres","biografie","","Aanvullende genres opnieuw inhoudelijk afgewogen; uitsluitend canonieke genres, doelgroep en werkvorm blijven afzonderlijk."
"LS1000-0017","hoofdcategorie NL","Biografie & memoires","Wetenschap & natuur","Inhoudelijke AI-herbeoordeling van dit werk; geen auteur-/titelwoordregel."
"LS1000-0017","hoofdcategorie EN","Biography & Memoir","Science & Nature","NL/EN verwijzen naar dezelfde categorie-ID."
"LS1000-0017","werkvorm","memoires","non-fictieboek","Werkvorm afzonderlijk inhoudelijk gecorrigeerd; geen genre."
"LS1000-0017","oorspronkelijke publicatiejaar","2014","2018","AI-bibliografische correctie: oorspronkelijke publicatie in plaats van onjuist bron-/editiejaar; geen wijziging bestaand databasejaar."
"LS1000-0017","classificatiebasis","AI_KENNIS","AI_KENNIS_HERBEOORDEELD","Redactionele AI-indeling; geen HIGH-evidence of menselijke beoordeling."
"LS1000-0017","aanvullende genres","memoires","","Aanvullende genres opnieuw inhoudelijk afgewogen; uitsluitend canonieke genres, doelgroep en werkvorm blijven afzonderlijk."
"LS1000-0018","classificatiebasis","AI_KENNIS","AI_KENNIS_HERBEOORDEELD","Redactionele AI-indeling; geen HIGH-evidence of menselijke beoordeling."
"LS1000-0018","aanvullende genres","biografie","","Aanvullende genres opnieuw inhoudelijk afgewogen; uitsluitend canonieke genres, doelgroep en werkvorm blijven afzonderlijk."
"LS1000-0019","hoofdcategorie NL","Biografie & memoires","Filosofie & religie","Inhoudelijke AI-herbeoordeling van dit werk; geen auteur-/titelwoordregel."
"LS1000-0019","hoofdcategorie EN","Biography & Memoir","Philosophy & Religion","NL/EN verwijzen naar dezelfde categorie-ID."
"LS1000-0019","werkvorm","memoires","essay","Werkvorm afzonderlijk inhoudelijk gecorrigeerd; geen genre."
"LS1000-0019","classificatiebasis","AI_KENNIS","AI_KENNIS_HERBEOORDEELD","Redactionele AI-indeling; geen HIGH-evidence of menselijke beoordeling."
"LS1000-0019","aanvullende genres","memoires","","Aanvullende genres opnieuw inhoudelijk afgewogen; uitsluitend canonieke genres, doelgroep en werkvorm blijven afzonderlijk."
"LS1000-0020","classificatiebasis","AI_KENNIS","AI_KENNIS_HERBEOORDEELD","Redactionele AI-indeling; geen HIGH-evidence of menselijke beoordeling."
"LS1000-0020","aanvullende genres","memoires","","Aanvullende genres opnieuw inhoudelijk afgewogen; uitsluitend canonieke genres, doelgroep en werkvorm blijven afzonderlijk."
"LS1000-0021","classificatiebasis","AI_KENNIS","AI_KENNIS_HERBEOORDEELD","Redactionele AI-indeling; geen HIGH-evidence of menselijke beoordeling."
"LS1000-0021","aanvullende genres","memoires","","Aanvullende genres opnieuw inhoudelijk afgewogen; uitsluitend canonieke genres, doelgroep en werkvorm blijven afzonderlijk."
"LS1000-0022","classificatiebasis","AI_KENNIS","AI_KENNIS_HERBEOORDEELD","Redactionele AI-indeling; geen HIGH-evidence of menselijke beoordeling."
"LS1000-0022","aanvullende genres","memoires","","Aanvullende genres opnieuw inhoudelijk afgewogen; uitsluitend canonieke genres, doelgroep en werkvorm blijven afzonderlijk."
"LS1000-0023","classificatiebasis","AI_KENNIS","AI_KENNIS_HERBEOORDEELD","Redactionele AI-indeling; geen HIGH-evidence of menselijke beoordeling."
"LS1000-0023","aanvullende genres","memoires","","Aanvullende genres opnieuw inhoudelijk afgewogen; uitsluitend canonieke genres, doelgroep en werkvorm blijven afzonderlijk."
"LS1000-0024","classificatiebasis","AI_KENNIS","AI_KENNIS_HERBEOORDEELD","Redactionele AI-indeling; geen HIGH-evidence of menselijke beoordeling."
"LS1000-0024","aanvullende genres","memoires","","Aanvullende genres opnieuw inhoudelijk afgewogen; uitsluitend canonieke genres, doelgroep en werkvorm blijven afzonderlijk."
"LS1000-0025","classificatiebasis","AI_KENNIS","AI_KENNIS_HERBEOORDEELD","Redactionele AI-indeling; geen HIGH-evidence of menselijke beoordeling."
"LS1000-0025","aanvullende genres","biografie","","Aanvullende genres opnieuw inhoudelijk afgewogen; uitsluitend canonieke genres, doelgroep en werkvorm blijven afzonderlijk."
"LS1000-0026","classificatiebasis","AI_KENNIS","AI_KENNIS_HERBEOORDEELD","Redactionele AI-indeling; geen HIGH-evidence of menselijke beoordeling."
"LS1000-0026","aanvullende genres","memoires","","Aanvullende genres opnieuw inhoudelijk afgewogen; uitsluitend canonieke genres, doelgroep en werkvorm blijven afzonderlijk."
"LS1000-0027","classificatiebasis","AI_KENNIS","AI_KENNIS_HERBEOORDEELD","Redactionele AI-indeling; geen HIGH-evidence of menselijke beoordeling."
"LS1000-0027","aanvullende genres","biografie","","Aanvullende genres opnieuw inhoudelijk afgewogen; uitsluitend canonieke genres, doelgroep en werkvorm blijven afzonderlijk."
"LS1000-0028","hoofdcategorie NL","Biografie & memoires","Filosofie & religie","Inhoudelijke AI-herbeoordeling van dit werk; geen auteur-/titelwoordregel."
"LS1000-0028","hoofdcategorie EN","Biography & Memoir","Philosophy & Religion","NL/EN verwijzen naar dezelfde categorie-ID."
"LS1000-0028","werkvorm","biografie","non-fictieboek","Werkvorm afzonderlijk inhoudelijk gecorrigeerd; geen genre."
"LS1000-0028","oorspronkelijke publicatiejaar","1963","","Exact oorspronkelijk publicatiejaar onvoldoende vastgesteld; niet afleiden van editie/ontstaan."
"LS1000-0028","classificatiebasis","AI_KENNIS","AI_KENNIS_HERBEOORDEELD","Redactionele AI-indeling; geen HIGH-evidence of menselijke beoordeling."
"LS1000-0028","aanvullende genres","biografie","","Aanvullende genres opnieuw inhoudelijk afgewogen; uitsluitend canonieke genres, doelgroep en werkvorm blijven afzonderlijk."
"LS1000-0029","hoofdcategorie NL","Biografie & memoires","Maatschappij & actualiteit","Inhoudelijke AI-herbeoordeling van dit werk; geen auteur-/titelwoordregel."
"LS1000-0029","hoofdcategorie EN","Biography & Memoir","Society & Current Affairs","NL/EN verwijzen naar dezelfde categorie-ID."
"LS1000-0029","classificatiebasis","AI_KENNIS","AI_KENNIS_HERBEOORDEELD","Redactionele AI-indeling; geen HIGH-evidence of menselijke beoordeling."
"LS1000-0029","aanvullende genres","biografie","","Aanvullende genres opnieuw inhoudelijk afgewogen; uitsluitend canonieke genres, doelgroep en werkvorm blijven afzonderlijk."
"LS1000-0030","classificatiebasis","AI_KENNIS","AI_KENNIS_HERBEOORDEELD","Redactionele AI-indeling; geen HIGH-evidence of menselijke beoordeling."
"LS1000-0030","aanvullende genres","biografie","","Aanvullende genres opnieuw inhoudelijk afgewogen; uitsluitend canonieke genres, doelgroep en werkvorm blijven afzonderlijk."
"LS1000-0031","hoofdcategorie NL","Biografie & memoires","Maatschappij & actualiteit","Inhoudelijke AI-herbeoordeling van dit werk; geen auteur-/titelwoordregel."
"LS1000-0031","hoofdcategorie EN","Biography & Memoir","Society & Current Affairs","NL/EN verwijzen naar dezelfde categorie-ID."
"LS1000-0031","classificatiebasis","AI_KENNIS","AI_KENNIS_HERBEOORDEELD","Redactionele AI-indeling; geen HIGH-evidence of menselijke beoordeling."
"LS1000-0031","aanvullende genres","memoires","","Aanvullende genres opnieuw inhoudelijk afgewogen; uitsluitend canonieke genres, doelgroep en werkvorm blijven afzonderlijk."
"LS1000-0032","hoofdcategorie NL","Biografie & memoires","Economie & ondernemerschap","Inhoudelijke AI-herbeoordeling van dit werk; geen auteur-/titelwoordregel."
"LS1000-0032","hoofdcategorie EN","Biography & Memoir","Economics & Business","NL/EN verwijzen naar dezelfde categorie-ID."
"LS1000-0032","oorspronkelijke publicatiejaar","1987","2004","AI-bibliografische correctie: oorspronkelijke publicatie in plaats van onjuist bron-/editiejaar; geen wijziging bestaand databasejaar."
"LS1000-0032","classificatiebasis","AI_KENNIS","AI_KENNIS_HERBEOORDEELD","Redactionele AI-indeling; geen HIGH-evidence of menselijke beoordeling."
"LS1000-0032","aanvullende genres","memoires","","Aanvullende genres opnieuw inhoudelijk afgewogen; uitsluitend canonieke genres, doelgroep en werkvorm blijven afzonderlijk."
"LS1000-0033","classificatiebasis","AI_KENNIS","AI_KENNIS_HERBEOORDEELD","Redactionele AI-indeling; geen HIGH-evidence of menselijke beoordeling."
"LS1000-0033","aanvullende genres","memoires","","Aanvullende genres opnieuw inhoudelijk afgewogen; uitsluitend canonieke genres, doelgroep en werkvorm blijven afzonderlijk."
"LS1000-0034","hoofdcategorie NL","Biografie & memoires","Geschiedenis","Inhoudelijke AI-herbeoordeling van dit werk; geen auteur-/titelwoordregel."
"LS1000-0034","hoofdcategorie EN","Biography & Memoir","History","NL/EN verwijzen naar dezelfde categorie-ID."
"LS1000-0034","oorspronkelijke publicatiejaar","2007","2004","AI-bibliografische correctie: oorspronkelijke publicatie in plaats van onjuist bron-/editiejaar; geen wijziging bestaand databasejaar."
"LS1000-0034","classificatiebasis","AI_KENNIS","AI_KENNIS_HERBEOORDEELD","Redactionele AI-indeling; geen HIGH-evidence of menselijke beoordeling."
"LS1000-0034","aanvullende genres","biografie","","Aanvullende genres opnieuw inhoudelijk afgewogen; uitsluitend canonieke genres, doelgroep en werkvorm blijven afzonderlijk."
"LS1000-0035","classificatiebasis","AI_KENNIS","AI_KENNIS_HERBEOORDEELD","Redactionele AI-indeling; geen HIGH-evidence of menselijke beoordeling."
"LS1000-0035","aanvullende genres","memoires","","Aanvullende genres opnieuw inhoudelijk afgewogen; uitsluitend canonieke genres, doelgroep en werkvorm blijven afzonderlijk."
"LS1000-0036","oorspronkelijke publicatiejaar","1996","1997","AI-bibliografische correctie: oorspronkelijke publicatie in plaats van onjuist bron-/editiejaar; geen wijziging bestaand databasejaar."
"LS1000-0036","classificatiebasis","AI_KENNIS","AI_KENNIS_HERBEOORDEELD","Redactionele AI-indeling; geen HIGH-evidence of menselijke beoordeling."
"LS1000-0036","aanvullende genres","memoires","","Aanvullende genres opnieuw inhoudelijk afgewogen; uitsluitend canonieke genres, doelgroep en werkvorm blijven afzonderlijk."
"LS1000-0037","classificatiebasis","AI_KENNIS","AI_KENNIS_HERBEOORDEELD","Redactionele AI-indeling; geen HIGH-evidence of menselijke beoordeling."
"LS1000-0037","aanvullende genres","biografie","","Aanvullende genres opnieuw inhoudelijk afgewogen; uitsluitend canonieke genres, doelgroep en werkvorm blijven afzonderlijk."
"LS1000-0038","oorspronkelijke publicatiejaar","2006","2010","AI-bibliografische correctie: oorspronkelijke publicatie in plaats van onjuist bron-/editiejaar; geen wijziging bestaand databasejaar."
"LS1000-0038","classificatiebasis","AI_KENNIS","AI_KENNIS_HERBEOORDEELD","Redactionele AI-indeling; geen HIGH-evidence of menselijke beoordeling."
"LS1000-0038","aanvullende genres","memoires","","Aanvullende genres opnieuw inhoudelijk afgewogen; uitsluitend canonieke genres, doelgroep en werkvorm blijven afzonderlijk."
"LS1000-0039","oorspronkelijke publicatiejaar","1600","2014","AI-bibliografische correctie: oorspronkelijke publicatie in plaats van onjuist bron-/editiejaar; geen wijziging bestaand databasejaar."
"LS1000-0039","classificatiebasis","AI_KENNIS","AI_KENNIS_HERBEOORDEELD","Redactionele AI-indeling; geen HIGH-evidence of menselijke beoordeling."
"LS1000-0039","aanvullende genres","memoires","","Aanvullende genres opnieuw inhoudelijk afgewogen; uitsluitend canonieke genres, doelgroep en werkvorm blijven afzonderlijk."
"LS1000-0040","hoofdcategorie NL","Biografie & memoires","Economie & ondernemerschap","Inhoudelijke AI-herbeoordeling van dit werk; geen auteur-/titelwoordregel."
"LS1000-0040","hoofdcategorie EN","Biography & Memoir","Economics & Business","NL/EN verwijzen naar dezelfde categorie-ID."
"LS1000-0040","oorspronkelijke publicatiejaar","1799","2013","AI-bibliografische correctie: oorspronkelijke publicatie in plaats van onjuist bron-/editiejaar; geen wijziging bestaand databasejaar."
"LS1000-0040","classificatiebasis","AI_KENNIS","AI_KENNIS_HERBEOORDEELD","Redactionele AI-indeling; geen HIGH-evidence of menselijke beoordeling."
"LS1000-0040","aanvullende genres","memoires","","Aanvullende genres opnieuw inhoudelijk afgewogen; uitsluitend canonieke genres, doelgroep en werkvorm blijven afzonderlijk."
"LS1000-0041","hoofdcategorie NL","Biografie & memoires","Kunst & cultuur","Inhoudelijke AI-herbeoordeling van dit werk; geen auteur-/titelwoordregel."
"LS1000-0041","hoofdcategorie EN","Biography & Memoir","Arts & Culture","NL/EN verwijzen naar dezelfde categorie-ID."
"LS1000-0041","oorspronkelijke publicatiejaar","1946","","Exact oorspronkelijk publicatiejaar onvoldoende vastgesteld; niet afleiden van editie/ontstaan."
"LS1000-0041","classificatiestatus","ZEKER","TWIJFEL","Generieke kunstenaarsnaam als titel én auteur; exact werk/uitgave niet betrouwbaar vastgesteld."
"LS1000-0041","classificatiebasis","AI_KENNIS","AI_KENNIS_HERBEOORDEELD","Redactionele AI-indeling; geen HIGH-evidence of menselijke beoordeling."
"LS1000-0041","aanvullende genres","memoires","","Aanvullende genres opnieuw inhoudelijk afgewogen; uitsluitend canonieke genres, doelgroep en werkvorm blijven afzonderlijk."
"LS1000-0042","classificatiebasis","AI_KENNIS","AI_KENNIS_HERBEOORDEELD","Redactionele AI-indeling; geen HIGH-evidence of menselijke beoordeling."
"LS1000-0042","aanvullende genres","biografie","","Aanvullende genres opnieuw inhoudelijk afgewogen; uitsluitend canonieke genres, doelgroep en werkvorm blijven afzonderlijk."
"LS1000-0043","oorspronkelijke publicatiejaar","1922","1925","AI-bibliografische correctie: oorspronkelijke publicatie in plaats van onjuist bron-/editiejaar; geen wijziging bestaand databasejaar."
"LS1000-0043","classificatiebasis","AI_KENNIS","AI_KENNIS_HERBEOORDEELD","Redactionele AI-indeling; geen HIGH-evidence of menselijke beoordeling."
"LS1000-0043","aanvullende genres","memoires","","Aanvullende genres opnieuw inhoudelijk afgewogen; uitsluitend canonieke genres, doelgroep en werkvorm blijven afzonderlijk."
"LS1000-0044","oorspronkelijke publicatiejaar","2008","","Exact oorspronkelijk publicatiejaar onvoldoende vastgesteld; niet afleiden van editie/ontstaan."
"LS1000-0044","classificatiestatus","ZEKER","TWIJFEL","Citatencompilatie: samensteller/auteursrol en oorspronkelijke editie eerst vaststellen."
"LS1000-0044","classificatiebasis","AI_KENNIS","AI_KENNIS_HERBEOORDEELD","Redactionele AI-indeling; geen HIGH-evidence of menselijke beoordeling."
"LS1000-0044","aanvullende genres","memoires","","Aanvullende genres opnieuw inhoudelijk afgewogen; uitsluitend canonieke genres, doelgroep en werkvorm blijven afzonderlijk."
"LS1000-0045","classificatiebasis","AI_KENNIS; WEB_GECONTROLEERD","AI_KENNIS_HERBEOORDEELD","Redactionele AI-indeling; geen HIGH-evidence of menselijke beoordeling."
"LS1000-0045","aanvullende genres","biografie","","Aanvullende genres opnieuw inhoudelijk afgewogen; uitsluitend canonieke genres, doelgroep en werkvorm blijven afzonderlijk."
"LS1000-0046","hoofdcategorie NL","Biografie & memoires","Psychologie & persoonlijke ontwikkeling","Inhoudelijke AI-herbeoordeling van dit werk; geen auteur-/titelwoordregel."
"LS1000-0046","hoofdcategorie EN","Biography & Memoir","Psychology & Self-Development","NL/EN verwijzen naar dezelfde categorie-ID."
"LS1000-0046","classificatiebasis","AI_KENNIS","AI_KENNIS_HERBEOORDEELD","Redactionele AI-indeling; geen HIGH-evidence of menselijke beoordeling."
"LS1000-0046","aanvullende genres","biografie","","Aanvullende genres opnieuw inhoudelijk afgewogen; uitsluitend canonieke genres, doelgroep en werkvorm blijven afzonderlijk."
"LS1000-0047","hoofdcategorie NL","Biografie & memoires","Kunst & cultuur","Inhoudelijke AI-herbeoordeling van dit werk; geen auteur-/titelwoordregel."
"LS1000-0047","hoofdcategorie EN","Biography & Memoir","Arts & Culture","NL/EN verwijzen naar dezelfde categorie-ID."
"LS1000-0047","oorspronkelijke publicatiejaar","1926","","Exact oorspronkelijk publicatiejaar onvoldoende vastgesteld; niet afleiden van editie/ontstaan."
"LS1000-0047","classificatiestatus","ZEKER","TWIJFEL","Generieke kunstenaarsnaam als titel én auteur; exact kunstboek niet vastgesteld."
"LS1000-0047","classificatiebasis","AI_KENNIS","AI_KENNIS_HERBEOORDEELD","Redactionele AI-indeling; geen HIGH-evidence of menselijke beoordeling."
"LS1000-0047","aanvullende genres","biografie","","Aanvullende genres opnieuw inhoudelijk afgewogen; uitsluitend canonieke genres, doelgroep en werkvorm blijven afzonderlijk."
"LS1000-0048","classificatiebasis","AI_KENNIS","AI_KENNIS_HERBEOORDEELD","Redactionele AI-indeling; geen HIGH-evidence of menselijke beoordeling."
"LS1000-0048","aanvullende genres","memoires","","Aanvullende genres opnieuw inhoudelijk afgewogen; uitsluitend canonieke genres, doelgroep en werkvorm blijven afzonderlijk."
"LS1000-0049","hoofdcategorie NL","Biografie & memoires","Reizen","Inhoudelijke AI-herbeoordeling van dit werk; geen auteur-/titelwoordregel."
"LS1000-0049","hoofdcategorie EN","Biography & Memoir","Travel","NL/EN verwijzen naar dezelfde categorie-ID."
"LS1000-0049","classificatiebasis","AI_KENNIS","AI_KENNIS_HERBEOORDEELD","Redactionele AI-indeling; geen HIGH-evidence of menselijke beoordeling."
"LS1000-0049","aanvullende genres","biografie","","Aanvullende genres opnieuw inhoudelijk afgewogen; uitsluitend canonieke genres, doelgroep en werkvorm blijven afzonderlijk."
"LS1000-0050","classificatiebasis","AI_KENNIS; WEB_GECONTROLEERD","AI_KENNIS_HERBEOORDEELD","Redactionele AI-indeling; geen HIGH-evidence of menselijke beoordeling."
"LS1000-0050","aanvullende genres","memoires","","Aanvullende genres opnieuw inhoudelijk afgewogen; uitsluitend canonieke genres, doelgroep en werkvorm blijven afzonderlijk."
"LS1000-0051","classificatiebasis","AI_KENNIS; WEB_GECONTROLEERD","AI_KENNIS_HERBEOORDEELD","Redactionele AI-indeling; geen HIGH-evidence of menselijke beoordeling."
"LS1000-0051","aanvullende genres","memoires","","Aanvullende genres opnieuw inhoudelijk afgewogen; uitsluitend canonieke genres, doelgroep en werkvorm blijven afzonderlijk."
"LS1000-0052","classificatiebasis","AI_KENNIS","AI_KENNIS_HERBEOORDEELD","Redactionele AI-indeling; geen HIGH-evidence of menselijke beoordeling."
"LS1000-0052","aanvullende genres","biografie","","Aanvullende genres opnieuw inhoudelijk afgewogen; uitsluitend canonieke genres, doelgroep en werkvorm blijven afzonderlijk."
"LS1000-0053","classificatiebasis","AI_KENNIS","AI_KENNIS_HERBEOORDEELD","Redactionele AI-indeling; geen HIGH-evidence of menselijke beoordeling."
"LS1000-0053","aanvullende genres","memoires","","Aanvullende genres opnieuw inhoudelijk afgewogen; uitsluitend canonieke genres, doelgroep en werkvorm blijven afzonderlijk."
"LS1000-0054","hoofdcategorie NL","Biografie & memoires","Maatschappij & actualiteit","Inhoudelijke AI-herbeoordeling van dit werk; geen auteur-/titelwoordregel."
"LS1000-0054","hoofdcategorie EN","Biography & Memoir","Society & Current Affairs","NL/EN verwijzen naar dezelfde categorie-ID."
"LS1000-0054","classificatiebasis","AI_KENNIS","AI_KENNIS_HERBEOORDEELD","Redactionele AI-indeling; geen HIGH-evidence of menselijke beoordeling."
"LS1000-0054","aanvullende genres","memoires","","Aanvullende genres opnieuw inhoudelijk afgewogen; uitsluitend canonieke genres, doelgroep en werkvorm blijven afzonderlijk."
"LS1000-0055","oorspronkelijke publicatiejaar","1944","1947","AI-bibliografische correctie: oorspronkelijke publicatie in plaats van onjuist bron-/editiejaar; geen wijziging bestaand databasejaar."
"LS1000-0055","classificatiebasis","AI_KENNIS","AI_KENNIS_HERBEOORDEELD","Redactionele AI-indeling; geen HIGH-evidence of menselijke beoordeling."
"LS1000-0055","aanvullende genres","memoires","","Aanvullende genres opnieuw inhoudelijk afgewogen; uitsluitend canonieke genres, doelgroep en werkvorm blijven afzonderlijk."
"LS1000-0056","classificatiebasis","AI_KENNIS","AI_KENNIS_HERBEOORDEELD","Redactionele AI-indeling; geen HIGH-evidence of menselijke beoordeling."
"LS1000-0056","aanvullende genres","memoires","","Aanvullende genres opnieuw inhoudelijk afgewogen; uitsluitend canonieke genres, doelgroep en werkvorm blijven afzonderlijk."
"LS1000-0057","oorspronkelijke publicatiejaar","2009","2010","AI-bibliografische correctie: oorspronkelijke publicatie in plaats van onjuist bron-/editiejaar; geen wijziging bestaand databasejaar."
"LS1000-0057","classificatiebasis","AI_KENNIS","AI_KENNIS_HERBEOORDEELD","Redactionele AI-indeling; geen HIGH-evidence of menselijke beoordeling."
"LS1000-0057","aanvullende genres","memoires","","Aanvullende genres opnieuw inhoudelijk afgewogen; uitsluitend canonieke genres, doelgroep en werkvorm blijven afzonderlijk."
"LS1000-0058","hoofdcategorie NL","Biografie & memoires","Psychologie & persoonlijke ontwikkeling","Inhoudelijke AI-herbeoordeling van dit werk; geen auteur-/titelwoordregel."
"LS1000-0058","hoofdcategorie EN","Biography & Memoir","Psychology & Self-Development","NL/EN verwijzen naar dezelfde categorie-ID."
"LS1000-0058","classificatiebasis","AI_KENNIS","AI_KENNIS_HERBEOORDEELD","Redactionele AI-indeling; geen HIGH-evidence of menselijke beoordeling."
"LS1000-0058","aanvullende genres","memoires","","Aanvullende genres opnieuw inhoudelijk afgewogen; uitsluitend canonieke genres, doelgroep en werkvorm blijven afzonderlijk."
"LS1000-0059","oorspronkelijke publicatiejaar","1994","1997","AI-bibliografische correctie: oorspronkelijke publicatie in plaats van onjuist bron-/editiejaar; geen wijziging bestaand databasejaar."
"LS1000-0059","classificatiebasis","AI_KENNIS","AI_KENNIS_HERBEOORDEELD","Redactionele AI-indeling; geen HIGH-evidence of menselijke beoordeling."
"LS1000-0059","aanvullende genres","memoires","","Aanvullende genres opnieuw inhoudelijk afgewogen; uitsluitend canonieke genres, doelgroep en werkvorm blijven afzonderlijk."
"LS1000-0060","hoofdcategorie NL","Biografie & memoires","Geschiedenis","Inhoudelijke AI-herbeoordeling van dit werk; geen auteur-/titelwoordregel."
"LS1000-0060","hoofdcategorie EN","Biography & Memoir","History","NL/EN verwijzen naar dezelfde categorie-ID."
"LS1000-0060","oorspronkelijke publicatiejaar","1858","","Exact oorspronkelijk publicatiejaar onvoldoende vastgesteld; niet afleiden van editie/ontstaan."
"LS1000-0060","classificatiebasis","AI_KENNIS","AI_KENNIS_HERBEOORDEELD","Redactionele AI-indeling; geen HIGH-evidence of menselijke beoordeling."
"LS1000-0060","aanvullende genres","biografie","","Aanvullende genres opnieuw inhoudelijk afgewogen; uitsluitend canonieke genres, doelgroep en werkvorm blijven afzonderlijk."
"LS1000-0061","hoofdcategorie NL","Biografie & memoires","Psychologie & persoonlijke ontwikkeling","Inhoudelijke AI-herbeoordeling van dit werk; geen auteur-/titelwoordregel."
"LS1000-0061","hoofdcategorie EN","Biography & Memoir","Psychology & Self-Development","NL/EN verwijzen naar dezelfde categorie-ID."
"LS1000-0061","classificatiebasis","AI_KENNIS","AI_KENNIS_HERBEOORDEELD","Redactionele AI-indeling; geen HIGH-evidence of menselijke beoordeling."
"LS1000-0061","aanvullende genres","memoires","","Aanvullende genres opnieuw inhoudelijk afgewogen; uitsluitend canonieke genres, doelgroep en werkvorm blijven afzonderlijk."
"LS1000-0062","hoofdcategorie NL","Biografie & memoires","Geschiedenis","Inhoudelijke AI-herbeoordeling van dit werk; geen auteur-/titelwoordregel."
"LS1000-0062","hoofdcategorie EN","Biography & Memoir","History","NL/EN verwijzen naar dezelfde categorie-ID."
"LS1000-0062","oorspronkelijke publicatiejaar","1941","1948","AI-bibliografische correctie: oorspronkelijke publicatie in plaats van onjuist bron-/editiejaar; geen wijziging bestaand databasejaar."
"LS1000-0062","classificatiebasis","AI_KENNIS","AI_KENNIS_HERBEOORDEELD","Redactionele AI-indeling; geen HIGH-evidence of menselijke beoordeling."
"LS1000-0062","aanvullende genres","biografie","","Aanvullende genres opnieuw inhoudelijk afgewogen; uitsluitend canonieke genres, doelgroep en werkvorm blijven afzonderlijk."
"LS1000-0063","classificatiebasis","AI_KENNIS","AI_KENNIS_HERBEOORDEELD","Redactionele AI-indeling; geen HIGH-evidence of menselijke beoordeling."
"LS1000-0063","aanvullende genres","biografie","","Aanvullende genres opnieuw inhoudelijk afgewogen; uitsluitend canonieke genres, doelgroep en werkvorm blijven afzonderlijk."
"LS1000-0064","oorspronkelijke publicatiejaar","1994","1997","AI-bibliografische correctie: oorspronkelijke publicatie in plaats van onjuist bron-/editiejaar; geen wijziging bestaand databasejaar."
"LS1000-0064","classificatiebasis","AI_KENNIS","AI_KENNIS_HERBEOORDEELD","Redactionele AI-indeling; geen HIGH-evidence of menselijke beoordeling."
"LS1000-0064","aanvullende genres","memoires","","Aanvullende genres opnieuw inhoudelijk afgewogen; uitsluitend canonieke genres, doelgroep en werkvorm blijven afzonderlijk."
"LS1000-0065","classificatiebasis","AI_KENNIS","AI_KENNIS_HERBEOORDEELD","Redactionele AI-indeling; geen HIGH-evidence of menselijke beoordeling."
"LS1000-0065","aanvullende genres","memoires","","Aanvullende genres opnieuw inhoudelijk afgewogen; uitsluitend canonieke genres, doelgroep en werkvorm blijven afzonderlijk."
"LS1000-0066","classificatiebasis","AI_KENNIS","AI_KENNIS_HERBEOORDEELD","Redactionele AI-indeling; geen HIGH-evidence of menselijke beoordeling."
"LS1000-0066","aanvullende genres","memoires","","Aanvullende genres opnieuw inhoudelijk afgewogen; uitsluitend canonieke genres, doelgroep en werkvorm blijven afzonderlijk."
"LS1000-0067","hoofdcategorie NL","Biografie & memoires","Maatschappij & actualiteit","Inhoudelijke AI-herbeoordeling van dit werk; geen auteur-/titelwoordregel."
"LS1000-0067","hoofdcategorie EN","Biography & Memoir","Society & Current Affairs","NL/EN verwijzen naar dezelfde categorie-ID."
"LS1000-0067","classificatiebasis","AI_KENNIS","AI_KENNIS_HERBEOORDEELD","Redactionele AI-indeling; geen HIGH-evidence of menselijke beoordeling."
"LS1000-0067","aanvullende genres","biografie","","Aanvullende genres opnieuw inhoudelijk afgewogen; uitsluitend canonieke genres, doelgroep en werkvorm blijven afzonderlijk."
"LS1000-0068","classificatiebasis","AI_KENNIS","AI_KENNIS_HERBEOORDEELD","Redactionele AI-indeling; geen HIGH-evidence of menselijke beoordeling."
"LS1000-0068","aanvullende genres","memoires","","Aanvullende genres opnieuw inhoudelijk afgewogen; uitsluitend canonieke genres, doelgroep en werkvorm blijven afzonderlijk."
"LS1000-0069","classificatiebasis","AI_KENNIS","AI_KENNIS_HERBEOORDEELD","Redactionele AI-indeling; geen HIGH-evidence of menselijke beoordeling."
"LS1000-0069","aanvullende genres","memoires","","Aanvullende genres opnieuw inhoudelijk afgewogen; uitsluitend canonieke genres, doelgroep en werkvorm blijven afzonderlijk."
"LS1000-0070","hoofdcategorie NL","Economie & persoonlijke ontwikkeling","Psychologie & persoonlijke ontwikkeling","Inhoudelijke AI-herbeoordeling van dit werk; geen auteur-/titelwoordregel."
"LS1000-0070","hoofdcategorie EN","Business & Self-Development","Psychology & Self-Development","NL/EN verwijzen naar dezelfde categorie-ID."
"LS1000-0070","classificatiebasis","AI_KENNIS; WEB_GECONTROLEERD","AI_KENNIS_HERBEOORDEELD","Redactionele AI-indeling; geen HIGH-evidence of menselijke beoordeling."
"LS1000-0070","aanvullende genres","praktische non-fictie","","Aanvullende genres opnieuw inhoudelijk afgewogen; uitsluitend canonieke genres, doelgroep en werkvorm blijven afzonderlijk."
"LS1000-0071","hoofdcategorie NL","Economie & persoonlijke ontwikkeling","Geschiedenis","Inhoudelijke AI-herbeoordeling van dit werk; geen auteur-/titelwoordregel."
"LS1000-0071","hoofdcategorie EN","Business & Self-Development","History","NL/EN verwijzen naar dezelfde categorie-ID."
"LS1000-0071","classificatiebasis","AI_KENNIS","AI_KENNIS_HERBEOORDEELD","Redactionele AI-indeling; geen HIGH-evidence of menselijke beoordeling."
"LS1000-0071","aanvullende genres","praktische non-fictie","","Aanvullende genres opnieuw inhoudelijk afgewogen; uitsluitend canonieke genres, doelgroep en werkvorm blijven afzonderlijk."
"LS1000-0072","hoofdcategorie NL","Economie & persoonlijke ontwikkeling","Economie & ondernemerschap","Inhoudelijke AI-herbeoordeling van dit werk; geen auteur-/titelwoordregel."
"LS1000-0072","hoofdcategorie EN","Business & Self-Development","Economics & Business","NL/EN verwijzen naar dezelfde categorie-ID."
"LS1000-0072","classificatiebasis","AI_KENNIS","AI_KENNIS_HERBEOORDEELD","Redactionele AI-indeling; geen HIGH-evidence of menselijke beoordeling."
"LS1000-0072","aanvullende genres","praktische non-fictie","","Aanvullende genres opnieuw inhoudelijk afgewogen; uitsluitend canonieke genres, doelgroep en werkvorm blijven afzonderlijk."
"LS1000-0073","hoofdcategorie NL","Economie & persoonlijke ontwikkeling","Psychologie & persoonlijke ontwikkeling","Inhoudelijke AI-herbeoordeling van dit werk; geen auteur-/titelwoordregel."
"LS1000-0073","hoofdcategorie EN","Business & Self-Development","Psychology & Self-Development","NL/EN verwijzen naar dezelfde categorie-ID."
"LS1000-0073","classificatiebasis","AI_KENNIS; WEB_GECONTROLEERD","AI_KENNIS_HERBEOORDEELD","Redactionele AI-indeling; geen HIGH-evidence of menselijke beoordeling."
"LS1000-0073","aanvullende genres","praktische non-fictie","","Aanvullende genres opnieuw inhoudelijk afgewogen; uitsluitend canonieke genres, doelgroep en werkvorm blijven afzonderlijk."
"LS1000-0074","hoofdcategorie NL","Economie & persoonlijke ontwikkeling","Economie & ondernemerschap","Canoniek categoriemodel en stabiele NL/EN-labels."
"LS1000-0074","hoofdcategorie EN","Business & Self-Development","Economics & Business","NL/EN verwijzen naar dezelfde categorie-ID."
"LS1000-0074","oorspronkelijke publicatiejaar","1691","","Exact oorspronkelijk publicatiejaar onvoldoende vastgesteld; niet afleiden van editie/ontstaan."
"LS1000-0074","classificatiestatus","ZEKER","TWIJFEL","Laws, etc is een generieke recordverzameling, geen geïdentificeerd individueel boek."
"LS1000-0074","classificatiebasis","AI_KENNIS","AI_KENNIS_HERBEOORDEELD","Redactionele AI-indeling; geen HIGH-evidence of menselijke beoordeling."
"LS1000-0074","aanvullende genres","praktische non-fictie","","Aanvullende genres opnieuw inhoudelijk afgewogen; uitsluitend canonieke genres, doelgroep en werkvorm blijven afzonderlijk."
"LS1000-0075","hoofdcategorie NL","Economie & persoonlijke ontwikkeling","Economie & ondernemerschap","Inhoudelijke AI-herbeoordeling van dit werk; geen auteur-/titelwoordregel."
"LS1000-0075","hoofdcategorie EN","Business & Self-Development","Economics & Business","NL/EN verwijzen naar dezelfde categorie-ID."
"LS1000-0075","classificatiebasis","AI_KENNIS","AI_KENNIS_HERBEOORDEELD","Redactionele AI-indeling; geen HIGH-evidence of menselijke beoordeling."
"LS1000-0075","aanvullende genres","praktische non-fictie","","Aanvullende genres opnieuw inhoudelijk afgewogen; uitsluitend canonieke genres, doelgroep en werkvorm blijven afzonderlijk."
"LS1000-0076","hoofdcategorie NL","Economie & persoonlijke ontwikkeling","Economie & ondernemerschap","Inhoudelijke AI-herbeoordeling van dit werk; geen auteur-/titelwoordregel."
"LS1000-0076","hoofdcategorie EN","Business & Self-Development","Economics & Business","NL/EN verwijzen naar dezelfde categorie-ID."
"LS1000-0076","classificatiebasis","AI_KENNIS","AI_KENNIS_HERBEOORDEELD","Redactionele AI-indeling; geen HIGH-evidence of menselijke beoordeling."
"LS1000-0076","aanvullende genres","praktische non-fictie","","Aanvullende genres opnieuw inhoudelijk afgewogen; uitsluitend canonieke genres, doelgroep en werkvorm blijven afzonderlijk."
"LS1000-0077","hoofdcategorie NL","Economie & persoonlijke ontwikkeling","Psychologie & persoonlijke ontwikkeling","Inhoudelijke AI-herbeoordeling van dit werk; geen auteur-/titelwoordregel."
"LS1000-0077","hoofdcategorie EN","Business & Self-Development","Psychology & Self-Development","NL/EN verwijzen naar dezelfde categorie-ID."
"LS1000-0077","classificatiebasis","AI_KENNIS; WEB_GECONTROLEERD","AI_KENNIS_HERBEOORDEELD","Redactionele AI-indeling; geen HIGH-evidence of menselijke beoordeling."
"LS1000-0077","aanvullende genres","praktische non-fictie","","Aanvullende genres opnieuw inhoudelijk afgewogen; uitsluitend canonieke genres, doelgroep en werkvorm blijven afzonderlijk."
"LS1000-0078","hoofdcategorie NL","Economie & persoonlijke ontwikkeling","Economie & ondernemerschap","Inhoudelijke AI-herbeoordeling van dit werk; geen auteur-/titelwoordregel."
"LS1000-0078","hoofdcategorie EN","Business & Self-Development","Economics & Business","NL/EN verwijzen naar dezelfde categorie-ID."
"LS1000-0078","classificatiebasis","AI_KENNIS","AI_KENNIS_HERBEOORDEELD","Redactionele AI-indeling; geen HIGH-evidence of menselijke beoordeling."
"LS1000-0078","aanvullende genres","praktische non-fictie","","Aanvullende genres opnieuw inhoudelijk afgewogen; uitsluitend canonieke genres, doelgroep en werkvorm blijven afzonderlijk."
"LS1000-0079","hoofdcategorie NL","Economie & persoonlijke ontwikkeling","Psychologie & persoonlijke ontwikkeling","Inhoudelijke AI-herbeoordeling van dit werk; geen auteur-/titelwoordregel."
"LS1000-0079","hoofdcategorie EN","Business & Self-Development","Psychology & Self-Development","NL/EN verwijzen naar dezelfde categorie-ID."
"LS1000-0079","classificatiebasis","AI_KENNIS; WEB_GECONTROLEERD","AI_KENNIS_HERBEOORDEELD","Redactionele AI-indeling; geen HIGH-evidence of menselijke beoordeling."
"LS1000-0079","aanvullende genres","praktische non-fictie","","Aanvullende genres opnieuw inhoudelijk afgewogen; uitsluitend canonieke genres, doelgroep en werkvorm blijven afzonderlijk."
"LS1000-0080","hoofdcategorie NL","Economie & persoonlijke ontwikkeling","Economie & ondernemerschap","Inhoudelijke AI-herbeoordeling van dit werk; geen auteur-/titelwoordregel."
"LS1000-0080","hoofdcategorie EN","Business & Self-Development","Economics & Business","NL/EN verwijzen naar dezelfde categorie-ID."
"LS1000-0080","classificatiebasis","AI_KENNIS; WEB_GECONTROLEERD","AI_KENNIS_HERBEOORDEELD","Redactionele AI-indeling; geen HIGH-evidence of menselijke beoordeling."
"LS1000-0080","aanvullende genres","praktische non-fictie","","Aanvullende genres opnieuw inhoudelijk afgewogen; uitsluitend canonieke genres, doelgroep en werkvorm blijven afzonderlijk."
"LS1000-0081","hoofdcategorie NL","Economie & persoonlijke ontwikkeling","Economie & ondernemerschap","Inhoudelijke AI-herbeoordeling van dit werk; geen auteur-/titelwoordregel."
"LS1000-0081","hoofdcategorie EN","Business & Self-Development","Economics & Business","NL/EN verwijzen naar dezelfde categorie-ID."
"LS1000-0081","classificatiebasis","AI_KENNIS; WEB_GECONTROLEERD","AI_KENNIS_HERBEOORDEELD","Redactionele AI-indeling; geen HIGH-evidence of menselijke beoordeling."
"LS1000-0081","aanvullende genres","praktische non-fictie","","Aanvullende genres opnieuw inhoudelijk afgewogen; uitsluitend canonieke genres, doelgroep en werkvorm blijven afzonderlijk."
"LS1000-0082","classificatiebasis","AI_KENNIS","AI_KENNIS_HERBEOORDEELD","Redactionele AI-indeling; geen HIGH-evidence of menselijke beoordeling."
"LS1000-0082","aanvullende genres","speculatieve fictie","Literaire & algemene fictie","Aanvullende genres opnieuw inhoudelijk afgewogen; uitsluitend canonieke genres, doelgroep en werkvorm blijven afzonderlijk."
"LS1000-0083","classificatiebasis","AI_KENNIS","AI_KENNIS_HERBEOORDEELD","Redactionele AI-indeling; geen HIGH-evidence of menselijke beoordeling."
"LS1000-0083","aanvullende genres","speculatieve fictie","","Aanvullende genres opnieuw inhoudelijk afgewogen; uitsluitend canonieke genres, doelgroep en werkvorm blijven afzonderlijk."
"LS1000-0084","classificatiebasis","AI_KENNIS","AI_KENNIS_HERBEOORDEELD","Redactionele AI-indeling; geen HIGH-evidence of menselijke beoordeling."
"LS1000-0084","aanvullende genres","speculatieve fictie","","Aanvullende genres opnieuw inhoudelijk afgewogen; uitsluitend canonieke genres, doelgroep en werkvorm blijven afzonderlijk."
"LS1000-0085","oorspronkelijke publicatiejaar","2008","2011","AI-bibliografische correctie: oorspronkelijke publicatie in plaats van onjuist bron-/editiejaar; geen wijziging bestaand databasejaar."
"LS1000-0085","classificatiebasis","AI_KENNIS","AI_KENNIS_HERBEOORDEELD","Redactionele AI-indeling; geen HIGH-evidence of menselijke beoordeling."
"LS1000-0085","aanvullende genres","speculatieve fictie","","Aanvullende genres opnieuw inhoudelijk afgewogen; uitsluitend canonieke genres, doelgroep en werkvorm blijven afzonderlijk."
"LS1000-0086","classificatiebasis","AI_KENNIS","AI_KENNIS_HERBEOORDEELD","Redactionele AI-indeling; geen HIGH-evidence of menselijke beoordeling."
"LS1000-0086","aanvullende genres","speculatieve fictie","","Aanvullende genres opnieuw inhoudelijk afgewogen; uitsluitend canonieke genres, doelgroep en werkvorm blijven afzonderlijk."
"LS1000-0087","classificatiebasis","AI_KENNIS; WEB_GECONTROLEERD","AI_KENNIS_HERBEOORDEELD","Redactionele AI-indeling; geen HIGH-evidence of menselijke beoordeling."
"LS1000-0087","aanvullende genres","speculatieve fictie","","Aanvullende genres opnieuw inhoudelijk afgewogen; uitsluitend canonieke genres, doelgroep en werkvorm blijven afzonderlijk."
"LS1000-0088","classificatiebasis","AI_KENNIS","AI_KENNIS_HERBEOORDEELD","Redactionele AI-indeling; geen HIGH-evidence of menselijke beoordeling."
"LS1000-0088","aanvullende genres","speculatieve fictie","","Aanvullende genres opnieuw inhoudelijk afgewogen; uitsluitend canonieke genres, doelgroep en werkvorm blijven afzonderlijk."
"LS1000-0089","classificatiebasis","AI_KENNIS","AI_KENNIS_HERBEOORDEELD","Redactionele AI-indeling; geen HIGH-evidence of menselijke beoordeling."
"LS1000-0089","aanvullende genres","speculatieve fictie","","Aanvullende genres opnieuw inhoudelijk afgewogen; uitsluitend canonieke genres, doelgroep en werkvorm blijven afzonderlijk."
"LS1000-0090","hoofdcategorie NL","Fantasy","Sciencefiction","Inhoudelijke AI-herbeoordeling van dit werk; geen auteur-/titelwoordregel."
"LS1000-0090","hoofdcategorie EN","Fantasy","Science Fiction","NL/EN verwijzen naar dezelfde categorie-ID."
"LS1000-0090","classificatiebasis","AI_KENNIS","AI_KENNIS_HERBEOORDEELD","Redactionele AI-indeling; geen HIGH-evidence of menselijke beoordeling."
"LS1000-0090","aanvullende genres","speculatieve fictie","","Aanvullende genres opnieuw inhoudelijk afgewogen; uitsluitend canonieke genres, doelgroep en werkvorm blijven afzonderlijk."
"LS1000-0091","classificatiebasis","AI_KENNIS","AI_KENNIS_HERBEOORDEELD","Redactionele AI-indeling; geen HIGH-evidence of menselijke beoordeling."
"LS1000-0091","aanvullende genres","speculatieve fictie","","Aanvullende genres opnieuw inhoudelijk afgewogen; uitsluitend canonieke genres, doelgroep en werkvorm blijven afzonderlijk."
"LS1000-0092","hoofdcategorie NL","Fantasy","Sciencefiction","Inhoudelijke AI-herbeoordeling van dit werk; geen auteur-/titelwoordregel."
"LS1000-0092","hoofdcategorie EN","Fantasy","Science Fiction","NL/EN verwijzen naar dezelfde categorie-ID."
"LS1000-0092","classificatiebasis","AI_KENNIS","AI_KENNIS_HERBEOORDEELD","Redactionele AI-indeling; geen HIGH-evidence of menselijke beoordeling."
"LS1000-0092","aanvullende genres","speculatieve fictie","","Aanvullende genres opnieuw inhoudelijk afgewogen; uitsluitend canonieke genres, doelgroep en werkvorm blijven afzonderlijk."
"LS1000-0093","classificatiebasis","AI_KENNIS; WEB_GECONTROLEERD","AI_KENNIS_HERBEOORDEELD","Redactionele AI-indeling; geen HIGH-evidence of menselijke beoordeling."
"LS1000-0093","aanvullende genres","urban fantasy","","Aanvullende genres opnieuw inhoudelijk afgewogen; uitsluitend canonieke genres, doelgroep en werkvorm blijven afzonderlijk."
"LS1000-0094","hoofdcategorie NL","Fantasy","Literaire & algemene fictie","Inhoudelijke AI-herbeoordeling van dit werk; geen auteur-/titelwoordregel."
"LS1000-0094","hoofdcategorie EN","Fantasy","Literary & General Fiction","NL/EN verwijzen naar dezelfde categorie-ID."
"LS1000-0094","classificatiebasis","AI_KENNIS","AI_KENNIS_HERBEOORDEELD","Redactionele AI-indeling; geen HIGH-evidence of menselijke beoordeling."
"LS1000-0094","aanvullende genres","coming-of-age; speculatieve fictie","","Aanvullende genres opnieuw inhoudelijk afgewogen; uitsluitend canonieke genres, doelgroep en werkvorm blijven afzonderlijk."
"LS1000-0095","hoofdcategorie NL","Fantasy","Sciencefiction","Inhoudelijke AI-herbeoordeling van dit werk; geen auteur-/titelwoordregel."
"LS1000-0095","hoofdcategorie EN","Fantasy","Science Fiction","NL/EN verwijzen naar dezelfde categorie-ID."
"LS1000-0095","oorspronkelijke publicatiejaar","1936","1938","AI-bibliografische correctie: oorspronkelijke publicatie in plaats van onjuist bron-/editiejaar; geen wijziging bestaand databasejaar."
"LS1000-0095","classificatiebasis","AI_KENNIS","AI_KENNIS_HERBEOORDEELD","Redactionele AI-indeling; geen HIGH-evidence of menselijke beoordeling."
"LS1000-0095","aanvullende genres","speculatieve fictie","","Aanvullende genres opnieuw inhoudelijk afgewogen; uitsluitend canonieke genres, doelgroep en werkvorm blijven afzonderlijk."
"LS1000-0096","oorspronkelijke publicatiejaar","1999","2001","AI-bibliografische correctie: oorspronkelijke publicatie in plaats van onjuist bron-/editiejaar; geen wijziging bestaand databasejaar."
"LS1000-0096","classificatiebasis","AI_KENNIS","AI_KENNIS_HERBEOORDEELD","Redactionele AI-indeling; geen HIGH-evidence of menselijke beoordeling."
"LS1000-0096","aanvullende genres","speculatieve fictie","","Aanvullende genres opnieuw inhoudelijk afgewogen; uitsluitend canonieke genres, doelgroep en werkvorm blijven afzonderlijk."
"LS1000-0097","classificatiebasis","AI_KENNIS; WEB_GECONTROLEERD","AI_KENNIS_HERBEOORDEELD","Redactionele AI-indeling; geen HIGH-evidence of menselijke beoordeling."
"LS1000-0097","aanvullende genres","speculatieve fictie","","Aanvullende genres opnieuw inhoudelijk afgewogen; uitsluitend canonieke genres, doelgroep en werkvorm blijven afzonderlijk."
"LS1000-0098","classificatiebasis","AI_KENNIS","AI_KENNIS_HERBEOORDEELD","Redactionele AI-indeling; geen HIGH-evidence of menselijke beoordeling."
"LS1000-0098","aanvullende genres","speculatieve fictie","Historische fictie","Aanvullende genres opnieuw inhoudelijk afgewogen; uitsluitend canonieke genres, doelgroep en werkvorm blijven afzonderlijk."
"LS1000-0099","hoofdcategorie NL","Fantasy","Sciencefiction","Inhoudelijke AI-herbeoordeling van dit werk; geen auteur-/titelwoordregel."
"LS1000-0099","hoofdcategorie EN","Fantasy","Science Fiction","NL/EN verwijzen naar dezelfde categorie-ID."
"LS1000-0099","classificatiebasis","AI_KENNIS","AI_KENNIS_HERBEOORDEELD","Redactionele AI-indeling; geen HIGH-evidence of menselijke beoordeling."
"LS1000-0099","aanvullende genres","speculatieve fictie","","Aanvullende genres opnieuw inhoudelijk afgewogen; uitsluitend canonieke genres, doelgroep en werkvorm blijven afzonderlijk."
"LS1000-0100","classificatiebasis","AI_KENNIS","AI_KENNIS_HERBEOORDEELD","Redactionele AI-indeling; geen HIGH-evidence of menselijke beoordeling."
"LS1000-0100","aanvullende genres","coming-of-age; speculatieve fictie","","Aanvullende genres opnieuw inhoudelijk afgewogen; uitsluitend canonieke genres, doelgroep en werkvorm blijven afzonderlijk."
"LS1000-0101","classificatiebasis","AI_KENNIS","AI_KENNIS_HERBEOORDEELD","Redactionele AI-indeling; geen HIGH-evidence of menselijke beoordeling."
"LS1000-0101","aanvullende genres","coming-of-age; speculatieve fictie","","Aanvullende genres opnieuw inhoudelijk afgewogen; uitsluitend canonieke genres, doelgroep en werkvorm blijven afzonderlijk."
"LS1000-0102","hoofdcategorie NL","Fantasy","Sciencefiction","Inhoudelijke AI-herbeoordeling van dit werk; geen auteur-/titelwoordregel."
"LS1000-0102","hoofdcategorie EN","Fantasy","Science Fiction","NL/EN verwijzen naar dezelfde categorie-ID."
"LS1000-0102","oorspronkelijke publicatiejaar","2011","2012","AI-bibliografische correctie: oorspronkelijke publicatie in plaats van onjuist bron-/editiejaar; geen wijziging bestaand databasejaar."
"LS1000-0102","classificatiebasis","AI_KENNIS","AI_KENNIS_HERBEOORDEELD","Redactionele AI-indeling; geen HIGH-evidence of menselijke beoordeling."
"LS1000-0102","aanvullende genres","speculatieve fictie","","Aanvullende genres opnieuw inhoudelijk afgewogen; uitsluitend canonieke genres, doelgroep en werkvorm blijven afzonderlijk."
"LS1000-0103","classificatiebasis","AI_KENNIS","AI_KENNIS_HERBEOORDEELD","Redactionele AI-indeling; geen HIGH-evidence of menselijke beoordeling."
"LS1000-0103","aanvullende genres","speculatieve fictie","","Aanvullende genres opnieuw inhoudelijk afgewogen; uitsluitend canonieke genres, doelgroep en werkvorm blijven afzonderlijk."
"LS1000-0104","hoofdcategorie NL","Fantasy","Literaire & algemene fictie","Inhoudelijke AI-herbeoordeling van dit werk; geen auteur-/titelwoordregel."
"LS1000-0104","hoofdcategorie EN","Fantasy","Literary & General Fiction","NL/EN verwijzen naar dezelfde categorie-ID."
"LS1000-0104","classificatiebasis","AI_KENNIS","AI_KENNIS_HERBEOORDEELD","Redactionele AI-indeling; geen HIGH-evidence of menselijke beoordeling."
"LS1000-0104","aanvullende genres","coming-of-age; speculatieve fictie","","Aanvullende genres opnieuw inhoudelijk afgewogen; uitsluitend canonieke genres, doelgroep en werkvorm blijven afzonderlijk."
"LS1000-0105","hoofdcategorie NL","Fantasy","Detectives & misdaadfictie","Inhoudelijke AI-herbeoordeling van dit werk; geen auteur-/titelwoordregel."
"LS1000-0105","hoofdcategorie EN","Fantasy","Mystery & Crime Fiction","NL/EN verwijzen naar dezelfde categorie-ID."
"LS1000-0105","oorspronkelijke publicatiejaar","1994","1966","AI-bibliografische correctie: oorspronkelijke publicatie in plaats van onjuist bron-/editiejaar; geen wijziging bestaand databasejaar."
"LS1000-0105","classificatiebasis","AI_KENNIS","AI_KENNIS + GERICHTE_BRONCONTROLE","Redactionele AI-indeling; geen HIGH-evidence of menselijke beoordeling."
"LS1000-0105","aanvullende genres","coming-of-age; speculatieve fictie","","Aanvullende genres opnieuw inhoudelijk afgewogen; uitsluitend canonieke genres, doelgroep en werkvorm blijven afzonderlijk."
"LS1000-0106","classificatiebasis","AI_KENNIS","AI_KENNIS_HERBEOORDEELD","Redactionele AI-indeling; geen HIGH-evidence of menselijke beoordeling."
"LS1000-0106","aanvullende genres","speculatieve fictie","","Aanvullende genres opnieuw inhoudelijk afgewogen; uitsluitend canonieke genres, doelgroep en werkvorm blijven afzonderlijk."
"LS1000-0107","hoofdcategorie NL","Fantasy","Sciencefiction","Inhoudelijke AI-herbeoordeling van dit werk; geen auteur-/titelwoordregel."
"LS1000-0107","hoofdcategorie EN","Fantasy","Science Fiction","NL/EN verwijzen naar dezelfde categorie-ID."
"LS1000-0107","classificatiebasis","AI_KENNIS","AI_KENNIS_HERBEOORDEELD","Redactionele AI-indeling; geen HIGH-evidence of menselijke beoordeling."
"LS1000-0107","aanvullende genres","speculatieve fictie","","Aanvullende genres opnieuw inhoudelijk afgewogen; uitsluitend canonieke genres, doelgroep en werkvorm blijven afzonderlijk."
"LS1000-0108","hoofdcategorie NL","Fantasy","Sciencefiction","Inhoudelijke AI-herbeoordeling van dit werk; geen auteur-/titelwoordregel."
"LS1000-0108","hoofdcategorie EN","Fantasy","Science Fiction","NL/EN verwijzen naar dezelfde categorie-ID."
"LS1000-0108","classificatiebasis","AI_KENNIS; WEB_GECONTROLEERD","AI_KENNIS_HERBEOORDEELD","Redactionele AI-indeling; geen HIGH-evidence of menselijke beoordeling."
"LS1000-0108","aanvullende genres","speculatieve fictie","Fantasy","Aanvullende genres opnieuw inhoudelijk afgewogen; uitsluitend canonieke genres, doelgroep en werkvorm blijven afzonderlijk."
"LS1000-0109","hoofdcategorie NL","Fantasy","Sciencefiction","Inhoudelijke AI-herbeoordeling van dit werk; geen auteur-/titelwoordregel."
"LS1000-0109","hoofdcategorie EN","Fantasy","Science Fiction","NL/EN verwijzen naar dezelfde categorie-ID."
"LS1000-0109","classificatiebasis","AI_KENNIS","AI_KENNIS_HERBEOORDEELD","Redactionele AI-indeling; geen HIGH-evidence of menselijke beoordeling."
"LS1000-0109","aanvullende genres","speculatieve fictie","","Aanvullende genres opnieuw inhoudelijk afgewogen; uitsluitend canonieke genres, doelgroep en werkvorm blijven afzonderlijk."
"LS1000-0110","classificatiebasis","AI_KENNIS","AI_KENNIS_HERBEOORDEELD","Redactionele AI-indeling; geen HIGH-evidence of menselijke beoordeling."
"LS1000-0110","aanvullende genres","speculatieve fictie","","Aanvullende genres opnieuw inhoudelijk afgewogen; uitsluitend canonieke genres, doelgroep en werkvorm blijven afzonderlijk."
"LS1000-0111","classificatiebasis","AI_KENNIS","AI_KENNIS + GERICHTE_BRONCONTROLE","Redactionele AI-indeling; geen HIGH-evidence of menselijke beoordeling."
"LS1000-0111","aanvullende genres","speculatieve fictie","","Aanvullende genres opnieuw inhoudelijk afgewogen; uitsluitend canonieke genres, doelgroep en werkvorm blijven afzonderlijk."
"LS1000-0112","oorspronkelijke publicatiejaar","2000","2002","AI-bibliografische correctie: oorspronkelijke publicatie in plaats van onjuist bron-/editiejaar; geen wijziging bestaand databasejaar."
"LS1000-0112","classificatiebasis","AI_KENNIS","AI_KENNIS_HERBEOORDEELD","Redactionele AI-indeling; geen HIGH-evidence of menselijke beoordeling."
"LS1000-0112","aanvullende genres","speculatieve fictie","","Aanvullende genres opnieuw inhoudelijk afgewogen; uitsluitend canonieke genres, doelgroep en werkvorm blijven afzonderlijk."
"LS1000-0113","classificatiebasis","AI_KENNIS","AI_KENNIS_HERBEOORDEELD","Redactionele AI-indeling; geen HIGH-evidence of menselijke beoordeling."
"LS1000-0113","aanvullende genres","speculatieve fictie","","Aanvullende genres opnieuw inhoudelijk afgewogen; uitsluitend canonieke genres, doelgroep en werkvorm blijven afzonderlijk."
"LS1000-0114","hoofdcategorie NL","Fantasy","Sciencefiction","Inhoudelijke AI-herbeoordeling van dit werk; geen auteur-/titelwoordregel."
"LS1000-0114","hoofdcategorie EN","Fantasy","Science Fiction","NL/EN verwijzen naar dezelfde categorie-ID."
"LS1000-0114","classificatiebasis","AI_KENNIS","AI_KENNIS_HERBEOORDEELD","Redactionele AI-indeling; geen HIGH-evidence of menselijke beoordeling."
"LS1000-0114","aanvullende genres","speculatieve fictie","","Aanvullende genres opnieuw inhoudelijk afgewogen; uitsluitend canonieke genres, doelgroep en werkvorm blijven afzonderlijk."
"LS1000-0115","hoofdcategorie NL","Fantasy","Sciencefiction","Inhoudelijke AI-herbeoordeling van dit werk; geen auteur-/titelwoordregel."
"LS1000-0115","hoofdcategorie EN","Fantasy","Science Fiction","NL/EN verwijzen naar dezelfde categorie-ID."
"LS1000-0115","classificatiebasis","AI_KENNIS","AI_KENNIS_HERBEOORDEELD","Redactionele AI-indeling; geen HIGH-evidence of menselijke beoordeling."
"LS1000-0115","aanvullende genres","speculatieve fictie","","Aanvullende genres opnieuw inhoudelijk afgewogen; uitsluitend canonieke genres, doelgroep en werkvorm blijven afzonderlijk."
"LS1000-0116","hoofdcategorie NL","Fantasy","Sciencefiction","Inhoudelijke AI-herbeoordeling van dit werk; geen auteur-/titelwoordregel."
"LS1000-0116","hoofdcategorie EN","Fantasy","Science Fiction","NL/EN verwijzen naar dezelfde categorie-ID."
"LS1000-0116","classificatiebasis","AI_KENNIS","AI_KENNIS_HERBEOORDEELD","Redactionele AI-indeling; geen HIGH-evidence of menselijke beoordeling."
"LS1000-0116","aanvullende genres","speculatieve fictie","","Aanvullende genres opnieuw inhoudelijk afgewogen; uitsluitend canonieke genres, doelgroep en werkvorm blijven afzonderlijk."
"LS1000-0117","classificatiebasis","AI_KENNIS; WEB_GECONTROLEERD","AI_KENNIS_HERBEOORDEELD","Redactionele AI-indeling; geen HIGH-evidence of menselijke beoordeling."
"LS1000-0117","aanvullende genres","speculatieve fictie","","Aanvullende genres opnieuw inhoudelijk afgewogen; uitsluitend canonieke genres, doelgroep en werkvorm blijven afzonderlijk."
"LS1000-0118","classificatiebasis","AI_KENNIS","AI_KENNIS_HERBEOORDEELD","Redactionele AI-indeling; geen HIGH-evidence of menselijke beoordeling."
"LS1000-0118","aanvullende genres","coming-of-age; speculatieve fictie","","Aanvullende genres opnieuw inhoudelijk afgewogen; uitsluitend canonieke genres, doelgroep en werkvorm blijven afzonderlijk."
"LS1000-0119","classificatiebasis","AI_KENNIS; WEB_GECONTROLEERD","AI_KENNIS_HERBEOORDEELD","Redactionele AI-indeling; geen HIGH-evidence of menselijke beoordeling."
"LS1000-0119","aanvullende genres","speculatieve fictie","","Aanvullende genres opnieuw inhoudelijk afgewogen; uitsluitend canonieke genres, doelgroep en werkvorm blijven afzonderlijk."
"LS1000-0120","classificatiebasis","AI_KENNIS; WEB_GECONTROLEERD","AI_KENNIS_HERBEOORDEELD","Redactionele AI-indeling; geen HIGH-evidence of menselijke beoordeling."
"LS1000-0120","aanvullende genres","speculatieve fictie","","Aanvullende genres opnieuw inhoudelijk afgewogen; uitsluitend canonieke genres, doelgroep en werkvorm blijven afzonderlijk."
"LS1000-0121","classificatiebasis","AI_KENNIS","AI_KENNIS_HERBEOORDEELD","Redactionele AI-indeling; geen HIGH-evidence of menselijke beoordeling."
"LS1000-0121","aanvullende genres","speculatieve fictie","","Aanvullende genres opnieuw inhoudelijk afgewogen; uitsluitend canonieke genres, doelgroep en werkvorm blijven afzonderlijk."
"LS1000-0122","hoofdcategorie NL","Fantasy","Sciencefiction","Inhoudelijke AI-herbeoordeling van dit werk; geen auteur-/titelwoordregel."
"LS1000-0122","hoofdcategorie EN","Fantasy","Science Fiction","NL/EN verwijzen naar dezelfde categorie-ID."
"LS1000-0122","classificatiebasis","AI_KENNIS","AI_KENNIS_HERBEOORDEELD","Redactionele AI-indeling; geen HIGH-evidence of menselijke beoordeling."
"LS1000-0122","aanvullende genres","speculatieve fictie","","Aanvullende genres opnieuw inhoudelijk afgewogen; uitsluitend canonieke genres, doelgroep en werkvorm blijven afzonderlijk."
"LS1000-0123","classificatiebasis","AI_KENNIS","AI_KENNIS_HERBEOORDEELD","Redactionele AI-indeling; geen HIGH-evidence of menselijke beoordeling."
"LS1000-0123","aanvullende genres","speculatieve fictie","","Aanvullende genres opnieuw inhoudelijk afgewogen; uitsluitend canonieke genres, doelgroep en werkvorm blijven afzonderlijk."
"LS1000-0124","classificatiebasis","AI_KENNIS","AI_KENNIS_HERBEOORDEELD","Redactionele AI-indeling; geen HIGH-evidence of menselijke beoordeling."
"LS1000-0124","aanvullende genres","speculatieve fictie","","Aanvullende genres opnieuw inhoudelijk afgewogen; uitsluitend canonieke genres, doelgroep en werkvorm blijven afzonderlijk."
"LS1000-0125","hoofdcategorie NL","Fantasy","Literaire & algemene fictie","Canoniek categoriemodel en stabiele NL/EN-labels."
"LS1000-0125","hoofdcategorie EN","Fantasy","Literary & General Fiction","NL/EN verwijzen naar dezelfde categorie-ID."
"LS1000-0125","classificatiebasis","AI_KENNIS","AI_KENNIS + GERICHTE_BRONCONTROLE","Redactionele AI-indeling; geen HIGH-evidence of menselijke beoordeling."
"LS1000-0125","aanvullende genres","speculatieve fictie","","Aanvullende genres opnieuw inhoudelijk afgewogen; uitsluitend canonieke genres, doelgroep en werkvorm blijven afzonderlijk."
"LS1000-0126","hoofdcategorie NL","Fantasy","Sciencefiction","Inhoudelijke AI-herbeoordeling van dit werk; geen auteur-/titelwoordregel."
"LS1000-0126","hoofdcategorie EN","Fantasy","Science Fiction","NL/EN verwijzen naar dezelfde categorie-ID."
"LS1000-0126","classificatiebasis","AI_KENNIS","AI_KENNIS_HERBEOORDEELD","Redactionele AI-indeling; geen HIGH-evidence of menselijke beoordeling."
"LS1000-0126","aanvullende genres","speculatieve fictie","Historische fictie","Aanvullende genres opnieuw inhoudelijk afgewogen; uitsluitend canonieke genres, doelgroep en werkvorm blijven afzonderlijk."
"LS1000-0127","classificatiebasis","AI_KENNIS","AI_KENNIS_HERBEOORDEELD","Redactionele AI-indeling; geen HIGH-evidence of menselijke beoordeling."
"LS1000-0127","aanvullende genres","coming-of-age; speculatieve fictie","","Aanvullende genres opnieuw inhoudelijk afgewogen; uitsluitend canonieke genres, doelgroep en werkvorm blijven afzonderlijk."
"LS1000-0128","hoofdcategorie NL","Fantasy","Sciencefiction","Inhoudelijke AI-herbeoordeling van dit werk; geen auteur-/titelwoordregel."
"LS1000-0128","hoofdcategorie EN","Fantasy","Science Fiction","NL/EN verwijzen naar dezelfde categorie-ID."
"LS1000-0128","classificatiebasis","AI_KENNIS","AI_KENNIS_HERBEOORDEELD","Redactionele AI-indeling; geen HIGH-evidence of menselijke beoordeling."
"LS1000-0128","aanvullende genres","speculatieve fictie","","Aanvullende genres opnieuw inhoudelijk afgewogen; uitsluitend canonieke genres, doelgroep en werkvorm blijven afzonderlijk."
"LS1000-0129","hoofdcategorie NL","Fantasy","Biografie & memoires","Inhoudelijke AI-herbeoordeling van dit werk; geen auteur-/titelwoordregel."
"LS1000-0129","hoofdcategorie EN","Fantasy","Biography & Memoir","NL/EN verwijzen naar dezelfde categorie-ID."
"LS1000-0129","oorspronkelijke publicatiejaar","1955","1956","1956 Jiddische oorspronkelijke versie; Franse La Nuit 1958. Niet het ontstaan in 1955."
"LS1000-0129","classificatiebasis","AI_KENNIS","AI_KENNIS_HERBEOORDEELD","Redactionele AI-indeling; geen HIGH-evidence of menselijke beoordeling."
"LS1000-0129","aanvullende genres","speculatieve fictie","","Aanvullende genres opnieuw inhoudelijk afgewogen; uitsluitend canonieke genres, doelgroep en werkvorm blijven afzonderlijk."
"LS1000-0130","hoofdcategorie NL","Fantasy","Literaire & algemene fictie","Inhoudelijke AI-herbeoordeling van dit werk; geen auteur-/titelwoordregel."
"LS1000-0130","hoofdcategorie EN","Fantasy","Literary & General Fiction","NL/EN verwijzen naar dezelfde categorie-ID."
"LS1000-0130","classificatiebasis","AI_KENNIS","AI_KENNIS_HERBEOORDEELD","Redactionele AI-indeling; geen HIGH-evidence of menselijke beoordeling."
"LS1000-0130","aanvullende genres","speculatieve fictie","","Aanvullende genres opnieuw inhoudelijk afgewogen; uitsluitend canonieke genres, doelgroep en werkvorm blijven afzonderlijk."
"LS1000-0131","hoofdcategorie NL","Fantasy","Sciencefiction","Inhoudelijke AI-herbeoordeling van dit werk; geen auteur-/titelwoordregel."
"LS1000-0131","hoofdcategorie EN","Fantasy","Science Fiction","NL/EN verwijzen naar dezelfde categorie-ID."
"LS1000-0131","classificatiebasis","AI_KENNIS","AI_KENNIS_HERBEOORDEELD","Redactionele AI-indeling; geen HIGH-evidence of menselijke beoordeling."
"LS1000-0131","aanvullende genres","speculatieve fictie","","Aanvullende genres opnieuw inhoudelijk afgewogen; uitsluitend canonieke genres, doelgroep en werkvorm blijven afzonderlijk."
"LS1000-0132","hoofdcategorie NL","Fantasy","Sciencefiction","Inhoudelijke AI-herbeoordeling van dit werk; geen auteur-/titelwoordregel."
"LS1000-0132","hoofdcategorie EN","Fantasy","Science Fiction","NL/EN verwijzen naar dezelfde categorie-ID."
"LS1000-0132","classificatiebasis","AI_KENNIS","AI_KENNIS_HERBEOORDEELD","Redactionele AI-indeling; geen HIGH-evidence of menselijke beoordeling."
"LS1000-0132","aanvullende genres","speculatieve fictie","","Aanvullende genres opnieuw inhoudelijk afgewogen; uitsluitend canonieke genres, doelgroep en werkvorm blijven afzonderlijk."
"LS1000-0133","beschikbare ISBN- of Work-identifiers","Open Library Work: OL45846W; ISBN-13: 9781405876760","Open Library Work: OL45846W","Ongeldige ISBN-checksum verwijderd; oorspronkelijke waarde: 9781405876760"
"LS1000-0133","classificatiebasis","AI_KENNIS","AI_KENNIS_HERBEOORDEELD","Redactionele AI-indeling; geen HIGH-evidence of menselijke beoordeling."
"LS1000-0133","aanvullende genres","coming-of-age; speculatieve fictie","","Aanvullende genres opnieuw inhoudelijk afgewogen; uitsluitend canonieke genres, doelgroep en werkvorm blijven afzonderlijk."
"LS1000-0134","hoofdcategorie NL","Fantasy","Literaire & algemene fictie","Inhoudelijke AI-herbeoordeling van dit werk; geen auteur-/titelwoordregel."
"LS1000-0134","hoofdcategorie EN","Fantasy","Literary & General Fiction","NL/EN verwijzen naar dezelfde categorie-ID."
"LS1000-0134","classificatiebasis","AI_KENNIS","AI_KENNIS_HERBEOORDEELD","Redactionele AI-indeling; geen HIGH-evidence of menselijke beoordeling."
"LS1000-0134","aanvullende genres","speculatieve fictie","","Aanvullende genres opnieuw inhoudelijk afgewogen; uitsluitend canonieke genres, doelgroep en werkvorm blijven afzonderlijk."
"LS1000-0135","classificatiebasis","AI_KENNIS; WEB_GECONTROLEERD","AI_KENNIS_HERBEOORDEELD","Redactionele AI-indeling; geen HIGH-evidence of menselijke beoordeling."
"LS1000-0135","aanvullende genres","speculatieve fictie","","Aanvullende genres opnieuw inhoudelijk afgewogen; uitsluitend canonieke genres, doelgroep en werkvorm blijven afzonderlijk."
"LS1000-0136","hoofdcategorie NL","Fantasy","Sciencefiction","Inhoudelijke AI-herbeoordeling van dit werk; geen auteur-/titelwoordregel."
"LS1000-0136","hoofdcategorie EN","Fantasy","Science Fiction","NL/EN verwijzen naar dezelfde categorie-ID."
"LS1000-0136","classificatiebasis","AI_KENNIS; WEB_GECONTROLEERD","AI_KENNIS_HERBEOORDEELD","Redactionele AI-indeling; geen HIGH-evidence of menselijke beoordeling."
"LS1000-0136","aanvullende genres","speculatieve fictie","","Aanvullende genres opnieuw inhoudelijk afgewogen; uitsluitend canonieke genres, doelgroep en werkvorm blijven afzonderlijk."
"LS1000-0137","classificatiebasis","AI_KENNIS; WEB_GECONTROLEERD","AI_KENNIS_HERBEOORDEELD","Redactionele AI-indeling; geen HIGH-evidence of menselijke beoordeling."
"LS1000-0137","aanvullende genres","speculatieve fictie","","Aanvullende genres opnieuw inhoudelijk afgewogen; uitsluitend canonieke genres, doelgroep en werkvorm blijven afzonderlijk."
"LS1000-0138","classificatiebasis","AI_KENNIS; WEB_GECONTROLEERD","AI_KENNIS_HERBEOORDEELD","Redactionele AI-indeling; geen HIGH-evidence of menselijke beoordeling."
"LS1000-0138","aanvullende genres","speculatieve fictie","","Aanvullende genres opnieuw inhoudelijk afgewogen; uitsluitend canonieke genres, doelgroep en werkvorm blijven afzonderlijk."
"LS1000-0139","hoofdcategorie NL","Fantasy","Sciencefiction","Inhoudelijke AI-herbeoordeling van dit werk; geen auteur-/titelwoordregel."
"LS1000-0139","hoofdcategorie EN","Fantasy","Science Fiction","NL/EN verwijzen naar dezelfde categorie-ID."
"LS1000-0139","classificatiebasis","AI_KENNIS","AI_KENNIS_HERBEOORDEELD","Redactionele AI-indeling; geen HIGH-evidence of menselijke beoordeling."
"LS1000-0139","aanvullende genres","speculatieve fictie","","Aanvullende genres opnieuw inhoudelijk afgewogen; uitsluitend canonieke genres, doelgroep en werkvorm blijven afzonderlijk."
"LS1000-0140","classificatiebasis","AI_KENNIS","AI_KENNIS_HERBEOORDEELD","Redactionele AI-indeling; geen HIGH-evidence of menselijke beoordeling."
"LS1000-0140","aanvullende genres","speculatieve fictie","","Aanvullende genres opnieuw inhoudelijk afgewogen; uitsluitend canonieke genres, doelgroep en werkvorm blijven afzonderlijk."
"LS1000-0141","hoofdcategorie NL","Fantasy","Sciencefiction","Inhoudelijke AI-herbeoordeling van dit werk; geen auteur-/titelwoordregel."
"LS1000-0141","hoofdcategorie EN","Fantasy","Science Fiction","NL/EN verwijzen naar dezelfde categorie-ID."
"LS1000-0141","classificatiebasis","AI_KENNIS","AI_KENNIS_HERBEOORDEELD","Redactionele AI-indeling; geen HIGH-evidence of menselijke beoordeling."
"LS1000-0141","aanvullende genres","speculatieve fictie","","Aanvullende genres opnieuw inhoudelijk afgewogen; uitsluitend canonieke genres, doelgroep en werkvorm blijven afzonderlijk."
"LS1000-0142","classificatiebasis","AI_KENNIS; WEB_GECONTROLEERD","AI_KENNIS_HERBEOORDEELD","Redactionele AI-indeling; geen HIGH-evidence of menselijke beoordeling."
"LS1000-0142","aanvullende genres","speculatieve fictie","","Aanvullende genres opnieuw inhoudelijk afgewogen; uitsluitend canonieke genres, doelgroep en werkvorm blijven afzonderlijk."
"LS1000-0143","hoofdcategorie NL","Fantasy","Sciencefiction","Inhoudelijke AI-herbeoordeling van dit werk; geen auteur-/titelwoordregel."
"LS1000-0143","hoofdcategorie EN","Fantasy","Science Fiction","NL/EN verwijzen naar dezelfde categorie-ID."
"LS1000-0143","oorspronkelijke publicatiejaar","1956","1969","AI-bibliografische correctie: oorspronkelijke publicatie in plaats van onjuist bron-/editiejaar; geen wijziging bestaand databasejaar."
"LS1000-0143","classificatiebasis","AI_KENNIS","AI_KENNIS_HERBEOORDEELD","Redactionele AI-indeling; geen HIGH-evidence of menselijke beoordeling."
"LS1000-0143","aanvullende genres","speculatieve fictie","Literaire & algemene fictie","Aanvullende genres opnieuw inhoudelijk afgewogen; uitsluitend canonieke genres, doelgroep en werkvorm blijven afzonderlijk."
"LS1000-0144","hoofdcategorie NL","Fantasy","Sciencefiction","Inhoudelijke AI-herbeoordeling van dit werk; geen auteur-/titelwoordregel."
"LS1000-0144","hoofdcategorie EN","Fantasy","Science Fiction","NL/EN verwijzen naar dezelfde categorie-ID."
"LS1000-0144","classificatiebasis","AI_KENNIS","AI_KENNIS_HERBEOORDEELD","Redactionele AI-indeling; geen HIGH-evidence of menselijke beoordeling."
"LS1000-0144","aanvullende genres","speculatieve fictie","","Aanvullende genres opnieuw inhoudelijk afgewogen; uitsluitend canonieke genres, doelgroep en werkvorm blijven afzonderlijk."
"LS1000-0145","hoofdcategorie NL","Fantasy","Sciencefiction","Inhoudelijke AI-herbeoordeling van dit werk; geen auteur-/titelwoordregel."
"LS1000-0145","hoofdcategorie EN","Fantasy","Science Fiction","NL/EN verwijzen naar dezelfde categorie-ID."
"LS1000-0145","classificatiebasis","AI_KENNIS","AI_KENNIS_HERBEOORDEELD","Redactionele AI-indeling; geen HIGH-evidence of menselijke beoordeling."
"LS1000-0145","aanvullende genres","speculatieve fictie","","Aanvullende genres opnieuw inhoudelijk afgewogen; uitsluitend canonieke genres, doelgroep en werkvorm blijven afzonderlijk."
"LS1000-0146","classificatiebasis","AI_KENNIS; WEB_GECONTROLEERD","AI_KENNIS_HERBEOORDEELD","Redactionele AI-indeling; geen HIGH-evidence of menselijke beoordeling."
"LS1000-0146","aanvullende genres","speculatieve fictie","","Aanvullende genres opnieuw inhoudelijk afgewogen; uitsluitend canonieke genres, doelgroep en werkvorm blijven afzonderlijk."
"LS1000-0147","classificatiebasis","AI_KENNIS","AI_KENNIS_HERBEOORDEELD","Redactionele AI-indeling; geen HIGH-evidence of menselijke beoordeling."
"LS1000-0147","aanvullende genres","speculatieve fictie","","Aanvullende genres opnieuw inhoudelijk afgewogen; uitsluitend canonieke genres, doelgroep en werkvorm blijven afzonderlijk."
"LS1000-0148","classificatiebasis","AI_KENNIS","AI_KENNIS_HERBEOORDEELD","Redactionele AI-indeling; geen HIGH-evidence of menselijke beoordeling."
"LS1000-0148","aanvullende genres","speculatieve fictie","","Aanvullende genres opnieuw inhoudelijk afgewogen; uitsluitend canonieke genres, doelgroep en werkvorm blijven afzonderlijk."
"LS1000-0149","classificatiebasis","AI_KENNIS; WEB_GECONTROLEERD","AI_KENNIS_HERBEOORDEELD","Redactionele AI-indeling; geen HIGH-evidence of menselijke beoordeling."
"LS1000-0149","aanvullende genres","speculatieve fictie","","Aanvullende genres opnieuw inhoudelijk afgewogen; uitsluitend canonieke genres, doelgroep en werkvorm blijven afzonderlijk."
"LS1000-0150","hoofdcategorie NL","Fantasy","Sciencefiction","Inhoudelijke AI-herbeoordeling van dit werk; geen auteur-/titelwoordregel."
"LS1000-0150","hoofdcategorie EN","Fantasy","Science Fiction","NL/EN verwijzen naar dezelfde categorie-ID."
"LS1000-0150","classificatiebasis","AI_KENNIS; WEB_GECONTROLEERD","AI_KENNIS_HERBEOORDEELD","Redactionele AI-indeling; geen HIGH-evidence of menselijke beoordeling."
"LS1000-0150","aanvullende genres","speculatieve fictie","Fantasy","Aanvullende genres opnieuw inhoudelijk afgewogen; uitsluitend canonieke genres, doelgroep en werkvorm blijven afzonderlijk."
"LS1000-0151","hoofdcategorie NL","Fantasy","Sciencefiction","Inhoudelijke AI-herbeoordeling van dit werk; geen auteur-/titelwoordregel."
"LS1000-0151","hoofdcategorie EN","Fantasy","Science Fiction","NL/EN verwijzen naar dezelfde categorie-ID."
"LS1000-0151","classificatiebasis","AI_KENNIS","AI_KENNIS_HERBEOORDEELD","Redactionele AI-indeling; geen HIGH-evidence of menselijke beoordeling."
"LS1000-0151","aanvullende genres","speculatieve fictie","","Aanvullende genres opnieuw inhoudelijk afgewogen; uitsluitend canonieke genres, doelgroep en werkvorm blijven afzonderlijk."
"LS1000-0152","classificatiebasis","AI_KENNIS; WEB_GECONTROLEERD","AI_KENNIS_HERBEOORDEELD","Redactionele AI-indeling; geen HIGH-evidence of menselijke beoordeling."
"LS1000-0152","aanvullende genres","speculatieve fictie","","Aanvullende genres opnieuw inhoudelijk afgewogen; uitsluitend canonieke genres, doelgroep en werkvorm blijven afzonderlijk."
"LS1000-0153","classificatiebasis","AI_KENNIS; WEB_GECONTROLEERD","AI_KENNIS_HERBEOORDEELD","Redactionele AI-indeling; geen HIGH-evidence of menselijke beoordeling."
"LS1000-0153","aanvullende genres","speculatieve fictie","","Aanvullende genres opnieuw inhoudelijk afgewogen; uitsluitend canonieke genres, doelgroep en werkvorm blijven afzonderlijk."
"LS1000-0154","classificatiebasis","AI_KENNIS; WEB_GECONTROLEERD","AI_KENNIS_HERBEOORDEELD","Redactionele AI-indeling; geen HIGH-evidence of menselijke beoordeling."
"LS1000-0154","aanvullende genres","speculatieve fictie","","Aanvullende genres opnieuw inhoudelijk afgewogen; uitsluitend canonieke genres, doelgroep en werkvorm blijven afzonderlijk."
"LS1000-0155","classificatiebasis","AI_KENNIS; WEB_GECONTROLEERD","AI_KENNIS_HERBEOORDEELD","Redactionele AI-indeling; geen HIGH-evidence of menselijke beoordeling."
"LS1000-0155","aanvullende genres","speculatieve fictie","","Aanvullende genres opnieuw inhoudelijk afgewogen; uitsluitend canonieke genres, doelgroep en werkvorm blijven afzonderlijk."
"LS1000-0156","classificatiebasis","AI_KENNIS; WEB_GECONTROLEERD","AI_KENNIS_HERBEOORDEELD","Redactionele AI-indeling; geen HIGH-evidence of menselijke beoordeling."
"LS1000-0156","aanvullende genres","speculatieve fictie","","Aanvullende genres opnieuw inhoudelijk afgewogen; uitsluitend canonieke genres, doelgroep en werkvorm blijven afzonderlijk."
"LS1000-0157","classificatiebasis","AI_KENNIS","AI_KENNIS_HERBEOORDEELD","Redactionele AI-indeling; geen HIGH-evidence of menselijke beoordeling."
"LS1000-0157","aanvullende genres","speculatieve fictie","","Aanvullende genres opnieuw inhoudelijk afgewogen; uitsluitend canonieke genres, doelgroep en werkvorm blijven afzonderlijk."
"LS1000-0158","classificatiebasis","AI_KENNIS","AI_KENNIS_HERBEOORDEELD","Redactionele AI-indeling; geen HIGH-evidence of menselijke beoordeling."
"LS1000-0158","aanvullende genres","speculatieve fictie","","Aanvullende genres opnieuw inhoudelijk afgewogen; uitsluitend canonieke genres, doelgroep en werkvorm blijven afzonderlijk."
"LS1000-0159","oorspronkelijke publicatiejaar","1976","1982","AI-bibliografische correctie: oorspronkelijke publicatie in plaats van onjuist bron-/editiejaar; geen wijziging bestaand databasejaar."
"LS1000-0159","classificatiebasis","AI_KENNIS; WEB_GECONTROLEERD","AI_KENNIS_HERBEOORDEELD","Redactionele AI-indeling; geen HIGH-evidence of menselijke beoordeling."
"LS1000-0159","aanvullende genres","speculatieve fictie","","Aanvullende genres opnieuw inhoudelijk afgewogen; uitsluitend canonieke genres, doelgroep en werkvorm blijven afzonderlijk."
"LS1000-0160","hoofdcategorie NL","Fantasy","Sciencefiction","Inhoudelijke AI-herbeoordeling van dit werk; geen auteur-/titelwoordregel."
"LS1000-0160","hoofdcategorie EN","Fantasy","Science Fiction","NL/EN verwijzen naar dezelfde categorie-ID."
"LS1000-0160","classificatiebasis","AI_KENNIS","AI_KENNIS_HERBEOORDEELD","Redactionele AI-indeling; geen HIGH-evidence of menselijke beoordeling."
"LS1000-0160","aanvullende genres","speculatieve fictie","","Aanvullende genres opnieuw inhoudelijk afgewogen; uitsluitend canonieke genres, doelgroep en werkvorm blijven afzonderlijk."
"LS1000-0161","oorspronkelijke publicatiejaar","2015","2020","AI-bibliografische correctie: oorspronkelijke publicatie in plaats van onjuist bron-/editiejaar; geen wijziging bestaand databasejaar."
"LS1000-0161","classificatiebasis","AI_KENNIS","AI_KENNIS_HERBEOORDEELD","Redactionele AI-indeling; geen HIGH-evidence of menselijke beoordeling."
"LS1000-0161","aanvullende genres","speculatieve fictie","","Aanvullende genres opnieuw inhoudelijk afgewogen; uitsluitend canonieke genres, doelgroep en werkvorm blijven afzonderlijk."
"LS1000-0162","classificatiebasis","AI_KENNIS","AI_KENNIS_HERBEOORDEELD","Redactionele AI-indeling; geen HIGH-evidence of menselijke beoordeling."
"LS1000-0162","aanvullende genres","speculatieve fictie","","Aanvullende genres opnieuw inhoudelijk afgewogen; uitsluitend canonieke genres, doelgroep en werkvorm blijven afzonderlijk."
"LS1000-0163","hoofdcategorie NL","Fantasy","Sciencefiction","Inhoudelijke AI-herbeoordeling van dit werk; geen auteur-/titelwoordregel."
"LS1000-0163","hoofdcategorie EN","Fantasy","Science Fiction","NL/EN verwijzen naar dezelfde categorie-ID."
"LS1000-0163","classificatiebasis","AI_KENNIS","AI_KENNIS_HERBEOORDEELD","Redactionele AI-indeling; geen HIGH-evidence of menselijke beoordeling."
"LS1000-0163","aanvullende genres","speculatieve fictie","","Aanvullende genres opnieuw inhoudelijk afgewogen; uitsluitend canonieke genres, doelgroep en werkvorm blijven afzonderlijk."
"LS1000-0164","oorspronkelijke publicatiejaar","2001","2006","AI-bibliografische correctie: oorspronkelijke publicatie in plaats van onjuist bron-/editiejaar; geen wijziging bestaand databasejaar."
"LS1000-0164","classificatiebasis","AI_KENNIS; WEB_GECONTROLEERD","AI_KENNIS_HERBEOORDEELD","Redactionele AI-indeling; geen HIGH-evidence of menselijke beoordeling."
"LS1000-0164","aanvullende genres","speculatieve fictie","","Aanvullende genres opnieuw inhoudelijk afgewogen; uitsluitend canonieke genres, doelgroep en werkvorm blijven afzonderlijk."
"LS1000-0165","classificatiebasis","AI_KENNIS","AI_KENNIS_HERBEOORDEELD","Redactionele AI-indeling; geen HIGH-evidence of menselijke beoordeling."
"LS1000-0165","aanvullende genres","speculatieve fictie","","Aanvullende genres opnieuw inhoudelijk afgewogen; uitsluitend canonieke genres, doelgroep en werkvorm blijven afzonderlijk."
"LS1000-0166","classificatiebasis","AI_KENNIS","AI_KENNIS_HERBEOORDEELD","Redactionele AI-indeling; geen HIGH-evidence of menselijke beoordeling."
"LS1000-0166","aanvullende genres","coming-of-age; speculatieve fictie","","Aanvullende genres opnieuw inhoudelijk afgewogen; uitsluitend canonieke genres, doelgroep en werkvorm blijven afzonderlijk."
"LS1000-0167","classificatiestatus","ZEKER","TWIJFEL","Overkoepelend Lord of the Rings-record kan overlappen met aanwezige deelwerken; geen extra selectie/import tot scope is vastgesteld."
"LS1000-0167","classificatiebasis","AI_KENNIS; WEB_GECONTROLEERD","AI_KENNIS_HERBEOORDEELD","Redactionele AI-indeling; geen HIGH-evidence of menselijke beoordeling."
"LS1000-0167","aanvullende genres","speculatieve fictie","","Aanvullende genres opnieuw inhoudelijk afgewogen; uitsluitend canonieke genres, doelgroep en werkvorm blijven afzonderlijk."
"LS1000-0168","classificatiebasis","AI_KENNIS; WEB_GECONTROLEERD","AI_KENNIS_HERBEOORDEELD","Redactionele AI-indeling; geen HIGH-evidence of menselijke beoordeling."
"LS1000-0168","aanvullende genres","speculatieve fictie","","Aanvullende genres opnieuw inhoudelijk afgewogen; uitsluitend canonieke genres, doelgroep en werkvorm blijven afzonderlijk."
"LS1000-0169","hoofdcategorie NL","Fantasy","Sciencefiction","Inhoudelijke AI-herbeoordeling van dit werk; geen auteur-/titelwoordregel."
"LS1000-0169","hoofdcategorie EN","Fantasy","Science Fiction","NL/EN verwijzen naar dezelfde categorie-ID."
"LS1000-0169","classificatiebasis","AI_KENNIS","AI_KENNIS_HERBEOORDEELD","Redactionele AI-indeling; geen HIGH-evidence of menselijke beoordeling."
"LS1000-0169","aanvullende genres","speculatieve fictie","","Aanvullende genres opnieuw inhoudelijk afgewogen; uitsluitend canonieke genres, doelgroep en werkvorm blijven afzonderlijk."
"LS1000-0170","classificatiebasis","AI_KENNIS; WEB_GECONTROLEERD","AI_KENNIS_HERBEOORDEELD","Redactionele AI-indeling; geen HIGH-evidence of menselijke beoordeling."
"LS1000-0170","aanvullende genres","speculatieve fictie","","Aanvullende genres opnieuw inhoudelijk afgewogen; uitsluitend canonieke genres, doelgroep en werkvorm blijven afzonderlijk."
"LS1000-0171","hoofdcategorie NL","Fantasy","Sciencefiction","Inhoudelijke AI-herbeoordeling van dit werk; geen auteur-/titelwoordregel."
"LS1000-0171","hoofdcategorie EN","Fantasy","Science Fiction","NL/EN verwijzen naar dezelfde categorie-ID."
"LS1000-0171","classificatiebasis","AI_KENNIS","AI_KENNIS_HERBEOORDEELD","Redactionele AI-indeling; geen HIGH-evidence of menselijke beoordeling."
"LS1000-0171","aanvullende genres","speculatieve fictie","","Aanvullende genres opnieuw inhoudelijk afgewogen; uitsluitend canonieke genres, doelgroep en werkvorm blijven afzonderlijk."
"LS1000-0172","classificatiebasis","AI_KENNIS","AI_KENNIS_HERBEOORDEELD","Redactionele AI-indeling; geen HIGH-evidence of menselijke beoordeling."
"LS1000-0172","aanvullende genres","speculatieve fictie","","Aanvullende genres opnieuw inhoudelijk afgewogen; uitsluitend canonieke genres, doelgroep en werkvorm blijven afzonderlijk."
"LS1000-0173","classificatiebasis","AI_KENNIS","AI_KENNIS_HERBEOORDEELD","Redactionele AI-indeling; geen HIGH-evidence of menselijke beoordeling."
"LS1000-0173","aanvullende genres","speculatieve fictie","","Aanvullende genres opnieuw inhoudelijk afgewogen; uitsluitend canonieke genres, doelgroep en werkvorm blijven afzonderlijk."
"LS1000-0174","classificatiebasis","AI_KENNIS; WEB_GECONTROLEERD","AI_KENNIS_HERBEOORDEELD","Redactionele AI-indeling; geen HIGH-evidence of menselijke beoordeling."
"LS1000-0174","aanvullende genres","speculatieve fictie","","Aanvullende genres opnieuw inhoudelijk afgewogen; uitsluitend canonieke genres, doelgroep en werkvorm blijven afzonderlijk."
"LS1000-0175","oorspronkelijke publicatiejaar","1939","1958","AI-bibliografische correctie: oorspronkelijke publicatie in plaats van onjuist bron-/editiejaar; geen wijziging bestaand databasejaar."
"LS1000-0175","classificatiebasis","AI_KENNIS; WEB_GECONTROLEERD","AI_KENNIS_HERBEOORDEELD","Redactionele AI-indeling; geen HIGH-evidence of menselijke beoordeling."
"LS1000-0175","aanvullende genres","speculatieve fictie","","Aanvullende genres opnieuw inhoudelijk afgewogen; uitsluitend canonieke genres, doelgroep en werkvorm blijven afzonderlijk."
"LS1000-0176","classificatiebasis","AI_KENNIS","AI_KENNIS_HERBEOORDEELD","Redactionele AI-indeling; geen HIGH-evidence of menselijke beoordeling."
"LS1000-0176","aanvullende genres","speculatieve fictie","","Aanvullende genres opnieuw inhoudelijk afgewogen; uitsluitend canonieke genres, doelgroep en werkvorm blijven afzonderlijk."
"LS1000-0177","classificatiebasis","AI_KENNIS; WEB_GECONTROLEERD","AI_KENNIS_HERBEOORDEELD","Redactionele AI-indeling; geen HIGH-evidence of menselijke beoordeling."
"LS1000-0177","aanvullende genres","speculatieve fictie","","Aanvullende genres opnieuw inhoudelijk afgewogen; uitsluitend canonieke genres, doelgroep en werkvorm blijven afzonderlijk."
"LS1000-0178","classificatiebasis","AI_KENNIS; WEB_GECONTROLEERD","AI_KENNIS_HERBEOORDEELD","Redactionele AI-indeling; geen HIGH-evidence of menselijke beoordeling."
"LS1000-0178","aanvullende genres","klassieker; speculatieve fictie","","Aanvullende genres opnieuw inhoudelijk afgewogen; uitsluitend canonieke genres, doelgroep en werkvorm blijven afzonderlijk."
"LS1000-0179","oorspronkelijke publicatiejaar","2018","2019","AI-bibliografische correctie: oorspronkelijke publicatie in plaats van onjuist bron-/editiejaar; geen wijziging bestaand databasejaar."
"LS1000-0179","classificatiebasis","AI_KENNIS; WEB_GECONTROLEERD","AI_KENNIS_HERBEOORDEELD","Redactionele AI-indeling; geen HIGH-evidence of menselijke beoordeling."
"LS1000-0179","aanvullende genres","speculatieve fictie","","Aanvullende genres opnieuw inhoudelijk afgewogen; uitsluitend canonieke genres, doelgroep en werkvorm blijven afzonderlijk."
"LS1000-0180","classificatiebasis","AI_KENNIS","AI_KENNIS_HERBEOORDEELD","Redactionele AI-indeling; geen HIGH-evidence of menselijke beoordeling."
"LS1000-0180","aanvullende genres","speculatieve fictie","","Aanvullende genres opnieuw inhoudelijk afgewogen; uitsluitend canonieke genres, doelgroep en werkvorm blijven afzonderlijk."
"LS1000-0181","classificatiebasis","AI_KENNIS; WEB_GECONTROLEERD","AI_KENNIS_HERBEOORDEELD","Redactionele AI-indeling; geen HIGH-evidence of menselijke beoordeling."
"LS1000-0181","aanvullende genres","speculatieve fictie","","Aanvullende genres opnieuw inhoudelijk afgewogen; uitsluitend canonieke genres, doelgroep en werkvorm blijven afzonderlijk."
"LS1000-0182","hoofdcategorie NL","Fantasy","Literaire & algemene fictie","Inhoudelijke AI-herbeoordeling van dit werk; geen auteur-/titelwoordregel."
"LS1000-0182","hoofdcategorie EN","Fantasy","Literary & General Fiction","NL/EN verwijzen naar dezelfde categorie-ID."
"LS1000-0182","classificatiebasis","AI_KENNIS","AI_KENNIS_HERBEOORDEELD","Redactionele AI-indeling; geen HIGH-evidence of menselijke beoordeling."
"LS1000-0182","aanvullende genres","coming-of-age; speculatieve fictie","","Aanvullende genres opnieuw inhoudelijk afgewogen; uitsluitend canonieke genres, doelgroep en werkvorm blijven afzonderlijk."
"LS1000-0183","classificatiebasis","AI_KENNIS","AI_KENNIS_HERBEOORDEELD","Redactionele AI-indeling; geen HIGH-evidence of menselijke beoordeling."
"LS1000-0183","aanvullende genres","speculatieve fictie","","Aanvullende genres opnieuw inhoudelijk afgewogen; uitsluitend canonieke genres, doelgroep en werkvorm blijven afzonderlijk."
"LS1000-0184","hoofdcategorie NL","Fantasy","Sciencefiction","Inhoudelijke AI-herbeoordeling van dit werk; geen auteur-/titelwoordregel."
"LS1000-0184","hoofdcategorie EN","Fantasy","Science Fiction","NL/EN verwijzen naar dezelfde categorie-ID."
"LS1000-0184","classificatiebasis","AI_KENNIS; WEB_GECONTROLEERD","AI_KENNIS_HERBEOORDEELD","Redactionele AI-indeling; geen HIGH-evidence of menselijke beoordeling."
"LS1000-0184","aanvullende genres","speculatieve fictie","","Aanvullende genres opnieuw inhoudelijk afgewogen; uitsluitend canonieke genres, doelgroep en werkvorm blijven afzonderlijk."
"LS1000-0185","classificatiebasis","AI_KENNIS","AI_KENNIS_HERBEOORDEELD","Redactionele AI-indeling; geen HIGH-evidence of menselijke beoordeling."
"LS1000-0185","aanvullende genres","speculatieve fictie","","Aanvullende genres opnieuw inhoudelijk afgewogen; uitsluitend canonieke genres, doelgroep en werkvorm blijven afzonderlijk."
"LS1000-0186","hoofdcategorie NL","Fantasy","Sciencefiction","Inhoudelijke AI-herbeoordeling van dit werk; geen auteur-/titelwoordregel."
"LS1000-0186","hoofdcategorie EN","Fantasy","Science Fiction","NL/EN verwijzen naar dezelfde categorie-ID."
"LS1000-0186","classificatiebasis","AI_KENNIS","AI_KENNIS_HERBEOORDEELD","Redactionele AI-indeling; geen HIGH-evidence of menselijke beoordeling."
"LS1000-0186","aanvullende genres","speculatieve fictie","","Aanvullende genres opnieuw inhoudelijk afgewogen; uitsluitend canonieke genres, doelgroep en werkvorm blijven afzonderlijk."
"LS1000-0187","hoofdcategorie NL","Fantasy","Literaire & algemene fictie","Inhoudelijke AI-herbeoordeling van dit werk; geen auteur-/titelwoordregel."
"LS1000-0187","hoofdcategorie EN","Fantasy","Literary & General Fiction","NL/EN verwijzen naar dezelfde categorie-ID."
"LS1000-0187","oorspronkelijke publicatiejaar","1825","1925","AI-bibliografische correctie: oorspronkelijke publicatie in plaats van onjuist bron-/editiejaar; geen wijziging bestaand databasejaar."
"LS1000-0187","classificatiebasis","AI_KENNIS","AI_KENNIS_HERBEOORDEELD","Redactionele AI-indeling; geen HIGH-evidence of menselijke beoordeling."
"LS1000-0187","aanvullende genres","speculatieve fictie","","Aanvullende genres opnieuw inhoudelijk afgewogen; uitsluitend canonieke genres, doelgroep en werkvorm blijven afzonderlijk."
"LS1000-0188","classificatiebasis","AI_KENNIS; WEB_GECONTROLEERD","AI_KENNIS_HERBEOORDEELD","Redactionele AI-indeling; geen HIGH-evidence of menselijke beoordeling."
"LS1000-0188","aanvullende genres","speculatieve fictie","","Aanvullende genres opnieuw inhoudelijk afgewogen; uitsluitend canonieke genres, doelgroep en werkvorm blijven afzonderlijk."
"LS1000-0189","classificatiebasis","AI_KENNIS","AI_KENNIS_HERBEOORDEELD","Redactionele AI-indeling; geen HIGH-evidence of menselijke beoordeling."
"LS1000-0189","aanvullende genres","speculatieve fictie","","Aanvullende genres opnieuw inhoudelijk afgewogen; uitsluitend canonieke genres, doelgroep en werkvorm blijven afzonderlijk."
"LS1000-0190","classificatiebasis","AI_KENNIS","AI_KENNIS_HERBEOORDEELD","Redactionele AI-indeling; geen HIGH-evidence of menselijke beoordeling."
"LS1000-0190","aanvullende genres","coming-of-age; speculatieve fictie","","Aanvullende genres opnieuw inhoudelijk afgewogen; uitsluitend canonieke genres, doelgroep en werkvorm blijven afzonderlijk."
"LS1000-0191","classificatiebasis","AI_KENNIS","AI_KENNIS_HERBEOORDEELD","Redactionele AI-indeling; geen HIGH-evidence of menselijke beoordeling."
"LS1000-0191","aanvullende genres","speculatieve fictie","","Aanvullende genres opnieuw inhoudelijk afgewogen; uitsluitend canonieke genres, doelgroep en werkvorm blijven afzonderlijk."
"LS1000-0192","oorspronkelijke publicatiejaar","1899","1900","AI-bibliografische correctie: oorspronkelijke publicatie in plaats van onjuist bron-/editiejaar; geen wijziging bestaand databasejaar."
"LS1000-0192","classificatiebasis","AI_KENNIS","AI_KENNIS_HERBEOORDEELD","Redactionele AI-indeling; geen HIGH-evidence of menselijke beoordeling."
"LS1000-0192","aanvullende genres","speculatieve fictie","","Aanvullende genres opnieuw inhoudelijk afgewogen; uitsluitend canonieke genres, doelgroep en werkvorm blijven afzonderlijk."
"LS1000-0193","hoofdcategorie NL","Fantasy","Sciencefiction","Inhoudelijke AI-herbeoordeling van dit werk; geen auteur-/titelwoordregel."
"LS1000-0193","hoofdcategorie EN","Fantasy","Science Fiction","NL/EN verwijzen naar dezelfde categorie-ID."
"LS1000-0193","classificatiebasis","AI_KENNIS","AI_KENNIS_HERBEOORDEELD","Redactionele AI-indeling; geen HIGH-evidence of menselijke beoordeling."
"LS1000-0193","aanvullende genres","speculatieve fictie","Historische fictie","Aanvullende genres opnieuw inhoudelijk afgewogen; uitsluitend canonieke genres, doelgroep en werkvorm blijven afzonderlijk."
"LS1000-0194","hoofdcategorie NL","Fantasy","Literaire & algemene fictie","Inhoudelijke AI-herbeoordeling van dit werk; geen auteur-/titelwoordregel."
"LS1000-0194","hoofdcategorie EN","Fantasy","Literary & General Fiction","NL/EN verwijzen naar dezelfde categorie-ID."
"LS1000-0194","oorspronkelijke publicatiejaar","1880","1881","1881 start tijdschriftpublicatie; eerste boekuitgave 1883."
"LS1000-0194","classificatiebasis","AI_KENNIS","AI_KENNIS_HERBEOORDEELD","Redactionele AI-indeling; geen HIGH-evidence of menselijke beoordeling."
"LS1000-0194","aanvullende genres","speculatieve fictie","","Aanvullende genres opnieuw inhoudelijk afgewogen; uitsluitend canonieke genres, doelgroep en werkvorm blijven afzonderlijk."
"LS1000-0195","hoofdcategorie NL","Fantasy","Sciencefiction","Inhoudelijke AI-herbeoordeling van dit werk; geen auteur-/titelwoordregel."
"LS1000-0195","hoofdcategorie EN","Fantasy","Science Fiction","NL/EN verwijzen naar dezelfde categorie-ID."
"LS1000-0195","classificatiebasis","AI_KENNIS","AI_KENNIS_HERBEOORDEELD","Redactionele AI-indeling; geen HIGH-evidence of menselijke beoordeling."
"LS1000-0195","aanvullende genres","speculatieve fictie","","Aanvullende genres opnieuw inhoudelijk afgewogen; uitsluitend canonieke genres, doelgroep en werkvorm blijven afzonderlijk."
"LS1000-0196","hoofdcategorie NL","Fantasy","Sciencefiction","Inhoudelijke AI-herbeoordeling van dit werk; geen auteur-/titelwoordregel."
"LS1000-0196","hoofdcategorie EN","Fantasy","Science Fiction","NL/EN verwijzen naar dezelfde categorie-ID."
"LS1000-0196","oorspronkelijke publicatiejaar","1867","1864","AI-bibliografische correctie: oorspronkelijke publicatie in plaats van onjuist bron-/editiejaar; geen wijziging bestaand databasejaar."
"LS1000-0196","classificatiebasis","AI_KENNIS","AI_KENNIS_HERBEOORDEELD","Redactionele AI-indeling; geen HIGH-evidence of menselijke beoordeling."
"LS1000-0196","aanvullende genres","speculatieve fictie","","Aanvullende genres opnieuw inhoudelijk afgewogen; uitsluitend canonieke genres, doelgroep en werkvorm blijven afzonderlijk."
"LS1000-0197","hoofdcategorie NL","Fantasy","Sciencefiction","Inhoudelijke AI-herbeoordeling van dit werk; geen auteur-/titelwoordregel."
"LS1000-0197","hoofdcategorie EN","Fantasy","Science Fiction","NL/EN verwijzen naar dezelfde categorie-ID."
"LS1000-0197","classificatiebasis","AI_KENNIS","AI_KENNIS_HERBEOORDEELD","Redactionele AI-indeling; geen HIGH-evidence of menselijke beoordeling."
"LS1000-0197","aanvullende genres","speculatieve fictie","Literaire & algemene fictie","Aanvullende genres opnieuw inhoudelijk afgewogen; uitsluitend canonieke genres, doelgroep en werkvorm blijven afzonderlijk."
"LS1000-0198","hoofdcategorie NL","Fantasy","Sciencefiction","Inhoudelijke AI-herbeoordeling van dit werk; geen auteur-/titelwoordregel."
"LS1000-0198","hoofdcategorie EN","Fantasy","Science Fiction","NL/EN verwijzen naar dezelfde categorie-ID."
"LS1000-0198","classificatiebasis","AI_KENNIS","AI_KENNIS_HERBEOORDEELD","Redactionele AI-indeling; geen HIGH-evidence of menselijke beoordeling."
"LS1000-0198","aanvullende genres","speculatieve fictie","","Aanvullende genres opnieuw inhoudelijk afgewogen; uitsluitend canonieke genres, doelgroep en werkvorm blijven afzonderlijk."
"LS1000-0199","classificatiebasis","AI_KENNIS","AI_KENNIS_HERBEOORDEELD","Redactionele AI-indeling; geen HIGH-evidence of menselijke beoordeling."
"LS1000-0199","aanvullende genres","speculatieve fictie","","Aanvullende genres opnieuw inhoudelijk afgewogen; uitsluitend canonieke genres, doelgroep en werkvorm blijven afzonderlijk."
"LS1000-0200","hoofdcategorie NL","Fantasy","Sciencefiction","Inhoudelijke AI-herbeoordeling van dit werk; geen auteur-/titelwoordregel."
"LS1000-0200","hoofdcategorie EN","Fantasy","Science Fiction","NL/EN verwijzen naar dezelfde categorie-ID."
"LS1000-0200","classificatiebasis","AI_KENNIS","AI_KENNIS_HERBEOORDEELD","Redactionele AI-indeling; geen HIGH-evidence of menselijke beoordeling."
"LS1000-0200","aanvullende genres","speculatieve fictie","","Aanvullende genres opnieuw inhoudelijk afgewogen; uitsluitend canonieke genres, doelgroep en werkvorm blijven afzonderlijk."
"LS1000-0201","hoofdcategorie NL","Filosofie & psychologie","Psychologie & persoonlijke ontwikkeling","Inhoudelijke AI-herbeoordeling van dit werk; geen auteur-/titelwoordregel."
"LS1000-0201","hoofdcategorie EN","Philosophy & Psychology","Psychology & Self-Development","NL/EN verwijzen naar dezelfde categorie-ID."
"LS1000-0201","oorspronkelijke publicatiejaar","2018","2016","AI-bibliografische correctie: oorspronkelijke publicatie in plaats van onjuist bron-/editiejaar; geen wijziging bestaand databasejaar."
"LS1000-0201","classificatiebasis","AI_KENNIS","AI_KENNIS_HERBEOORDEELD","Redactionele AI-indeling; geen HIGH-evidence of menselijke beoordeling."
"LS1000-0201","aanvullende genres","ideeën","","Aanvullende genres opnieuw inhoudelijk afgewogen; uitsluitend canonieke genres, doelgroep en werkvorm blijven afzonderlijk."
"LS1000-0202","hoofdcategorie NL","Filosofie & psychologie","Psychologie & persoonlijke ontwikkeling","Inhoudelijke AI-herbeoordeling van dit werk; geen auteur-/titelwoordregel."
"LS1000-0202","hoofdcategorie EN","Philosophy & Psychology","Psychology & Self-Development","NL/EN verwijzen naar dezelfde categorie-ID."
"LS1000-0202","oorspronkelijke publicatiejaar","2015","2018","AI-bibliografische correctie: oorspronkelijke publicatie in plaats van onjuist bron-/editiejaar; geen wijziging bestaand databasejaar."
"LS1000-0202","classificatiebasis","AI_KENNIS","AI_KENNIS_HERBEOORDEELD","Redactionele AI-indeling; geen HIGH-evidence of menselijke beoordeling."
"LS1000-0202","aanvullende genres","ideeën","","Aanvullende genres opnieuw inhoudelijk afgewogen; uitsluitend canonieke genres, doelgroep en werkvorm blijven afzonderlijk."
"LS1000-0203","hoofdcategorie NL","Filosofie & psychologie","Psychologie & persoonlijke ontwikkeling","Inhoudelijke AI-herbeoordeling van dit werk; geen auteur-/titelwoordregel."
"LS1000-0203","hoofdcategorie EN","Philosophy & Psychology","Psychology & Self-Development","NL/EN verwijzen naar dezelfde categorie-ID."
"LS1000-0203","oorspronkelijke publicatiejaar","2020","2021","AI-bibliografische correctie: oorspronkelijke publicatie in plaats van onjuist bron-/editiejaar; geen wijziging bestaand databasejaar."
"LS1000-0203","classificatiebasis","AI_KENNIS","AI_KENNIS_HERBEOORDEELD","Redactionele AI-indeling; geen HIGH-evidence of menselijke beoordeling."
"LS1000-0203","aanvullende genres","ideeën","","Aanvullende genres opnieuw inhoudelijk afgewogen; uitsluitend canonieke genres, doelgroep en werkvorm blijven afzonderlijk."
"LS1000-0204","hoofdcategorie NL","Filosofie & psychologie","Literaire & algemene fictie","Inhoudelijke AI-herbeoordeling van dit werk; geen auteur-/titelwoordregel."
"LS1000-0204","hoofdcategorie EN","Philosophy & Psychology","Literary & General Fiction","NL/EN verwijzen naar dezelfde categorie-ID."
"LS1000-0204","classificatiebasis","AI_KENNIS; WEB_GECONTROLEERD","AI_KENNIS_HERBEOORDEELD","Redactionele AI-indeling; geen HIGH-evidence of menselijke beoordeling."
"LS1000-0204","aanvullende genres","ideeën","","Aanvullende genres opnieuw inhoudelijk afgewogen; uitsluitend canonieke genres, doelgroep en werkvorm blijven afzonderlijk."
"LS1000-0205","hoofdcategorie NL","Filosofie & psychologie","Maatschappij & actualiteit","Inhoudelijke AI-herbeoordeling van dit werk; geen auteur-/titelwoordregel."
"LS1000-0205","hoofdcategorie EN","Philosophy & Psychology","Society & Current Affairs","NL/EN verwijzen naar dezelfde categorie-ID."
"LS1000-0205","classificatiebasis","AI_KENNIS","AI_KENNIS_HERBEOORDEELD","Redactionele AI-indeling; geen HIGH-evidence of menselijke beoordeling."
"LS1000-0205","aanvullende genres","ideeën","","Aanvullende genres opnieuw inhoudelijk afgewogen; uitsluitend canonieke genres, doelgroep en werkvorm blijven afzonderlijk."
"LS1000-0206","hoofdcategorie NL","Filosofie & psychologie","Economie & ondernemerschap","Inhoudelijke AI-herbeoordeling van dit werk; geen auteur-/titelwoordregel."
"LS1000-0206","hoofdcategorie EN","Philosophy & Psychology","Economics & Business","NL/EN verwijzen naar dezelfde categorie-ID."
"LS1000-0206","classificatiebasis","AI_KENNIS","AI_KENNIS_HERBEOORDEELD","Redactionele AI-indeling; geen HIGH-evidence of menselijke beoordeling."
"LS1000-0206","aanvullende genres","ideeën","","Aanvullende genres opnieuw inhoudelijk afgewogen; uitsluitend canonieke genres, doelgroep en werkvorm blijven afzonderlijk."
"LS1000-0207","hoofdcategorie NL","Filosofie & psychologie","Psychologie & persoonlijke ontwikkeling","Inhoudelijke AI-herbeoordeling van dit werk; geen auteur-/titelwoordregel."
"LS1000-0207","hoofdcategorie EN","Philosophy & Psychology","Psychology & Self-Development","NL/EN verwijzen naar dezelfde categorie-ID."
"LS1000-0207","classificatiebasis","AI_KENNIS","AI_KENNIS_HERBEOORDEELD","Redactionele AI-indeling; geen HIGH-evidence of menselijke beoordeling."
"LS1000-0207","aanvullende genres","ideeën","","Aanvullende genres opnieuw inhoudelijk afgewogen; uitsluitend canonieke genres, doelgroep en werkvorm blijven afzonderlijk."
"LS1000-0208","hoofdcategorie NL","Filosofie & psychologie","Filosofie & religie","Inhoudelijke AI-herbeoordeling van dit werk; geen auteur-/titelwoordregel."
"LS1000-0208","hoofdcategorie EN","Philosophy & Psychology","Philosophy & Religion","NL/EN verwijzen naar dezelfde categorie-ID."
"LS1000-0208","classificatiebasis","AI_KENNIS; WEB_GECONTROLEERD","AI_KENNIS_HERBEOORDEELD","Redactionele AI-indeling; geen HIGH-evidence of menselijke beoordeling."
"LS1000-0208","aanvullende genres","ideeën","","Aanvullende genres opnieuw inhoudelijk afgewogen; uitsluitend canonieke genres, doelgroep en werkvorm blijven afzonderlijk."
"LS1000-0209","hoofdcategorie NL","Filosofie & psychologie","Psychologie & persoonlijke ontwikkeling","Inhoudelijke AI-herbeoordeling van dit werk; geen auteur-/titelwoordregel."
"LS1000-0209","hoofdcategorie EN","Philosophy & Psychology","Psychology & Self-Development","NL/EN verwijzen naar dezelfde categorie-ID."
"LS1000-0209","classificatiebasis","AI_KENNIS; WEB_GECONTROLEERD","AI_KENNIS_HERBEOORDEELD","Redactionele AI-indeling; geen HIGH-evidence of menselijke beoordeling."
"LS1000-0209","aanvullende genres","ideeën","","Aanvullende genres opnieuw inhoudelijk afgewogen; uitsluitend canonieke genres, doelgroep en werkvorm blijven afzonderlijk."
"LS1000-0210","hoofdcategorie NL","Filosofie & psychologie","Psychologie & persoonlijke ontwikkeling","Inhoudelijke AI-herbeoordeling van dit werk; geen auteur-/titelwoordregel."
"LS1000-0210","hoofdcategorie EN","Philosophy & Psychology","Psychology & Self-Development","NL/EN verwijzen naar dezelfde categorie-ID."
"LS1000-0210","classificatiebasis","AI_KENNIS","AI_KENNIS_HERBEOORDEELD","Redactionele AI-indeling; geen HIGH-evidence of menselijke beoordeling."
"LS1000-0210","aanvullende genres","ideeën","","Aanvullende genres opnieuw inhoudelijk afgewogen; uitsluitend canonieke genres, doelgroep en werkvorm blijven afzonderlijk."
"LS1000-0211","hoofdcategorie NL","Filosofie & psychologie","Psychologie & persoonlijke ontwikkeling","Inhoudelijke AI-herbeoordeling van dit werk; geen auteur-/titelwoordregel."
"LS1000-0211","hoofdcategorie EN","Philosophy & Psychology","Psychology & Self-Development","NL/EN verwijzen naar dezelfde categorie-ID."
"LS1000-0211","classificatiebasis","AI_KENNIS","AI_KENNIS_HERBEOORDEELD","Redactionele AI-indeling; geen HIGH-evidence of menselijke beoordeling."
"LS1000-0211","aanvullende genres","ideeën","","Aanvullende genres opnieuw inhoudelijk afgewogen; uitsluitend canonieke genres, doelgroep en werkvorm blijven afzonderlijk."
"LS1000-0212","hoofdcategorie NL","Filosofie & psychologie","Psychologie & persoonlijke ontwikkeling","Inhoudelijke AI-herbeoordeling van dit werk; geen auteur-/titelwoordregel."
"LS1000-0212","hoofdcategorie EN","Philosophy & Psychology","Psychology & Self-Development","NL/EN verwijzen naar dezelfde categorie-ID."
"LS1000-0212","classificatiebasis","AI_KENNIS","AI_KENNIS_HERBEOORDEELD","Redactionele AI-indeling; geen HIGH-evidence of menselijke beoordeling."
"LS1000-0212","aanvullende genres","ideeën","","Aanvullende genres opnieuw inhoudelijk afgewogen; uitsluitend canonieke genres, doelgroep en werkvorm blijven afzonderlijk."
"LS1000-0213","hoofdcategorie NL","Filosofie & psychologie","Psychologie & persoonlijke ontwikkeling","Inhoudelijke AI-herbeoordeling van dit werk; geen auteur-/titelwoordregel."
"LS1000-0213","hoofdcategorie EN","Philosophy & Psychology","Psychology & Self-Development","NL/EN verwijzen naar dezelfde categorie-ID."
"LS1000-0213","classificatiebasis","AI_KENNIS","AI_KENNIS_HERBEOORDEELD","Redactionele AI-indeling; geen HIGH-evidence of menselijke beoordeling."
"LS1000-0213","aanvullende genres","ideeën","","Aanvullende genres opnieuw inhoudelijk afgewogen; uitsluitend canonieke genres, doelgroep en werkvorm blijven afzonderlijk."
"LS1000-0214","hoofdcategorie NL","Filosofie & psychologie","Psychologie & persoonlijke ontwikkeling","Inhoudelijke AI-herbeoordeling van dit werk; geen auteur-/titelwoordregel."
"LS1000-0214","hoofdcategorie EN","Philosophy & Psychology","Psychology & Self-Development","NL/EN verwijzen naar dezelfde categorie-ID."
"LS1000-0214","oorspronkelijke publicatiejaar","1983","1984","AI-bibliografische correctie: oorspronkelijke publicatie in plaats van onjuist bron-/editiejaar; geen wijziging bestaand databasejaar."
"LS1000-0214","classificatiebasis","AI_KENNIS","AI_KENNIS_HERBEOORDEELD","Redactionele AI-indeling; geen HIGH-evidence of menselijke beoordeling."
"LS1000-0214","aanvullende genres","ideeën","","Aanvullende genres opnieuw inhoudelijk afgewogen; uitsluitend canonieke genres, doelgroep en werkvorm blijven afzonderlijk."
"LS1000-0215","hoofdcategorie NL","Filosofie & psychologie","Filosofie & religie","Inhoudelijke AI-herbeoordeling van dit werk; geen auteur-/titelwoordregel."
"LS1000-0215","hoofdcategorie EN","Philosophy & Psychology","Philosophy & Religion","NL/EN verwijzen naar dezelfde categorie-ID."
"LS1000-0215","oorspronkelijke publicatiejaar","1885","1886","AI-bibliografische correctie: oorspronkelijke publicatie in plaats van onjuist bron-/editiejaar; geen wijziging bestaand databasejaar."
"LS1000-0215","classificatiebasis","AI_KENNIS","AI_KENNIS_HERBEOORDEELD","Redactionele AI-indeling; geen HIGH-evidence of menselijke beoordeling."
"LS1000-0215","aanvullende genres","ideeën","","Aanvullende genres opnieuw inhoudelijk afgewogen; uitsluitend canonieke genres, doelgroep en werkvorm blijven afzonderlijk."
"LS1000-0216","hoofdcategorie NL","Filosofie & psychologie","Filosofie & religie","Inhoudelijke AI-herbeoordeling van dit werk; geen auteur-/titelwoordregel."
"LS1000-0216","hoofdcategorie EN","Philosophy & Psychology","Philosophy & Religion","NL/EN verwijzen naar dezelfde categorie-ID."
"LS1000-0216","oorspronkelijke publicatiejaar","1626","","Exact oorspronkelijk publicatiejaar onvoldoende vastgesteld; niet afleiden van editie/ontstaan."
"LS1000-0216","classificatiebasis","AI_KENNIS","AI_KENNIS_HERBEOORDEELD","Redactionele AI-indeling; geen HIGH-evidence of menselijke beoordeling."
"LS1000-0216","aanvullende genres","ideeën","","Aanvullende genres opnieuw inhoudelijk afgewogen; uitsluitend canonieke genres, doelgroep en werkvorm blijven afzonderlijk."
"LS1000-0217","hoofdcategorie NL","Filosofie & psychologie","Wetenschap & natuur","Inhoudelijke AI-herbeoordeling van dit werk; geen auteur-/titelwoordregel."
"LS1000-0217","hoofdcategorie EN","Philosophy & Psychology","Science & Nature","NL/EN verwijzen naar dezelfde categorie-ID."
"LS1000-0217","classificatiebasis","AI_KENNIS","AI_KENNIS_HERBEOORDEELD","Redactionele AI-indeling; geen HIGH-evidence of menselijke beoordeling."
"LS1000-0217","aanvullende genres","ideeën","","Aanvullende genres opnieuw inhoudelijk afgewogen; uitsluitend canonieke genres, doelgroep en werkvorm blijven afzonderlijk."
"LS1000-0218","hoofdcategorie NL","Filosofie & psychologie","Filosofie & religie","Inhoudelijke AI-herbeoordeling van dit werk; geen auteur-/titelwoordregel."
"LS1000-0218","hoofdcategorie EN","Philosophy & Psychology","Philosophy & Religion","NL/EN verwijzen naar dezelfde categorie-ID."
"LS1000-0218","classificatiebasis","AI_KENNIS; WEB_GECONTROLEERD","AI_KENNIS_HERBEOORDEELD","Redactionele AI-indeling; geen HIGH-evidence of menselijke beoordeling."
"LS1000-0218","aanvullende genres","ideeën","","Aanvullende genres opnieuw inhoudelijk afgewogen; uitsluitend canonieke genres, doelgroep en werkvorm blijven afzonderlijk."
"LS1000-0219","hoofdcategorie NL","Filosofie & psychologie","Psychologie & persoonlijke ontwikkeling","Inhoudelijke AI-herbeoordeling van dit werk; geen auteur-/titelwoordregel."
"LS1000-0219","hoofdcategorie EN","Philosophy & Psychology","Psychology & Self-Development","NL/EN verwijzen naar dezelfde categorie-ID."
"LS1000-0219","classificatiebasis","AI_KENNIS","AI_KENNIS_HERBEOORDEELD","Redactionele AI-indeling; geen HIGH-evidence of menselijke beoordeling."
"LS1000-0219","aanvullende genres","ideeën","","Aanvullende genres opnieuw inhoudelijk afgewogen; uitsluitend canonieke genres, doelgroep en werkvorm blijven afzonderlijk."
"LS1000-0220","hoofdcategorie NL","Filosofie & psychologie","Economie & ondernemerschap","Inhoudelijke AI-herbeoordeling van dit werk; geen auteur-/titelwoordregel."
"LS1000-0220","hoofdcategorie EN","Philosophy & Psychology","Economics & Business","NL/EN verwijzen naar dezelfde categorie-ID."
"LS1000-0220","oorspronkelijke publicatiejaar","2006","2007","AI-bibliografische correctie: oorspronkelijke publicatie in plaats van onjuist bron-/editiejaar; geen wijziging bestaand databasejaar."
"LS1000-0220","classificatiebasis","AI_KENNIS","AI_KENNIS_HERBEOORDEELD","Redactionele AI-indeling; geen HIGH-evidence of menselijke beoordeling."
"LS1000-0220","aanvullende genres","ideeën","","Aanvullende genres opnieuw inhoudelijk afgewogen; uitsluitend canonieke genres, doelgroep en werkvorm blijven afzonderlijk."
"LS1000-0221","hoofdcategorie NL","Filosofie & psychologie","Psychologie & persoonlijke ontwikkeling","Inhoudelijke AI-herbeoordeling van dit werk; geen auteur-/titelwoordregel."
"LS1000-0221","hoofdcategorie EN","Philosophy & Psychology","Psychology & Self-Development","NL/EN verwijzen naar dezelfde categorie-ID."
"LS1000-0221","classificatiebasis","AI_KENNIS","AI_KENNIS_HERBEOORDEELD","Redactionele AI-indeling; geen HIGH-evidence of menselijke beoordeling."
"LS1000-0221","aanvullende genres","ideeën","","Aanvullende genres opnieuw inhoudelijk afgewogen; uitsluitend canonieke genres, doelgroep en werkvorm blijven afzonderlijk."
"LS1000-0222","hoofdcategorie NL","Filosofie & psychologie","Psychologie & persoonlijke ontwikkeling","Inhoudelijke AI-herbeoordeling van dit werk; geen auteur-/titelwoordregel."
"LS1000-0222","hoofdcategorie EN","Philosophy & Psychology","Psychology & Self-Development","NL/EN verwijzen naar dezelfde categorie-ID."
"LS1000-0222","classificatiebasis","AI_KENNIS","AI_KENNIS_HERBEOORDEELD","Redactionele AI-indeling; geen HIGH-evidence of menselijke beoordeling."
"LS1000-0222","aanvullende genres","ideeën","","Aanvullende genres opnieuw inhoudelijk afgewogen; uitsluitend canonieke genres, doelgroep en werkvorm blijven afzonderlijk."
"LS1000-0223","hoofdcategorie NL","Filosofie & psychologie","Maatschappij & actualiteit","Inhoudelijke AI-herbeoordeling van dit werk; geen auteur-/titelwoordregel."
"LS1000-0223","hoofdcategorie EN","Philosophy & Psychology","Society & Current Affairs","NL/EN verwijzen naar dezelfde categorie-ID."
"LS1000-0223","classificatiebasis","AI_KENNIS","AI_KENNIS_HERBEOORDEELD","Redactionele AI-indeling; geen HIGH-evidence of menselijke beoordeling."
"LS1000-0223","aanvullende genres","ideeën","","Aanvullende genres opnieuw inhoudelijk afgewogen; uitsluitend canonieke genres, doelgroep en werkvorm blijven afzonderlijk."
"LS1000-0224","hoofdcategorie NL","Filosofie & psychologie","Economie & ondernemerschap","Inhoudelijke AI-herbeoordeling van dit werk; geen auteur-/titelwoordregel."
"LS1000-0224","hoofdcategorie EN","Philosophy & Psychology","Economics & Business","NL/EN verwijzen naar dezelfde categorie-ID."
"LS1000-0224","oorspronkelijke publicatiejaar","2005","2007","AI-bibliografische correctie: oorspronkelijke publicatie in plaats van onjuist bron-/editiejaar; geen wijziging bestaand databasejaar."
"LS1000-0224","classificatiebasis","AI_KENNIS","AI_KENNIS_HERBEOORDEELD","Redactionele AI-indeling; geen HIGH-evidence of menselijke beoordeling."
"LS1000-0224","aanvullende genres","ideeën","","Aanvullende genres opnieuw inhoudelijk afgewogen; uitsluitend canonieke genres, doelgroep en werkvorm blijven afzonderlijk."
"LS1000-0225","hoofdcategorie NL","Filosofie & psychologie","Psychologie & persoonlijke ontwikkeling","Inhoudelijke AI-herbeoordeling van dit werk; geen auteur-/titelwoordregel."
"LS1000-0225","hoofdcategorie EN","Philosophy & Psychology","Psychology & Self-Development","NL/EN verwijzen naar dezelfde categorie-ID."
"LS1000-0225","classificatiebasis","AI_KENNIS","AI_KENNIS_HERBEOORDEELD","Redactionele AI-indeling; geen HIGH-evidence of menselijke beoordeling."
"LS1000-0225","aanvullende genres","ideeën","","Aanvullende genres opnieuw inhoudelijk afgewogen; uitsluitend canonieke genres, doelgroep en werkvorm blijven afzonderlijk."
"LS1000-0226","hoofdcategorie NL","Filosofie & psychologie","Psychologie & persoonlijke ontwikkeling","Inhoudelijke AI-herbeoordeling van dit werk; geen auteur-/titelwoordregel."
"LS1000-0226","hoofdcategorie EN","Philosophy & Psychology","Psychology & Self-Development","NL/EN verwijzen naar dezelfde categorie-ID."
"LS1000-0226","classificatiebasis","AI_KENNIS","AI_KENNIS_HERBEOORDEELD","Redactionele AI-indeling; geen HIGH-evidence of menselijke beoordeling."
"LS1000-0226","aanvullende genres","ideeën","","Aanvullende genres opnieuw inhoudelijk afgewogen; uitsluitend canonieke genres, doelgroep en werkvorm blijven afzonderlijk."
"LS1000-0227","hoofdcategorie NL","Filosofie & psychologie","Economie & ondernemerschap","Inhoudelijke AI-herbeoordeling van dit werk; geen auteur-/titelwoordregel."
"LS1000-0227","hoofdcategorie EN","Philosophy & Psychology","Economics & Business","NL/EN verwijzen naar dezelfde categorie-ID."
"LS1000-0227","oorspronkelijke publicatiejaar","1969","1928","AI-bibliografische correctie: oorspronkelijke publicatie in plaats van onjuist bron-/editiejaar; geen wijziging bestaand databasejaar."
"LS1000-0227","classificatiebasis","AI_KENNIS","AI_KENNIS_HERBEOORDEELD","Redactionele AI-indeling; geen HIGH-evidence of menselijke beoordeling."
"LS1000-0227","aanvullende genres","ideeën","","Aanvullende genres opnieuw inhoudelijk afgewogen; uitsluitend canonieke genres, doelgroep en werkvorm blijven afzonderlijk."
"LS1000-0228","hoofdcategorie NL","Filosofie & psychologie","Filosofie & religie","Inhoudelijke AI-herbeoordeling van dit werk; geen auteur-/titelwoordregel."
"LS1000-0228","hoofdcategorie EN","Philosophy & Psychology","Philosophy & Religion","NL/EN verwijzen naar dezelfde categorie-ID."
"LS1000-0228","classificatiebasis","AI_KENNIS","AI_KENNIS_HERBEOORDEELD","Redactionele AI-indeling; geen HIGH-evidence of menselijke beoordeling."
"LS1000-0228","aanvullende genres","ideeën","","Aanvullende genres opnieuw inhoudelijk afgewogen; uitsluitend canonieke genres, doelgroep en werkvorm blijven afzonderlijk."
"LS1000-0229","hoofdcategorie NL","Filosofie & psychologie","Psychologie & persoonlijke ontwikkeling","Inhoudelijke AI-herbeoordeling van dit werk; geen auteur-/titelwoordregel."
"LS1000-0229","hoofdcategorie EN","Philosophy & Psychology","Psychology & Self-Development","NL/EN verwijzen naar dezelfde categorie-ID."
"LS1000-0229","classificatiebasis","AI_KENNIS","AI_KENNIS_HERBEOORDEELD","Redactionele AI-indeling; geen HIGH-evidence of menselijke beoordeling."
"LS1000-0229","aanvullende genres","ideeën","","Aanvullende genres opnieuw inhoudelijk afgewogen; uitsluitend canonieke genres, doelgroep en werkvorm blijven afzonderlijk."
"LS1000-0230","hoofdcategorie NL","Filosofie & psychologie","Filosofie & religie","Inhoudelijke AI-herbeoordeling van dit werk; geen auteur-/titelwoordregel."
"LS1000-0230","hoofdcategorie EN","Philosophy & Psychology","Philosophy & Religion","NL/EN verwijzen naar dezelfde categorie-ID."
"LS1000-0230","classificatiebasis","AI_KENNIS; WEB_GECONTROLEERD","AI_KENNIS_HERBEOORDEELD","Redactionele AI-indeling; geen HIGH-evidence of menselijke beoordeling."
"LS1000-0230","aanvullende genres","ideeën","","Aanvullende genres opnieuw inhoudelijk afgewogen; uitsluitend canonieke genres, doelgroep en werkvorm blijven afzonderlijk."
"LS1000-0231","hoofdcategorie NL","Filosofie & psychologie","Psychologie & persoonlijke ontwikkeling","Inhoudelijke AI-herbeoordeling van dit werk; geen auteur-/titelwoordregel."
"LS1000-0231","hoofdcategorie EN","Philosophy & Psychology","Psychology & Self-Development","NL/EN verwijzen naar dezelfde categorie-ID."
"LS1000-0231","oorspronkelijke publicatiejaar","2000","2006","AI-bibliografische correctie: oorspronkelijke publicatie in plaats van onjuist bron-/editiejaar; geen wijziging bestaand databasejaar."
"LS1000-0231","classificatiebasis","AI_KENNIS","AI_KENNIS_HERBEOORDEELD","Redactionele AI-indeling; geen HIGH-evidence of menselijke beoordeling."
"LS1000-0231","aanvullende genres","ideeën","","Aanvullende genres opnieuw inhoudelijk afgewogen; uitsluitend canonieke genres, doelgroep en werkvorm blijven afzonderlijk."
"LS1000-0232","hoofdcategorie NL","Filosofie & psychologie","Maatschappij & actualiteit","Inhoudelijke AI-herbeoordeling van dit werk; geen auteur-/titelwoordregel."
"LS1000-0232","hoofdcategorie EN","Philosophy & Psychology","Society & Current Affairs","NL/EN verwijzen naar dezelfde categorie-ID."
"LS1000-0232","classificatiebasis","AI_KENNIS; WEB_GECONTROLEERD","AI_KENNIS_HERBEOORDEELD","Redactionele AI-indeling; geen HIGH-evidence of menselijke beoordeling."
"LS1000-0232","aanvullende genres","ideeën","","Aanvullende genres opnieuw inhoudelijk afgewogen; uitsluitend canonieke genres, doelgroep en werkvorm blijven afzonderlijk."
"LS1000-0233","hoofdcategorie NL","Filosofie & psychologie","Filosofie & religie","Inhoudelijke AI-herbeoordeling van dit werk; geen auteur-/titelwoordregel."
"LS1000-0233","hoofdcategorie EN","Philosophy & Psychology","Philosophy & Religion","NL/EN verwijzen naar dezelfde categorie-ID."
"LS1000-0233","classificatiebasis","AI_KENNIS; WEB_GECONTROLEERD","AI_KENNIS_HERBEOORDEELD","Redactionele AI-indeling; geen HIGH-evidence of menselijke beoordeling."
"LS1000-0233","aanvullende genres","ideeën","","Aanvullende genres opnieuw inhoudelijk afgewogen; uitsluitend canonieke genres, doelgroep en werkvorm blijven afzonderlijk."
"LS1000-0234","hoofdcategorie NL","Filosofie & psychologie","Psychologie & persoonlijke ontwikkeling","Inhoudelijke AI-herbeoordeling van dit werk; geen auteur-/titelwoordregel."
"LS1000-0234","hoofdcategorie EN","Philosophy & Psychology","Psychology & Self-Development","NL/EN verwijzen naar dezelfde categorie-ID."
"LS1000-0234","classificatiebasis","AI_KENNIS","AI_KENNIS_HERBEOORDEELD","Redactionele AI-indeling; geen HIGH-evidence of menselijke beoordeling."
"LS1000-0234","aanvullende genres","ideeën","","Aanvullende genres opnieuw inhoudelijk afgewogen; uitsluitend canonieke genres, doelgroep en werkvorm blijven afzonderlijk."
"LS1000-0235","hoofdcategorie NL","Filosofie & psychologie","Psychologie & persoonlijke ontwikkeling","Inhoudelijke AI-herbeoordeling van dit werk; geen auteur-/titelwoordregel."
"LS1000-0235","hoofdcategorie EN","Philosophy & Psychology","Psychology & Self-Development","NL/EN verwijzen naar dezelfde categorie-ID."
"LS1000-0235","classificatiebasis","AI_KENNIS","AI_KENNIS_HERBEOORDEELD","Redactionele AI-indeling; geen HIGH-evidence of menselijke beoordeling."
"LS1000-0235","aanvullende genres","ideeën","","Aanvullende genres opnieuw inhoudelijk afgewogen; uitsluitend canonieke genres, doelgroep en werkvorm blijven afzonderlijk."
"LS1000-0236","hoofdcategorie NL","Filosofie & psychologie","Wetenschap & natuur","Inhoudelijke AI-herbeoordeling van dit werk; geen auteur-/titelwoordregel."
"LS1000-0236","hoofdcategorie EN","Philosophy & Psychology","Science & Nature","NL/EN verwijzen naar dezelfde categorie-ID."
"LS1000-0236","classificatiebasis","AI_KENNIS","AI_KENNIS_HERBEOORDEELD","Redactionele AI-indeling; geen HIGH-evidence of menselijke beoordeling."
"LS1000-0236","aanvullende genres","ideeën","","Aanvullende genres opnieuw inhoudelijk afgewogen; uitsluitend canonieke genres, doelgroep en werkvorm blijven afzonderlijk."
"LS1000-0237","hoofdcategorie NL","Geschiedenis & maatschappij","Filosofie & religie","Inhoudelijke AI-herbeoordeling van dit werk; geen auteur-/titelwoordregel."
"LS1000-0237","hoofdcategorie EN","History & Society","Philosophy & Religion","NL/EN verwijzen naar dezelfde categorie-ID."
"LS1000-0237","classificatiebasis","AI_KENNIS; WEB_GECONTROLEERD","AI_KENNIS_HERBEOORDEELD","Redactionele AI-indeling; geen HIGH-evidence of menselijke beoordeling."
"LS1000-0237","aanvullende genres","maatschappij","","Aanvullende genres opnieuw inhoudelijk afgewogen; uitsluitend canonieke genres, doelgroep en werkvorm blijven afzonderlijk."
"LS1000-0238","hoofdcategorie NL","Geschiedenis & maatschappij","Maatschappij & actualiteit","Inhoudelijke AI-herbeoordeling van dit werk; geen auteur-/titelwoordregel."
"LS1000-0238","hoofdcategorie EN","History & Society","Society & Current Affairs","NL/EN verwijzen naar dezelfde categorie-ID."
"LS1000-0238","classificatiebasis","AI_KENNIS; WEB_GECONTROLEERD","AI_KENNIS_HERBEOORDEELD","Redactionele AI-indeling; geen HIGH-evidence of menselijke beoordeling."
"LS1000-0238","aanvullende genres","maatschappij","","Aanvullende genres opnieuw inhoudelijk afgewogen; uitsluitend canonieke genres, doelgroep en werkvorm blijven afzonderlijk."
"LS1000-0239","hoofdcategorie NL","Geschiedenis & maatschappij","Geschiedenis","Inhoudelijke AI-herbeoordeling van dit werk; geen auteur-/titelwoordregel."
"LS1000-0239","hoofdcategorie EN","History & Society","History","NL/EN verwijzen naar dezelfde categorie-ID."
"LS1000-0239","classificatiebasis","AI_KENNIS","AI_KENNIS_HERBEOORDEELD","Redactionele AI-indeling; geen HIGH-evidence of menselijke beoordeling."
"LS1000-0239","aanvullende genres","maatschappij","","Aanvullende genres opnieuw inhoudelijk afgewogen; uitsluitend canonieke genres, doelgroep en werkvorm blijven afzonderlijk."
"LS1000-0240","hoofdcategorie NL","Geschiedenis & maatschappij","Reizen","Inhoudelijke AI-herbeoordeling van dit werk; geen auteur-/titelwoordregel."
"LS1000-0240","hoofdcategorie EN","History & Society","Travel","NL/EN verwijzen naar dezelfde categorie-ID."
"LS1000-0240","classificatiebasis","AI_KENNIS","AI_KENNIS_HERBEOORDEELD","Redactionele AI-indeling; geen HIGH-evidence of menselijke beoordeling."
"LS1000-0240","aanvullende genres","maatschappij","","Aanvullende genres opnieuw inhoudelijk afgewogen; uitsluitend canonieke genres, doelgroep en werkvorm blijven afzonderlijk."
"LS1000-0241","hoofdcategorie NL","Geschiedenis & maatschappij","Geschiedenis","Inhoudelijke AI-herbeoordeling van dit werk; geen auteur-/titelwoordregel."
"LS1000-0241","hoofdcategorie EN","History & Society","History","NL/EN verwijzen naar dezelfde categorie-ID."
"LS1000-0241","oorspronkelijke publicatiejaar","2001","1999","AI-bibliografische correctie: oorspronkelijke publicatie in plaats van onjuist bron-/editiejaar; geen wijziging bestaand databasejaar."
"LS1000-0241","classificatiebasis","AI_KENNIS","AI_KENNIS_HERBEOORDEELD","Redactionele AI-indeling; geen HIGH-evidence of menselijke beoordeling."
"LS1000-0241","aanvullende genres","maatschappij","","Aanvullende genres opnieuw inhoudelijk afgewogen; uitsluitend canonieke genres, doelgroep en werkvorm blijven afzonderlijk."
"LS1000-0242","hoofdcategorie NL","Geschiedenis & maatschappij","Maatschappij & actualiteit","Inhoudelijke AI-herbeoordeling van dit werk; geen auteur-/titelwoordregel."
"LS1000-0242","hoofdcategorie EN","History & Society","Society & Current Affairs","NL/EN verwijzen naar dezelfde categorie-ID."
"LS1000-0242","classificatiebasis","AI_KENNIS","AI_KENNIS_HERBEOORDEELD","Redactionele AI-indeling; geen HIGH-evidence of menselijke beoordeling."
"LS1000-0242","aanvullende genres","maatschappij","","Aanvullende genres opnieuw inhoudelijk afgewogen; uitsluitend canonieke genres, doelgroep en werkvorm blijven afzonderlijk."
"LS1000-0243","hoofdcategorie NL","Geschiedenis & maatschappij","Maatschappij & actualiteit","Inhoudelijke AI-herbeoordeling van dit werk; geen auteur-/titelwoordregel."
"LS1000-0243","hoofdcategorie EN","History & Society","Society & Current Affairs","NL/EN verwijzen naar dezelfde categorie-ID."
"LS1000-0243","classificatiebasis","AI_KENNIS","AI_KENNIS_HERBEOORDEELD","Redactionele AI-indeling; geen HIGH-evidence of menselijke beoordeling."
"LS1000-0243","aanvullende genres","maatschappij","","Aanvullende genres opnieuw inhoudelijk afgewogen; uitsluitend canonieke genres, doelgroep en werkvorm blijven afzonderlijk."
"LS1000-0244","hoofdcategorie NL","Geschiedenis & maatschappij","Economie & ondernemerschap","Inhoudelijke AI-herbeoordeling van dit werk; geen auteur-/titelwoordregel."
"LS1000-0244","hoofdcategorie EN","History & Society","Economics & Business","NL/EN verwijzen naar dezelfde categorie-ID."
"LS1000-0244","classificatiebasis","AI_KENNIS","AI_KENNIS_HERBEOORDEELD","Redactionele AI-indeling; geen HIGH-evidence of menselijke beoordeling."
"LS1000-0244","aanvullende genres","maatschappij","","Aanvullende genres opnieuw inhoudelijk afgewogen; uitsluitend canonieke genres, doelgroep en werkvorm blijven afzonderlijk."
"LS1000-0245","hoofdcategorie NL","Geschiedenis & maatschappij","Maatschappij & actualiteit","Inhoudelijke AI-herbeoordeling van dit werk; geen auteur-/titelwoordregel."
"LS1000-0245","hoofdcategorie EN","History & Society","Society & Current Affairs","NL/EN verwijzen naar dezelfde categorie-ID."
"LS1000-0245","classificatiebasis","AI_KENNIS; WEB_GECONTROLEERD","AI_KENNIS_HERBEOORDEELD","Redactionele AI-indeling; geen HIGH-evidence of menselijke beoordeling."
"LS1000-0245","aanvullende genres","maatschappij","","Aanvullende genres opnieuw inhoudelijk afgewogen; uitsluitend canonieke genres, doelgroep en werkvorm blijven afzonderlijk."
"LS1000-0246","hoofdcategorie NL","Geschiedenis & maatschappij","Geschiedenis","Inhoudelijke AI-herbeoordeling van dit werk; geen auteur-/titelwoordregel."
"LS1000-0246","hoofdcategorie EN","History & Society","History","NL/EN verwijzen naar dezelfde categorie-ID."
"LS1000-0246","classificatiebasis","AI_KENNIS","AI_KENNIS_HERBEOORDEELD","Redactionele AI-indeling; geen HIGH-evidence of menselijke beoordeling."
"LS1000-0246","aanvullende genres","maatschappij","","Aanvullende genres opnieuw inhoudelijk afgewogen; uitsluitend canonieke genres, doelgroep en werkvorm blijven afzonderlijk."
"LS1000-0247","hoofdcategorie NL","Geschiedenis & maatschappij","Geschiedenis","Inhoudelijke AI-herbeoordeling van dit werk; geen auteur-/titelwoordregel."
"LS1000-0247","hoofdcategorie EN","History & Society","History","NL/EN verwijzen naar dezelfde categorie-ID."
"LS1000-0247","oorspronkelijke publicatiejaar","2018","2015","AI-bibliografische correctie: oorspronkelijke publicatie in plaats van onjuist bron-/editiejaar; geen wijziging bestaand databasejaar."
"LS1000-0247","classificatiebasis","AI_KENNIS","AI_KENNIS_HERBEOORDEELD","Redactionele AI-indeling; geen HIGH-evidence of menselijke beoordeling."
"LS1000-0247","aanvullende genres","maatschappij","","Aanvullende genres opnieuw inhoudelijk afgewogen; uitsluitend canonieke genres, doelgroep en werkvorm blijven afzonderlijk."
"LS1000-0248","hoofdcategorie NL","Geschiedenis & maatschappij","Geschiedenis","Inhoudelijke AI-herbeoordeling van dit werk; geen auteur-/titelwoordregel."
"LS1000-0248","hoofdcategorie EN","History & Society","History","NL/EN verwijzen naar dezelfde categorie-ID."
"LS1000-0248","classificatiebasis","AI_KENNIS","AI_KENNIS_HERBEOORDEELD","Redactionele AI-indeling; geen HIGH-evidence of menselijke beoordeling."
"LS1000-0248","aanvullende genres","maatschappij","","Aanvullende genres opnieuw inhoudelijk afgewogen; uitsluitend canonieke genres, doelgroep en werkvorm blijven afzonderlijk."
"LS1000-0249","hoofdcategorie NL","Geschiedenis & maatschappij","Biografie & memoires","Inhoudelijke AI-herbeoordeling van dit werk; geen auteur-/titelwoordregel."
"LS1000-0249","hoofdcategorie EN","History & Society","Biography & Memoir","NL/EN verwijzen naar dezelfde categorie-ID."
"LS1000-0249","classificatiebasis","AI_KENNIS","AI_KENNIS_HERBEOORDEELD","Redactionele AI-indeling; geen HIGH-evidence of menselijke beoordeling."
"LS1000-0249","aanvullende genres","maatschappij","","Aanvullende genres opnieuw inhoudelijk afgewogen; uitsluitend canonieke genres, doelgroep en werkvorm blijven afzonderlijk."
"LS1000-0250","hoofdcategorie NL","Geschiedenis & maatschappij","Geschiedenis","Inhoudelijke AI-herbeoordeling van dit werk; geen auteur-/titelwoordregel."
"LS1000-0250","hoofdcategorie EN","History & Society","History","NL/EN verwijzen naar dezelfde categorie-ID."
"LS1000-0250","oorspronkelijke publicatiejaar","1997","1996","AI-bibliografische correctie: oorspronkelijke publicatie in plaats van onjuist bron-/editiejaar; geen wijziging bestaand databasejaar."
"LS1000-0250","classificatiebasis","AI_KENNIS","AI_KENNIS_HERBEOORDEELD","Redactionele AI-indeling; geen HIGH-evidence of menselijke beoordeling."
"LS1000-0250","aanvullende genres","maatschappij","","Aanvullende genres opnieuw inhoudelijk afgewogen; uitsluitend canonieke genres, doelgroep en werkvorm blijven afzonderlijk."
"LS1000-0251","hoofdcategorie NL","Geschiedenis & maatschappij","Maatschappij & actualiteit","Inhoudelijke AI-herbeoordeling van dit werk; geen auteur-/titelwoordregel."
"LS1000-0251","hoofdcategorie EN","History & Society","Society & Current Affairs","NL/EN verwijzen naar dezelfde categorie-ID."
"LS1000-0251","classificatiebasis","AI_KENNIS; WEB_GECONTROLEERD","AI_KENNIS_HERBEOORDEELD","Redactionele AI-indeling; geen HIGH-evidence of menselijke beoordeling."
"LS1000-0251","aanvullende genres","maatschappij","","Aanvullende genres opnieuw inhoudelijk afgewogen; uitsluitend canonieke genres, doelgroep en werkvorm blijven afzonderlijk."
"LS1000-0252","hoofdcategorie NL","Geschiedenis & maatschappij","Geschiedenis","Inhoudelijke AI-herbeoordeling van dit werk; geen auteur-/titelwoordregel."
"LS1000-0252","hoofdcategorie EN","History & Society","History","NL/EN verwijzen naar dezelfde categorie-ID."
"LS1000-0252","classificatiebasis","AI_KENNIS","AI_KENNIS_HERBEOORDEELD","Redactionele AI-indeling; geen HIGH-evidence of menselijke beoordeling."
"LS1000-0252","aanvullende genres","maatschappij","","Aanvullende genres opnieuw inhoudelijk afgewogen; uitsluitend canonieke genres, doelgroep en werkvorm blijven afzonderlijk."
"LS1000-0253","hoofdcategorie NL","Geschiedenis & maatschappij","Maatschappij & actualiteit","Inhoudelijke AI-herbeoordeling van dit werk; geen auteur-/titelwoordregel."
"LS1000-0253","hoofdcategorie EN","History & Society","Society & Current Affairs","NL/EN verwijzen naar dezelfde categorie-ID."
"LS1000-0253","oorspronkelijke publicatiejaar","2014","2013","AI-bibliografische correctie: oorspronkelijke publicatie in plaats van onjuist bron-/editiejaar; geen wijziging bestaand databasejaar."
"LS1000-0253","classificatiebasis","AI_KENNIS","AI_KENNIS_HERBEOORDEELD","Redactionele AI-indeling; geen HIGH-evidence of menselijke beoordeling."
"LS1000-0253","aanvullende genres","maatschappij","","Aanvullende genres opnieuw inhoudelijk afgewogen; uitsluitend canonieke genres, doelgroep en werkvorm blijven afzonderlijk."
"LS1000-0254","oorspronkelijke publicatiejaar","1800","1859","1859 publicatie, geen generiek 1800."
"LS1000-0254","classificatiebasis","AI_KENNIS","AI_KENNIS_HERBEOORDEELD","Redactionele AI-indeling; geen HIGH-evidence of menselijke beoordeling."
"LS1000-0254","aanvullende genres","klassieker; historische roman","","Aanvullende genres opnieuw inhoudelijk afgewogen; uitsluitend canonieke genres, doelgroep en werkvorm blijven afzonderlijk."
"LS1000-0255","classificatiebasis","AI_KENNIS; WEB_GECONTROLEERD","AI_KENNIS_HERBEOORDEELD","Redactionele AI-indeling; geen HIGH-evidence of menselijke beoordeling."
"LS1000-0255","aanvullende genres","coming-of-age; historische roman","","Aanvullende genres opnieuw inhoudelijk afgewogen; uitsluitend canonieke genres, doelgroep en werkvorm blijven afzonderlijk."
"LS1000-0256","hoofdcategorie NL","Historische fictie","Literaire & algemene fictie","Inhoudelijke AI-herbeoordeling van dit werk; geen auteur-/titelwoordregel."
"LS1000-0256","hoofdcategorie EN","Historical Fiction","Literary & General Fiction","NL/EN verwijzen naar dezelfde categorie-ID."
"LS1000-0256","oorspronkelijke publicatiejaar","1876","1884","AI-bibliografische correctie: oorspronkelijke publicatie in plaats van onjuist bron-/editiejaar; geen wijziging bestaand databasejaar."
"LS1000-0256","classificatiebasis","AI_KENNIS","AI_KENNIS_HERBEOORDEELD","Redactionele AI-indeling; geen HIGH-evidence of menselijke beoordeling."
"LS1000-0256","aanvullende genres","klassieker; historische roman","","Aanvullende genres opnieuw inhoudelijk afgewogen; uitsluitend canonieke genres, doelgroep en werkvorm blijven afzonderlijk."
"LS1000-0257","classificatiebasis","AI_KENNIS","AI_KENNIS_HERBEOORDEELD","Redactionele AI-indeling; geen HIGH-evidence of menselijke beoordeling."
"LS1000-0257","aanvullende genres","klassieker; historische roman","","Aanvullende genres opnieuw inhoudelijk afgewogen; uitsluitend canonieke genres, doelgroep en werkvorm blijven afzonderlijk."
"LS1000-0258","classificatiebasis","AI_KENNIS","AI_KENNIS_HERBEOORDEELD","Redactionele AI-indeling; geen HIGH-evidence of menselijke beoordeling."
"LS1000-0258","aanvullende genres","klassieker; historische roman","","Aanvullende genres opnieuw inhoudelijk afgewogen; uitsluitend canonieke genres, doelgroep en werkvorm blijven afzonderlijk."
"LS1000-0259","classificatiebasis","AI_KENNIS","AI_KENNIS_HERBEOORDEELD","Redactionele AI-indeling; geen HIGH-evidence of menselijke beoordeling."
"LS1000-0259","aanvullende genres","klassieker; historische roman","Horror","Aanvullende genres opnieuw inhoudelijk afgewogen; uitsluitend canonieke genres, doelgroep en werkvorm blijven afzonderlijk."
"LS1000-0260","hoofdcategorie NL","Historische fictie","Literaire & algemene fictie","Inhoudelijke AI-herbeoordeling van dit werk; geen auteur-/titelwoordregel."
"LS1000-0260","hoofdcategorie EN","Historical Fiction","Literary & General Fiction","NL/EN verwijzen naar dezelfde categorie-ID."
"LS1000-0260","classificatiebasis","AI_KENNIS","AI_KENNIS_HERBEOORDEELD","Redactionele AI-indeling; geen HIGH-evidence of menselijke beoordeling."
"LS1000-0260","aanvullende genres","klassieker; historische roman","","Aanvullende genres opnieuw inhoudelijk afgewogen; uitsluitend canonieke genres, doelgroep en werkvorm blijven afzonderlijk."
"LS1000-0261","hoofdcategorie NL","Historische fictie","Literaire & algemene fictie","Inhoudelijke AI-herbeoordeling van dit werk; geen auteur-/titelwoordregel."
"LS1000-0261","hoofdcategorie EN","Historical Fiction","Literary & General Fiction","NL/EN verwijzen naar dezelfde categorie-ID."
"LS1000-0261","oorspronkelijke publicatiejaar","1800","1849","AI-bibliografische correctie: oorspronkelijke publicatie in plaats van onjuist bron-/editiejaar; geen wijziging bestaand databasejaar."
"LS1000-0261","classificatiebasis","AI_KENNIS","AI_KENNIS_HERBEOORDEELD","Redactionele AI-indeling; geen HIGH-evidence of menselijke beoordeling."
"LS1000-0261","aanvullende genres","klassieker; historische roman","","Aanvullende genres opnieuw inhoudelijk afgewogen; uitsluitend canonieke genres, doelgroep en werkvorm blijven afzonderlijk."
"LS1000-0262","classificatiebasis","AI_KENNIS","AI_KENNIS_HERBEOORDEELD","Redactionele AI-indeling; geen HIGH-evidence of menselijke beoordeling."
"LS1000-0262","aanvullende genres","historische roman","","Aanvullende genres opnieuw inhoudelijk afgewogen; uitsluitend canonieke genres, doelgroep en werkvorm blijven afzonderlijk."
"LS1000-0263","hoofdcategorie NL","Historische fictie","Detectives & misdaadfictie","Inhoudelijke AI-herbeoordeling van dit werk; geen auteur-/titelwoordregel."
"LS1000-0263","hoofdcategorie EN","Historical Fiction","Mystery & Crime Fiction","NL/EN verwijzen naar dezelfde categorie-ID."
"LS1000-0263","classificatiebasis","AI_KENNIS","AI_KENNIS_HERBEOORDEELD","Redactionele AI-indeling; geen HIGH-evidence of menselijke beoordeling."
"LS1000-0263","aanvullende genres","klassieker; historische roman","","Aanvullende genres opnieuw inhoudelijk afgewogen; uitsluitend canonieke genres, doelgroep en werkvorm blijven afzonderlijk."
"LS1000-0264","hoofdcategorie NL","Historische fictie","Literaire & algemene fictie","Inhoudelijke AI-herbeoordeling van dit werk; geen auteur-/titelwoordregel."
"LS1000-0264","hoofdcategorie EN","Historical Fiction","Literary & General Fiction","NL/EN verwijzen naar dezelfde categorie-ID."
"LS1000-0264","classificatiebasis","AI_KENNIS","AI_KENNIS_HERBEOORDEELD","Redactionele AI-indeling; geen HIGH-evidence of menselijke beoordeling."
"LS1000-0264","aanvullende genres","klassieker; historische roman","","Aanvullende genres opnieuw inhoudelijk afgewogen; uitsluitend canonieke genres, doelgroep en werkvorm blijven afzonderlijk."
"LS1000-0265","hoofdcategorie NL","Historische fictie","Literaire & algemene fictie","Inhoudelijke AI-herbeoordeling van dit werk; geen auteur-/titelwoordregel."
"LS1000-0265","hoofdcategorie EN","Historical Fiction","Literary & General Fiction","NL/EN verwijzen naar dezelfde categorie-ID."
"LS1000-0265","classificatiebasis","AI_KENNIS","AI_KENNIS_HERBEOORDEELD","Redactionele AI-indeling; geen HIGH-evidence of menselijke beoordeling."
"LS1000-0265","aanvullende genres","klassieker; historische roman","","Aanvullende genres opnieuw inhoudelijk afgewogen; uitsluitend canonieke genres, doelgroep en werkvorm blijven afzonderlijk."
"LS1000-0266","classificatiebasis","AI_KENNIS","AI_KENNIS_HERBEOORDEELD","Redactionele AI-indeling; geen HIGH-evidence of menselijke beoordeling."
"LS1000-0266","aanvullende genres","klassieker; historische roman","","Aanvullende genres opnieuw inhoudelijk afgewogen; uitsluitend canonieke genres, doelgroep en werkvorm blijven afzonderlijk."
"LS1000-0267","hoofdcategorie NL","Historische fictie","Literaire & algemene fictie","Inhoudelijke AI-herbeoordeling van dit werk; geen auteur-/titelwoordregel."
"LS1000-0267","hoofdcategorie EN","Historical Fiction","Literary & General Fiction","NL/EN verwijzen naar dezelfde categorie-ID."
"LS1000-0267","classificatiebasis","AI_KENNIS","AI_KENNIS_HERBEOORDEELD","Redactionele AI-indeling; geen HIGH-evidence of menselijke beoordeling."
"LS1000-0267","aanvullende genres","klassieker; historische roman","","Aanvullende genres opnieuw inhoudelijk afgewogen; uitsluitend canonieke genres, doelgroep en werkvorm blijven afzonderlijk."
"LS1000-0268","classificatiebasis","AI_KENNIS","AI_KENNIS_HERBEOORDEELD","Redactionele AI-indeling; geen HIGH-evidence of menselijke beoordeling."
"LS1000-0268","aanvullende genres","historische roman","","Aanvullende genres opnieuw inhoudelijk afgewogen; uitsluitend canonieke genres, doelgroep en werkvorm blijven afzonderlijk."
"LS1000-0269","classificatiebasis","AI_KENNIS; WEB_GECONTROLEERD","AI_KENNIS_HERBEOORDEELD","Redactionele AI-indeling; geen HIGH-evidence of menselijke beoordeling."
"LS1000-0269","aanvullende genres","historische roman","","Aanvullende genres opnieuw inhoudelijk afgewogen; uitsluitend canonieke genres, doelgroep en werkvorm blijven afzonderlijk."
"LS1000-0270","hoofdcategorie NL","Historische fictie","Literaire & algemene fictie","Inhoudelijke AI-herbeoordeling van dit werk; geen auteur-/titelwoordregel."
"LS1000-0270","hoofdcategorie EN","Historical Fiction","Literary & General Fiction","NL/EN verwijzen naar dezelfde categorie-ID."
"LS1000-0270","oorspronkelijke publicatiejaar","1848","1868","AI-bibliografische correctie: oorspronkelijke publicatie in plaats van onjuist bron-/editiejaar; geen wijziging bestaand databasejaar."
"LS1000-0270","classificatiebasis","AI_KENNIS","AI_KENNIS_HERBEOORDEELD","Redactionele AI-indeling; geen HIGH-evidence of menselijke beoordeling."
"LS1000-0270","aanvullende genres","klassieker; historische roman","","Aanvullende genres opnieuw inhoudelijk afgewogen; uitsluitend canonieke genres, doelgroep en werkvorm blijven afzonderlijk."
"LS1000-0271","hoofdcategorie NL","Historische fictie","Literaire & algemene fictie","Inhoudelijke AI-herbeoordeling van dit werk; geen auteur-/titelwoordregel."
"LS1000-0271","hoofdcategorie EN","Historical Fiction","Literary & General Fiction","NL/EN verwijzen naar dezelfde categorie-ID."
"LS1000-0271","classificatiebasis","AI_KENNIS; WEB_GECONTROLEERD","AI_KENNIS_HERBEOORDEELD","Redactionele AI-indeling; geen HIGH-evidence of menselijke beoordeling."
"LS1000-0271","aanvullende genres","historische roman","","Aanvullende genres opnieuw inhoudelijk afgewogen; uitsluitend canonieke genres, doelgroep en werkvorm blijven afzonderlijk."
"LS1000-0272","hoofdcategorie NL","Historische fictie","Literaire & algemene fictie","Inhoudelijke AI-herbeoordeling van dit werk; geen auteur-/titelwoordregel."
"LS1000-0272","hoofdcategorie EN","Historical Fiction","Literary & General Fiction","NL/EN verwijzen naar dezelfde categorie-ID."
"LS1000-0272","classificatiebasis","AI_KENNIS","AI_KENNIS_HERBEOORDEELD","Redactionele AI-indeling; geen HIGH-evidence of menselijke beoordeling."
"LS1000-0272","aanvullende genres","klassieker; historische roman","","Aanvullende genres opnieuw inhoudelijk afgewogen; uitsluitend canonieke genres, doelgroep en werkvorm blijven afzonderlijk."
"LS1000-0273","hoofdcategorie NL","Historische fictie","Literaire & algemene fictie","Inhoudelijke AI-herbeoordeling van dit werk; geen auteur-/titelwoordregel."
"LS1000-0273","hoofdcategorie EN","Historical Fiction","Literary & General Fiction","NL/EN verwijzen naar dezelfde categorie-ID."
"LS1000-0273","oorspronkelijke publicatiejaar","1822","1837","AI-bibliografische correctie: oorspronkelijke publicatie in plaats van onjuist bron-/editiejaar; geen wijziging bestaand databasejaar."
"LS1000-0273","classificatiebasis","AI_KENNIS","AI_KENNIS_HERBEOORDEELD","Redactionele AI-indeling; geen HIGH-evidence of menselijke beoordeling."
"LS1000-0273","aanvullende genres","klassieker; historische roman","","Aanvullende genres opnieuw inhoudelijk afgewogen; uitsluitend canonieke genres, doelgroep en werkvorm blijven afzonderlijk."
"LS1000-0274","classificatiebasis","AI_KENNIS","AI_KENNIS_HERBEOORDEELD","Redactionele AI-indeling; geen HIGH-evidence of menselijke beoordeling."
"LS1000-0274","aanvullende genres","historische roman","","Aanvullende genres opnieuw inhoudelijk afgewogen; uitsluitend canonieke genres, doelgroep en werkvorm blijven afzonderlijk."
"LS1000-0275","classificatiebasis","AI_KENNIS","AI_KENNIS_HERBEOORDEELD","Redactionele AI-indeling; geen HIGH-evidence of menselijke beoordeling."
"LS1000-0275","aanvullende genres","coming-of-age; historische roman","","Aanvullende genres opnieuw inhoudelijk afgewogen; uitsluitend canonieke genres, doelgroep en werkvorm blijven afzonderlijk."
"LS1000-0276","classificatiebasis","AI_KENNIS","AI_KENNIS_HERBEOORDEELD","Redactionele AI-indeling; geen HIGH-evidence of menselijke beoordeling."
"LS1000-0276","aanvullende genres","coming-of-age; historische roman","","Aanvullende genres opnieuw inhoudelijk afgewogen; uitsluitend canonieke genres, doelgroep en werkvorm blijven afzonderlijk."
"LS1000-0277","hoofdcategorie NL","Historische fictie","Literaire & algemene fictie","Inhoudelijke AI-herbeoordeling van dit werk; geen auteur-/titelwoordregel."
"LS1000-0277","hoofdcategorie EN","Historical Fiction","Literary & General Fiction","NL/EN verwijzen naar dezelfde categorie-ID."
"LS1000-0277","classificatiebasis","AI_KENNIS","AI_KENNIS_HERBEOORDEELD","Redactionele AI-indeling; geen HIGH-evidence of menselijke beoordeling."
"LS1000-0277","aanvullende genres","klassieker; historische roman","","Aanvullende genres opnieuw inhoudelijk afgewogen; uitsluitend canonieke genres, doelgroep en werkvorm blijven afzonderlijk."
"LS1000-0278","classificatiebasis","AI_KENNIS; WEB_GECONTROLEERD","AI_KENNIS_HERBEOORDEELD","Redactionele AI-indeling; geen HIGH-evidence of menselijke beoordeling."
"LS1000-0278","aanvullende genres","historische roman","","Aanvullende genres opnieuw inhoudelijk afgewogen; uitsluitend canonieke genres, doelgroep en werkvorm blijven afzonderlijk."
"LS1000-0279","classificatiebasis","AI_KENNIS; WEB_GECONTROLEERD","AI_KENNIS_HERBEOORDEELD","Redactionele AI-indeling; geen HIGH-evidence of menselijke beoordeling."
"LS1000-0279","aanvullende genres","historische roman","","Aanvullende genres opnieuw inhoudelijk afgewogen; uitsluitend canonieke genres, doelgroep en werkvorm blijven afzonderlijk."
"LS1000-0280","hoofdcategorie NL","Historische fictie","Literaire & algemene fictie","Inhoudelijke AI-herbeoordeling van dit werk; geen auteur-/titelwoordregel."
"LS1000-0280","hoofdcategorie EN","Historical Fiction","Literary & General Fiction","NL/EN verwijzen naar dezelfde categorie-ID."
"LS1000-0280","classificatiebasis","AI_KENNIS","AI_KENNIS_HERBEOORDEELD","Redactionele AI-indeling; geen HIGH-evidence of menselijke beoordeling."
"LS1000-0280","aanvullende genres","klassieker; historische roman","","Aanvullende genres opnieuw inhoudelijk afgewogen; uitsluitend canonieke genres, doelgroep en werkvorm blijven afzonderlijk."
"LS1000-0281","hoofdcategorie NL","Historische fictie","Literaire & algemene fictie","Inhoudelijke AI-herbeoordeling van dit werk; geen auteur-/titelwoordregel."
"LS1000-0281","hoofdcategorie EN","Historical Fiction","Literary & General Fiction","NL/EN verwijzen naar dezelfde categorie-ID."
"LS1000-0281","oorspronkelijke publicatiejaar","1933","1934","AI-bibliografische correctie: oorspronkelijke publicatie in plaats van onjuist bron-/editiejaar; geen wijziging bestaand databasejaar."
"LS1000-0281","classificatiebasis","AI_KENNIS","AI_KENNIS_HERBEOORDEELD","Redactionele AI-indeling; geen HIGH-evidence of menselijke beoordeling."
"LS1000-0281","aanvullende genres","klassieker; historische roman","","Aanvullende genres opnieuw inhoudelijk afgewogen; uitsluitend canonieke genres, doelgroep en werkvorm blijven afzonderlijk."
"LS1000-0282","hoofdcategorie NL","Historische fictie","Literaire & algemene fictie","Inhoudelijke AI-herbeoordeling van dit werk; geen auteur-/titelwoordregel."
"LS1000-0282","hoofdcategorie EN","Historical Fiction","Literary & General Fiction","NL/EN verwijzen naar dezelfde categorie-ID."
"LS1000-0282","oorspronkelijke publicatiejaar","1817","1876","AI-bibliografische correctie: oorspronkelijke publicatie in plaats van onjuist bron-/editiejaar; geen wijziging bestaand databasejaar."
"LS1000-0282","classificatiebasis","AI_KENNIS","AI_KENNIS_HERBEOORDEELD","Redactionele AI-indeling; geen HIGH-evidence of menselijke beoordeling."
"LS1000-0282","aanvullende genres","klassieker; historische roman","","Aanvullende genres opnieuw inhoudelijk afgewogen; uitsluitend canonieke genres, doelgroep en werkvorm blijven afzonderlijk."
"LS1000-0283","classificatiebasis","AI_KENNIS","AI_KENNIS_HERBEOORDEELD","Redactionele AI-indeling; geen HIGH-evidence of menselijke beoordeling."
"LS1000-0283","aanvullende genres","klassieker; historische roman","","Aanvullende genres opnieuw inhoudelijk afgewogen; uitsluitend canonieke genres, doelgroep en werkvorm blijven afzonderlijk."
"LS1000-0284","hoofdcategorie NL","Historische fictie","Literaire & algemene fictie","Inhoudelijke AI-herbeoordeling van dit werk; geen auteur-/titelwoordregel."
"LS1000-0284","hoofdcategorie EN","Historical Fiction","Literary & General Fiction","NL/EN verwijzen naar dezelfde categorie-ID."
"LS1000-0284","classificatiebasis","AI_KENNIS","AI_KENNIS_HERBEOORDEELD","Redactionele AI-indeling; geen HIGH-evidence of menselijke beoordeling."
"LS1000-0284","aanvullende genres","klassieker; historische roman","","Aanvullende genres opnieuw inhoudelijk afgewogen; uitsluitend canonieke genres, doelgroep en werkvorm blijven afzonderlijk."
"LS1000-0285","oorspronkelijke publicatiejaar","1990","2001","AI-bibliografische correctie: oorspronkelijke publicatie in plaats van onjuist bron-/editiejaar; geen wijziging bestaand databasejaar."
"LS1000-0285","classificatiebasis","AI_KENNIS","AI_KENNIS_HERBEOORDEELD","Redactionele AI-indeling; geen HIGH-evidence of menselijke beoordeling."
"LS1000-0285","aanvullende genres","historische roman","","Aanvullende genres opnieuw inhoudelijk afgewogen; uitsluitend canonieke genres, doelgroep en werkvorm blijven afzonderlijk."
"LS1000-0286","oorspronkelijke publicatiejaar","1998","2005","AI-bibliografische correctie: oorspronkelijke publicatie in plaats van onjuist bron-/editiejaar; geen wijziging bestaand databasejaar."
"LS1000-0286","classificatiebasis","AI_KENNIS","AI_KENNIS_HERBEOORDEELD","Redactionele AI-indeling; geen HIGH-evidence of menselijke beoordeling."
"LS1000-0286","aanvullende genres","coming-of-age; historische roman","","Aanvullende genres opnieuw inhoudelijk afgewogen; uitsluitend canonieke genres, doelgroep en werkvorm blijven afzonderlijk."
"LS1000-0287","oorspronkelijke publicatiejaar","1830","1844","AI-bibliografische correctie: oorspronkelijke publicatie in plaats van onjuist bron-/editiejaar; geen wijziging bestaand databasejaar."
"LS1000-0287","classificatiebasis","AI_KENNIS","AI_KENNIS_HERBEOORDEELD","Redactionele AI-indeling; geen HIGH-evidence of menselijke beoordeling."
"LS1000-0287","aanvullende genres","klassieker; historische roman","","Aanvullende genres opnieuw inhoudelijk afgewogen; uitsluitend canonieke genres, doelgroep en werkvorm blijven afzonderlijk."
"LS1000-0288","classificatiebasis","AI_KENNIS","AI_KENNIS_HERBEOORDEELD","Redactionele AI-indeling; geen HIGH-evidence of menselijke beoordeling."
"LS1000-0288","aanvullende genres","klassieker; historische roman","","Aanvullende genres opnieuw inhoudelijk afgewogen; uitsluitend canonieke genres, doelgroep en werkvorm blijven afzonderlijk."
"LS1000-0289","classificatiebasis","AI_KENNIS; WEB_GECONTROLEERD","AI_KENNIS_HERBEOORDEELD","Redactionele AI-indeling; geen HIGH-evidence of menselijke beoordeling."
"LS1000-0289","aanvullende genres","historische roman","","Aanvullende genres opnieuw inhoudelijk afgewogen; uitsluitend canonieke genres, doelgroep en werkvorm blijven afzonderlijk."
"LS1000-0290","hoofdcategorie NL","Historische fictie","Literaire & algemene fictie","Inhoudelijke AI-herbeoordeling van dit werk; geen auteur-/titelwoordregel."
"LS1000-0290","hoofdcategorie EN","Historical Fiction","Literary & General Fiction","NL/EN verwijzen naar dezelfde categorie-ID."
"LS1000-0290","classificatiebasis","AI_KENNIS","AI_KENNIS_HERBEOORDEELD","Redactionele AI-indeling; geen HIGH-evidence of menselijke beoordeling."
"LS1000-0290","aanvullende genres","klassieker; historische roman","","Aanvullende genres opnieuw inhoudelijk afgewogen; uitsluitend canonieke genres, doelgroep en werkvorm blijven afzonderlijk."
"LS1000-0291","classificatiebasis","AI_KENNIS","AI_KENNIS_HERBEOORDEELD","Redactionele AI-indeling; geen HIGH-evidence of menselijke beoordeling."
"LS1000-0291","aanvullende genres","historische roman","","Aanvullende genres opnieuw inhoudelijk afgewogen; uitsluitend canonieke genres, doelgroep en werkvorm blijven afzonderlijk."
"LS1000-0292","classificatiebasis","AI_KENNIS","AI_KENNIS_HERBEOORDEELD","Redactionele AI-indeling; geen HIGH-evidence of menselijke beoordeling."
"LS1000-0292","aanvullende genres","klassieker; historische roman","","Aanvullende genres opnieuw inhoudelijk afgewogen; uitsluitend canonieke genres, doelgroep en werkvorm blijven afzonderlijk."
"LS1000-0293","hoofdcategorie NL","Historische fictie","Literaire & algemene fictie","Inhoudelijke AI-herbeoordeling van dit werk; geen auteur-/titelwoordregel."
"LS1000-0293","hoofdcategorie EN","Historical Fiction","Literary & General Fiction","NL/EN verwijzen naar dezelfde categorie-ID."
"LS1000-0293","oorspronkelijke publicatiejaar","1791","1906","AI-bibliografische correctie: oorspronkelijke publicatie in plaats van onjuist bron-/editiejaar; geen wijziging bestaand databasejaar."
"LS1000-0293","classificatiebasis","AI_KENNIS","AI_KENNIS_HERBEOORDEELD","Redactionele AI-indeling; geen HIGH-evidence of menselijke beoordeling."
"LS1000-0293","aanvullende genres","klassieker; historische roman","","Aanvullende genres opnieuw inhoudelijk afgewogen; uitsluitend canonieke genres, doelgroep en werkvorm blijven afzonderlijk."
"LS1000-0294","classificatiebasis","AI_KENNIS","AI_KENNIS_HERBEOORDEELD","Redactionele AI-indeling; geen HIGH-evidence of menselijke beoordeling."
"LS1000-0294","aanvullende genres","klassieker; historische roman","","Aanvullende genres opnieuw inhoudelijk afgewogen; uitsluitend canonieke genres, doelgroep en werkvorm blijven afzonderlijk."
"LS1000-0295","hoofdcategorie NL","Historische fictie","Literaire & algemene fictie","Inhoudelijke AI-herbeoordeling van dit werk; geen auteur-/titelwoordregel."
"LS1000-0295","hoofdcategorie EN","Historical Fiction","Literary & General Fiction","NL/EN verwijzen naar dezelfde categorie-ID."
"LS1000-0295","oorspronkelijke publicatiejaar","1945","1947","AI-bibliografische correctie: oorspronkelijke publicatie in plaats van onjuist bron-/editiejaar; geen wijziging bestaand databasejaar."
"LS1000-0295","classificatiebasis","AI_KENNIS","AI_KENNIS_HERBEOORDEELD","Redactionele AI-indeling; geen HIGH-evidence of menselijke beoordeling."
"LS1000-0295","aanvullende genres","klassieker; historische roman","","Aanvullende genres opnieuw inhoudelijk afgewogen; uitsluitend canonieke genres, doelgroep en werkvorm blijven afzonderlijk."
"LS1000-0296","classificatiebasis","AI_KENNIS; WEB_GECONTROLEERD","AI_KENNIS_HERBEOORDEELD","Redactionele AI-indeling; geen HIGH-evidence of menselijke beoordeling."
"LS1000-0296","aanvullende genres","historische roman","","Aanvullende genres opnieuw inhoudelijk afgewogen; uitsluitend canonieke genres, doelgroep en werkvorm blijven afzonderlijk."
"LS1000-0297","classificatiebasis","AI_KENNIS; WEB_GECONTROLEERD","AI_KENNIS_HERBEOORDEELD","Redactionele AI-indeling; geen HIGH-evidence of menselijke beoordeling."
"LS1000-0297","aanvullende genres","klassieker; historische roman","","Aanvullende genres opnieuw inhoudelijk afgewogen; uitsluitend canonieke genres, doelgroep en werkvorm blijven afzonderlijk."
"LS1000-0298","oorspronkelijke publicatiejaar","1800","1850","AI-bibliografische correctie: oorspronkelijke publicatie in plaats van onjuist bron-/editiejaar; geen wijziging bestaand databasejaar."
"LS1000-0298","classificatiebasis","AI_KENNIS","AI_KENNIS_HERBEOORDEELD","Redactionele AI-indeling; geen HIGH-evidence of menselijke beoordeling."
"LS1000-0298","aanvullende genres","klassieker; historische roman","","Aanvullende genres opnieuw inhoudelijk afgewogen; uitsluitend canonieke genres, doelgroep en werkvorm blijven afzonderlijk."
"LS1000-0299","hoofdcategorie NL","Historische fictie","Literaire & algemene fictie","Inhoudelijke AI-herbeoordeling van dit werk; geen auteur-/titelwoordregel."
"LS1000-0299","hoofdcategorie EN","Historical Fiction","Literary & General Fiction","NL/EN verwijzen naar dezelfde categorie-ID."
"LS1000-0299","classificatiebasis","AI_KENNIS","AI_KENNIS_HERBEOORDEELD","Redactionele AI-indeling; geen HIGH-evidence of menselijke beoordeling."
"LS1000-0299","aanvullende genres","klassieker; historische roman","","Aanvullende genres opnieuw inhoudelijk afgewogen; uitsluitend canonieke genres, doelgroep en werkvorm blijven afzonderlijk."
"LS1000-0300","classificatiebasis","AI_KENNIS","AI_KENNIS_HERBEOORDEELD","Redactionele AI-indeling; geen HIGH-evidence of menselijke beoordeling."
"LS1000-0300","aanvullende genres","historische roman","","Aanvullende genres opnieuw inhoudelijk afgewogen; uitsluitend canonieke genres, doelgroep en werkvorm blijven afzonderlijk."
"LS1000-0301","hoofdcategorie NL","Historische fictie","Literaire & algemene fictie","Inhoudelijke AI-herbeoordeling van dit werk; geen auteur-/titelwoordregel."
"LS1000-0301","hoofdcategorie EN","Historical Fiction","Literary & General Fiction","NL/EN verwijzen naar dezelfde categorie-ID."
"LS1000-0301","classificatiebasis","AI_KENNIS","AI_KENNIS_HERBEOORDEELD","Redactionele AI-indeling; geen HIGH-evidence of menselijke beoordeling."
"LS1000-0301","aanvullende genres","klassieker; historische roman","","Aanvullende genres opnieuw inhoudelijk afgewogen; uitsluitend canonieke genres, doelgroep en werkvorm blijven afzonderlijk."
"LS1000-0302","classificatiebasis","AI_KENNIS","AI_KENNIS_HERBEOORDEELD","Redactionele AI-indeling; geen HIGH-evidence of menselijke beoordeling."
"LS1000-0302","aanvullende genres","klassieker; historische roman","","Aanvullende genres opnieuw inhoudelijk afgewogen; uitsluitend canonieke genres, doelgroep en werkvorm blijven afzonderlijk."
"LS1000-0303","hoofdcategorie NL","Historische fictie","Literaire & algemene fictie","Inhoudelijke AI-herbeoordeling van dit werk; geen auteur-/titelwoordregel."
"LS1000-0303","hoofdcategorie EN","Historical Fiction","Literary & General Fiction","NL/EN verwijzen naar dezelfde categorie-ID."
"LS1000-0303","oorspronkelijke publicatiejaar","1914","1922","AI-bibliografische correctie: oorspronkelijke publicatie in plaats van onjuist bron-/editiejaar; geen wijziging bestaand databasejaar."
"LS1000-0303","classificatiebasis","AI_KENNIS","AI_KENNIS_HERBEOORDEELD","Redactionele AI-indeling; geen HIGH-evidence of menselijke beoordeling."
"LS1000-0303","aanvullende genres","klassieker; historische roman","","Aanvullende genres opnieuw inhoudelijk afgewogen; uitsluitend canonieke genres, doelgroep en werkvorm blijven afzonderlijk."
"LS1000-0304","hoofdcategorie NL","Horror","Sciencefiction","Inhoudelijke AI-herbeoordeling van dit werk; geen auteur-/titelwoordregel."
"LS1000-0304","hoofdcategorie EN","Horror","Science Fiction","NL/EN verwijzen naar dezelfde categorie-ID."
"LS1000-0304","classificatiebasis","AI_KENNIS","AI_KENNIS_HERBEOORDEELD","Redactionele AI-indeling; geen HIGH-evidence of menselijke beoordeling."
"LS1000-0304","aanvullende genres","bovennatuurlijk","Historische fictie","Aanvullende genres opnieuw inhoudelijk afgewogen; uitsluitend canonieke genres, doelgroep en werkvorm blijven afzonderlijk."
"LS1000-0305","hoofdcategorie NL","Horror","Fantasy","Inhoudelijke AI-herbeoordeling van dit werk; geen auteur-/titelwoordregel."
"LS1000-0305","hoofdcategorie EN","Horror","Fantasy","NL/EN verwijzen naar dezelfde categorie-ID."
"LS1000-0305","classificatiebasis","AI_KENNIS","AI_KENNIS_HERBEOORDEELD","Redactionele AI-indeling; geen HIGH-evidence of menselijke beoordeling."
"LS1000-0305","aanvullende genres","bovennatuurlijk","","Aanvullende genres opnieuw inhoudelijk afgewogen; uitsluitend canonieke genres, doelgroep en werkvorm blijven afzonderlijk."
"LS1000-0306","classificatiebasis","AI_KENNIS","AI_KENNIS_HERBEOORDEELD","Redactionele AI-indeling; geen HIGH-evidence of menselijke beoordeling."
"LS1000-0306","aanvullende genres","bovennatuurlijk","Sciencefiction","Aanvullende genres opnieuw inhoudelijk afgewogen; uitsluitend canonieke genres, doelgroep en werkvorm blijven afzonderlijk."
"LS1000-0307","hoofdcategorie NL","Horror","Romantiek","Inhoudelijke AI-herbeoordeling van dit werk; geen auteur-/titelwoordregel."
"LS1000-0307","hoofdcategorie EN","Horror","Romance","NL/EN verwijzen naar dezelfde categorie-ID."
"LS1000-0307","classificatiebasis","AI_KENNIS","AI_KENNIS_HERBEOORDEELD","Redactionele AI-indeling; geen HIGH-evidence of menselijke beoordeling."
"LS1000-0307","aanvullende genres","bovennatuurlijk","","Aanvullende genres opnieuw inhoudelijk afgewogen; uitsluitend canonieke genres, doelgroep en werkvorm blijven afzonderlijk."
"LS1000-0308","classificatiebasis","AI_KENNIS","AI_KENNIS_HERBEOORDEELD","Redactionele AI-indeling; geen HIGH-evidence of menselijke beoordeling."
"LS1000-0308","aanvullende genres","gothiek","","Aanvullende genres opnieuw inhoudelijk afgewogen; uitsluitend canonieke genres, doelgroep en werkvorm blijven afzonderlijk."
"LS1000-0309","classificatiebasis","AI_KENNIS","AI_KENNIS_HERBEOORDEELD","Redactionele AI-indeling; geen HIGH-evidence of menselijke beoordeling."
"LS1000-0309","aanvullende genres","bovennatuurlijk","","Aanvullende genres opnieuw inhoudelijk afgewogen; uitsluitend canonieke genres, doelgroep en werkvorm blijven afzonderlijk."
"LS1000-0310","hoofdcategorie NL","Horror","Fantasy","Inhoudelijke AI-herbeoordeling van dit werk; geen auteur-/titelwoordregel."
"LS1000-0310","hoofdcategorie EN","Horror","Fantasy","NL/EN verwijzen naar dezelfde categorie-ID."
"LS1000-0310","classificatiebasis","AI_KENNIS","AI_KENNIS_HERBEOORDEELD","Redactionele AI-indeling; geen HIGH-evidence of menselijke beoordeling."
"LS1000-0310","aanvullende genres","bovennatuurlijk","","Aanvullende genres opnieuw inhoudelijk afgewogen; uitsluitend canonieke genres, doelgroep en werkvorm blijven afzonderlijk."
"LS1000-0311","oorspronkelijke publicatiejaar","2001","2002","AI-bibliografische correctie: oorspronkelijke publicatie in plaats van onjuist bron-/editiejaar; geen wijziging bestaand databasejaar."
"LS1000-0311","classificatiebasis","AI_KENNIS","AI_KENNIS_HERBEOORDEELD","Redactionele AI-indeling; geen HIGH-evidence of menselijke beoordeling."
"LS1000-0311","aanvullende genres","bovennatuurlijk","","Aanvullende genres opnieuw inhoudelijk afgewogen; uitsluitend canonieke genres, doelgroep en werkvorm blijven afzonderlijk."
"LS1000-0312","classificatiebasis","AI_KENNIS","AI_KENNIS_HERBEOORDEELD","Redactionele AI-indeling; geen HIGH-evidence of menselijke beoordeling."
"LS1000-0312","aanvullende genres","bovennatuurlijk","","Aanvullende genres opnieuw inhoudelijk afgewogen; uitsluitend canonieke genres, doelgroep en werkvorm blijven afzonderlijk."
"LS1000-0313","hoofdcategorie NL","Horror","Romantiek","Inhoudelijke AI-herbeoordeling van dit werk; geen auteur-/titelwoordregel."
"LS1000-0313","hoofdcategorie EN","Horror","Romance","NL/EN verwijzen naar dezelfde categorie-ID."
"LS1000-0313","classificatiebasis","AI_KENNIS","AI_KENNIS_HERBEOORDEELD","Redactionele AI-indeling; geen HIGH-evidence of menselijke beoordeling."
"LS1000-0313","aanvullende genres","bovennatuurlijk","","Aanvullende genres opnieuw inhoudelijk afgewogen; uitsluitend canonieke genres, doelgroep en werkvorm blijven afzonderlijk."
"LS1000-0314","classificatiebasis","AI_KENNIS","AI_KENNIS_HERBEOORDEELD","Redactionele AI-indeling; geen HIGH-evidence of menselijke beoordeling."
"LS1000-0314","aanvullende genres","gothiek","","Aanvullende genres opnieuw inhoudelijk afgewogen; uitsluitend canonieke genres, doelgroep en werkvorm blijven afzonderlijk."
"LS1000-0315","classificatiebasis","AI_KENNIS; WEB_GECONTROLEERD","AI_KENNIS_HERBEOORDEELD","Redactionele AI-indeling; geen HIGH-evidence of menselijke beoordeling."
"LS1000-0315","aanvullende genres","bovennatuurlijk","","Aanvullende genres opnieuw inhoudelijk afgewogen; uitsluitend canonieke genres, doelgroep en werkvorm blijven afzonderlijk."
"LS1000-0316","classificatiebasis","AI_KENNIS","AI_KENNIS_HERBEOORDEELD","Redactionele AI-indeling; geen HIGH-evidence of menselijke beoordeling."
"LS1000-0316","aanvullende genres","bovennatuurlijk","","Aanvullende genres opnieuw inhoudelijk afgewogen; uitsluitend canonieke genres, doelgroep en werkvorm blijven afzonderlijk."
"LS1000-0317","classificatiebasis","AI_KENNIS","AI_KENNIS_HERBEOORDEELD","Redactionele AI-indeling; geen HIGH-evidence of menselijke beoordeling."
"LS1000-0317","aanvullende genres","bovennatuurlijk","","Aanvullende genres opnieuw inhoudelijk afgewogen; uitsluitend canonieke genres, doelgroep en werkvorm blijven afzonderlijk."
"LS1000-0318","hoofdcategorie NL","Horror","Romantiek","Inhoudelijke AI-herbeoordeling van dit werk; geen auteur-/titelwoordregel."
"LS1000-0318","hoofdcategorie EN","Horror","Romance","NL/EN verwijzen naar dezelfde categorie-ID."
"LS1000-0318","oorspronkelijke publicatiejaar","2006","2007","AI-bibliografische correctie: oorspronkelijke publicatie in plaats van onjuist bron-/editiejaar; geen wijziging bestaand databasejaar."
"LS1000-0318","classificatiebasis","AI_KENNIS","AI_KENNIS_HERBEOORDEELD","Redactionele AI-indeling; geen HIGH-evidence of menselijke beoordeling."
"LS1000-0318","aanvullende genres","coming-of-age; bovennatuurlijk","","Aanvullende genres opnieuw inhoudelijk afgewogen; uitsluitend canonieke genres, doelgroep en werkvorm blijven afzonderlijk."
"LS1000-0319","classificatiebasis","AI_KENNIS","AI_KENNIS_HERBEOORDEELD","Redactionele AI-indeling; geen HIGH-evidence of menselijke beoordeling."
"LS1000-0319","aanvullende genres","bovennatuurlijk","","Aanvullende genres opnieuw inhoudelijk afgewogen; uitsluitend canonieke genres, doelgroep en werkvorm blijven afzonderlijk."
"LS1000-0320","hoofdcategorie NL","Horror","Sciencefiction","Inhoudelijke AI-herbeoordeling van dit werk; geen auteur-/titelwoordregel."
"LS1000-0320","hoofdcategorie EN","Horror","Science Fiction","NL/EN verwijzen naar dezelfde categorie-ID."
"LS1000-0320","classificatiebasis","AI_KENNIS","AI_KENNIS_HERBEOORDEELD","Redactionele AI-indeling; geen HIGH-evidence of menselijke beoordeling."
"LS1000-0320","aanvullende genres","bovennatuurlijk","","Aanvullende genres opnieuw inhoudelijk afgewogen; uitsluitend canonieke genres, doelgroep en werkvorm blijven afzonderlijk."
"LS1000-0321","classificatiebasis","AI_KENNIS","AI_KENNIS_HERBEOORDEELD","Redactionele AI-indeling; geen HIGH-evidence of menselijke beoordeling."
"LS1000-0321","aanvullende genres","gothiek","Sciencefiction","Aanvullende genres opnieuw inhoudelijk afgewogen; uitsluitend canonieke genres, doelgroep en werkvorm blijven afzonderlijk."
"LS1000-0322","hoofdcategorie NL","Horror","Fantasy","Inhoudelijke AI-herbeoordeling van dit werk; geen auteur-/titelwoordregel."
"LS1000-0322","hoofdcategorie EN","Horror","Fantasy","NL/EN verwijzen naar dezelfde categorie-ID."
"LS1000-0322","classificatiebasis","AI_KENNIS","AI_KENNIS_HERBEOORDEELD","Redactionele AI-indeling; geen HIGH-evidence of menselijke beoordeling."
"LS1000-0322","aanvullende genres","gothiek","Sciencefiction","Aanvullende genres opnieuw inhoudelijk afgewogen; uitsluitend canonieke genres, doelgroep en werkvorm blijven afzonderlijk."
"LS1000-0323","hoofdcategorie NL","Horror","Fantasy","Inhoudelijke AI-herbeoordeling van dit werk; geen auteur-/titelwoordregel."
"LS1000-0323","hoofdcategorie EN","Horror","Fantasy","NL/EN verwijzen naar dezelfde categorie-ID."
"LS1000-0323","classificatiebasis","AI_KENNIS","AI_KENNIS + GERICHTE_BRONCONTROLE","Redactionele AI-indeling; geen HIGH-evidence of menselijke beoordeling."
"LS1000-0323","aanvullende genres","coming-of-age; bovennatuurlijk","","Aanvullende genres opnieuw inhoudelijk afgewogen; uitsluitend canonieke genres, doelgroep en werkvorm blijven afzonderlijk."
"LS1000-0324","oorspronkelijke publicatiejaar","2001","2013","AI-bibliografische correctie: oorspronkelijke publicatie in plaats van onjuist bron-/editiejaar; geen wijziging bestaand databasejaar."
"LS1000-0324","classificatiebasis","AI_KENNIS","AI_KENNIS_HERBEOORDEELD","Redactionele AI-indeling; geen HIGH-evidence of menselijke beoordeling."
"LS1000-0324","aanvullende genres","bovennatuurlijk","","Aanvullende genres opnieuw inhoudelijk afgewogen; uitsluitend canonieke genres, doelgroep en werkvorm blijven afzonderlijk."
"LS1000-0325","classificatiebasis","AI_KENNIS","AI_KENNIS_HERBEOORDEELD","Redactionele AI-indeling; geen HIGH-evidence of menselijke beoordeling."
"LS1000-0325","aanvullende genres","bovennatuurlijk","","Aanvullende genres opnieuw inhoudelijk afgewogen; uitsluitend canonieke genres, doelgroep en werkvorm blijven afzonderlijk."
"LS1000-0326","hoofdcategorie NL","Horror","Literaire & algemene fictie","Inhoudelijke AI-herbeoordeling van dit werk; geen auteur-/titelwoordregel."
"LS1000-0326","hoofdcategorie EN","Horror","Literary & General Fiction","NL/EN verwijzen naar dezelfde categorie-ID."
"LS1000-0326","classificatiebasis","AI_KENNIS","AI_KENNIS_HERBEOORDEELD","Redactionele AI-indeling; geen HIGH-evidence of menselijke beoordeling."
"LS1000-0326","aanvullende genres","klassieker; gothiek","","Aanvullende genres opnieuw inhoudelijk afgewogen; uitsluitend canonieke genres, doelgroep en werkvorm blijven afzonderlijk."
"LS1000-0327","hoofdcategorie NL","Horror","Romantiek","Inhoudelijke AI-herbeoordeling van dit werk; geen auteur-/titelwoordregel."
"LS1000-0327","hoofdcategorie EN","Horror","Romance","NL/EN verwijzen naar dezelfde categorie-ID."
"LS1000-0327","classificatiebasis","AI_KENNIS","AI_KENNIS_HERBEOORDEELD","Redactionele AI-indeling; geen HIGH-evidence of menselijke beoordeling."
"LS1000-0327","aanvullende genres","bovennatuurlijk","","Aanvullende genres opnieuw inhoudelijk afgewogen; uitsluitend canonieke genres, doelgroep en werkvorm blijven afzonderlijk."
"LS1000-0328","hoofdcategorie NL","Horror","Fantasy","Inhoudelijke AI-herbeoordeling van dit werk; geen auteur-/titelwoordregel."
"LS1000-0328","hoofdcategorie EN","Horror","Fantasy","NL/EN verwijzen naar dezelfde categorie-ID."
"LS1000-0328","classificatiebasis","AI_KENNIS","AI_KENNIS_HERBEOORDEELD","Redactionele AI-indeling; geen HIGH-evidence of menselijke beoordeling."
"LS1000-0328","aanvullende genres","bovennatuurlijk","Sciencefiction","Aanvullende genres opnieuw inhoudelijk afgewogen; uitsluitend canonieke genres, doelgroep en werkvorm blijven afzonderlijk."
"LS1000-0329","hoofdcategorie NL","Horror","Fantasy","Inhoudelijke AI-herbeoordeling van dit werk; geen auteur-/titelwoordregel."
"LS1000-0329","hoofdcategorie EN","Horror","Fantasy","NL/EN verwijzen naar dezelfde categorie-ID."
"LS1000-0329","classificatiebasis","AI_KENNIS","AI_KENNIS_HERBEOORDEELD","Redactionele AI-indeling; geen HIGH-evidence of menselijke beoordeling."
"LS1000-0329","aanvullende genres","bovennatuurlijk","","Aanvullende genres opnieuw inhoudelijk afgewogen; uitsluitend canonieke genres, doelgroep en werkvorm blijven afzonderlijk."
"LS1000-0330","classificatiebasis","AI_KENNIS","AI_KENNIS_HERBEOORDEELD","Redactionele AI-indeling; geen HIGH-evidence of menselijke beoordeling."
"LS1000-0330","aanvullende genres","bovennatuurlijk","","Aanvullende genres opnieuw inhoudelijk afgewogen; uitsluitend canonieke genres, doelgroep en werkvorm blijven afzonderlijk."
"LS1000-0331","classificatiebasis","AI_KENNIS","AI_KENNIS_HERBEOORDEELD","Redactionele AI-indeling; geen HIGH-evidence of menselijke beoordeling."
"LS1000-0331","aanvullende genres","bovennatuurlijk","","Aanvullende genres opnieuw inhoudelijk afgewogen; uitsluitend canonieke genres, doelgroep en werkvorm blijven afzonderlijk."
"LS1000-0332","hoofdcategorie NL","Horror","Thrillers & spanning","Inhoudelijke AI-herbeoordeling van dit werk; geen auteur-/titelwoordregel."
"LS1000-0332","hoofdcategorie EN","Horror","Thrillers & Suspense","NL/EN verwijzen naar dezelfde categorie-ID."
"LS1000-0332","classificatiebasis","AI_KENNIS","AI_KENNIS_HERBEOORDEELD","Redactionele AI-indeling; geen HIGH-evidence of menselijke beoordeling."
"LS1000-0332","aanvullende genres","klassieker; gothiek","","Aanvullende genres opnieuw inhoudelijk afgewogen; uitsluitend canonieke genres, doelgroep en werkvorm blijven afzonderlijk."
"LS1000-0333","hoofdcategorie NL","Horror","Fantasy","Inhoudelijke AI-herbeoordeling van dit werk; geen auteur-/titelwoordregel."
"LS1000-0333","hoofdcategorie EN","Horror","Fantasy","NL/EN verwijzen naar dezelfde categorie-ID."
"LS1000-0333","classificatiebasis","AI_KENNIS","AI_KENNIS_HERBEOORDEELD","Redactionele AI-indeling; geen HIGH-evidence of menselijke beoordeling."
"LS1000-0333","aanvullende genres","bovennatuurlijk","","Aanvullende genres opnieuw inhoudelijk afgewogen; uitsluitend canonieke genres, doelgroep en werkvorm blijven afzonderlijk."
"LS1000-0334","classificatiebasis","AI_KENNIS","AI_KENNIS_HERBEOORDEELD","Redactionele AI-indeling; geen HIGH-evidence of menselijke beoordeling."
"LS1000-0334","aanvullende genres","bovennatuurlijk","","Aanvullende genres opnieuw inhoudelijk afgewogen; uitsluitend canonieke genres, doelgroep en werkvorm blijven afzonderlijk."
"LS1000-0335","hoofdcategorie NL","Horror","Fantasy","Inhoudelijke AI-herbeoordeling van dit werk; geen auteur-/titelwoordregel."
"LS1000-0335","hoofdcategorie EN","Horror","Fantasy","NL/EN verwijzen naar dezelfde categorie-ID."
"LS1000-0335","oorspronkelijke publicatiejaar","1999","2004","AI-bibliografische correctie: oorspronkelijke publicatie in plaats van onjuist bron-/editiejaar; geen wijziging bestaand databasejaar."
"LS1000-0335","classificatiebasis","AI_KENNIS","AI_KENNIS_HERBEOORDEELD","Redactionele AI-indeling; geen HIGH-evidence of menselijke beoordeling."
"LS1000-0335","aanvullende genres","bovennatuurlijk","","Aanvullende genres opnieuw inhoudelijk afgewogen; uitsluitend canonieke genres, doelgroep en werkvorm blijven afzonderlijk."
"LS1000-0336","classificatiebasis","AI_KENNIS; WEB_GECONTROLEERD","AI_KENNIS_HERBEOORDEELD","Redactionele AI-indeling; geen HIGH-evidence of menselijke beoordeling."
"LS1000-0336","aanvullende genres","bovennatuurlijk","Detectives & misdaadfictie","Aanvullende genres opnieuw inhoudelijk afgewogen; uitsluitend canonieke genres, doelgroep en werkvorm blijven afzonderlijk."
"LS1000-0337","hoofdcategorie NL","Horror","Fantasy","Inhoudelijke AI-herbeoordeling van dit werk; geen auteur-/titelwoordregel."
"LS1000-0337","hoofdcategorie EN","Horror","Fantasy","NL/EN verwijzen naar dezelfde categorie-ID."
"LS1000-0337","classificatiebasis","AI_KENNIS","AI_KENNIS_HERBEOORDEELD","Redactionele AI-indeling; geen HIGH-evidence of menselijke beoordeling."
"LS1000-0337","aanvullende genres","bovennatuurlijk","","Aanvullende genres opnieuw inhoudelijk afgewogen; uitsluitend canonieke genres, doelgroep en werkvorm blijven afzonderlijk."
"LS1000-0338","hoofdcategorie NL","Horror","Romantiek","Inhoudelijke AI-herbeoordeling van dit werk; geen auteur-/titelwoordregel."
"LS1000-0338","hoofdcategorie EN","Horror","Romance","NL/EN verwijzen naar dezelfde categorie-ID."
"LS1000-0338","classificatiebasis","AI_KENNIS","AI_KENNIS_HERBEOORDEELD","Redactionele AI-indeling; geen HIGH-evidence of menselijke beoordeling."
"LS1000-0338","aanvullende genres","bovennatuurlijk","","Aanvullende genres opnieuw inhoudelijk afgewogen; uitsluitend canonieke genres, doelgroep en werkvorm blijven afzonderlijk."
"LS1000-0339","hoofdcategorie NL","Horror","Fantasy","Inhoudelijke AI-herbeoordeling van dit werk; geen auteur-/titelwoordregel."
"LS1000-0339","hoofdcategorie EN","Horror","Fantasy","NL/EN verwijzen naar dezelfde categorie-ID."
"LS1000-0339","classificatiebasis","AI_KENNIS","AI_KENNIS_HERBEOORDEELD","Redactionele AI-indeling; geen HIGH-evidence of menselijke beoordeling."
"LS1000-0339","aanvullende genres","bovennatuurlijk","","Aanvullende genres opnieuw inhoudelijk afgewogen; uitsluitend canonieke genres, doelgroep en werkvorm blijven afzonderlijk."
"LS1000-0340","hoofdcategorie NL","Horror","Fantasy","Inhoudelijke AI-herbeoordeling van dit werk; geen auteur-/titelwoordregel."
"LS1000-0340","hoofdcategorie EN","Horror","Fantasy","NL/EN verwijzen naar dezelfde categorie-ID."
"LS1000-0340","oorspronkelijke publicatiejaar","1959","1984","AI-bibliografische correctie: oorspronkelijke publicatie in plaats van onjuist bron-/editiejaar; geen wijziging bestaand databasejaar."
"LS1000-0340","classificatiebasis","AI_KENNIS","AI_KENNIS + GERICHTE_BRONCONTROLE","Redactionele AI-indeling; geen HIGH-evidence of menselijke beoordeling."
"LS1000-0340","aanvullende genres","bovennatuurlijk","","Aanvullende genres opnieuw inhoudelijk afgewogen; uitsluitend canonieke genres, doelgroep en werkvorm blijven afzonderlijk."
"LS1000-0341","classificatiebasis","AI_KENNIS; WEB_GECONTROLEERD","AI_KENNIS_HERBEOORDEELD","Redactionele AI-indeling; geen HIGH-evidence of menselijke beoordeling."
"LS1000-0341","aanvullende genres","gothiek","","Aanvullende genres opnieuw inhoudelijk afgewogen; uitsluitend canonieke genres, doelgroep en werkvorm blijven afzonderlijk."
"LS1000-0342","hoofdcategorie NL","Horror","Fantasy","Inhoudelijke AI-herbeoordeling van dit werk; geen auteur-/titelwoordregel."
"LS1000-0342","hoofdcategorie EN","Horror","Fantasy","NL/EN verwijzen naar dezelfde categorie-ID."
"LS1000-0342","classificatiebasis","AI_KENNIS","AI_KENNIS_HERBEOORDEELD","Redactionele AI-indeling; geen HIGH-evidence of menselijke beoordeling."
"LS1000-0342","aanvullende genres","bovennatuurlijk","","Aanvullende genres opnieuw inhoudelijk afgewogen; uitsluitend canonieke genres, doelgroep en werkvorm blijven afzonderlijk."
"LS1000-0343","hoofdcategorie NL","Horror","Fantasy","Inhoudelijke AI-herbeoordeling van dit werk; geen auteur-/titelwoordregel."
"LS1000-0343","hoofdcategorie EN","Horror","Fantasy","NL/EN verwijzen naar dezelfde categorie-ID."
"LS1000-0343","classificatiebasis","AI_KENNIS","AI_KENNIS + GERICHTE_BRONCONTROLE","Redactionele AI-indeling; geen HIGH-evidence of menselijke beoordeling."
"LS1000-0343","aanvullende genres","bovennatuurlijk","","Aanvullende genres opnieuw inhoudelijk afgewogen; uitsluitend canonieke genres, doelgroep en werkvorm blijven afzonderlijk."
"LS1000-0344","hoofdcategorie NL","Horror","Sciencefiction","Inhoudelijke AI-herbeoordeling van dit werk; geen auteur-/titelwoordregel."
"LS1000-0344","hoofdcategorie EN","Horror","Science Fiction","NL/EN verwijzen naar dezelfde categorie-ID."
"LS1000-0344","classificatiebasis","AI_KENNIS","AI_KENNIS_HERBEOORDEELD","Redactionele AI-indeling; geen HIGH-evidence of menselijke beoordeling."
"LS1000-0344","aanvullende genres","bovennatuurlijk","","Aanvullende genres opnieuw inhoudelijk afgewogen; uitsluitend canonieke genres, doelgroep en werkvorm blijven afzonderlijk."
"LS1000-0345","hoofdcategorie NL","Horror","Sciencefiction","Inhoudelijke AI-herbeoordeling van dit werk; geen auteur-/titelwoordregel."
"LS1000-0345","hoofdcategorie EN","Horror","Science Fiction","NL/EN verwijzen naar dezelfde categorie-ID."
"LS1000-0345","classificatiebasis","AI_KENNIS","AI_KENNIS_HERBEOORDEELD","Redactionele AI-indeling; geen HIGH-evidence of menselijke beoordeling."
"LS1000-0345","aanvullende genres","bovennatuurlijk","","Aanvullende genres opnieuw inhoudelijk afgewogen; uitsluitend canonieke genres, doelgroep en werkvorm blijven afzonderlijk."
"LS1000-0346","hoofdcategorie NL","Horror","Fantasy","Inhoudelijke AI-herbeoordeling van dit werk; geen auteur-/titelwoordregel."
"LS1000-0346","hoofdcategorie EN","Horror","Fantasy","NL/EN verwijzen naar dezelfde categorie-ID."
"LS1000-0346","classificatiebasis","AI_KENNIS","AI_KENNIS_HERBEOORDEELD","Redactionele AI-indeling; geen HIGH-evidence of menselijke beoordeling."
"LS1000-0346","aanvullende genres","bovennatuurlijk","","Aanvullende genres opnieuw inhoudelijk afgewogen; uitsluitend canonieke genres, doelgroep en werkvorm blijven afzonderlijk."
"LS1000-0347","hoofdcategorie NL","Horror","Fantasy","Inhoudelijke AI-herbeoordeling van dit werk; geen auteur-/titelwoordregel."
"LS1000-0347","hoofdcategorie EN","Horror","Fantasy","NL/EN verwijzen naar dezelfde categorie-ID."
"LS1000-0347","classificatiebasis","AI_KENNIS","AI_KENNIS_HERBEOORDEELD","Redactionele AI-indeling; geen HIGH-evidence of menselijke beoordeling."
"LS1000-0347","aanvullende genres","bovennatuurlijk","","Aanvullende genres opnieuw inhoudelijk afgewogen; uitsluitend canonieke genres, doelgroep en werkvorm blijven afzonderlijk."
"LS1000-0348","classificatiebasis","AI_KENNIS","AI_KENNIS_HERBEOORDEELD","Redactionele AI-indeling; geen HIGH-evidence of menselijke beoordeling."
"LS1000-0348","aanvullende genres","bovennatuurlijk","","Aanvullende genres opnieuw inhoudelijk afgewogen; uitsluitend canonieke genres, doelgroep en werkvorm blijven afzonderlijk."
"LS1000-0349","classificatiebasis","AI_KENNIS","AI_KENNIS_HERBEOORDEELD","Redactionele AI-indeling; geen HIGH-evidence of menselijke beoordeling."
"LS1000-0349","aanvullende genres","klassieker; gothiek","Literaire & algemene fictie","Aanvullende genres opnieuw inhoudelijk afgewogen; uitsluitend canonieke genres, doelgroep en werkvorm blijven afzonderlijk."
"LS1000-0350","hoofdcategorie NL","Horror","Literaire & algemene fictie","Inhoudelijke AI-herbeoordeling van dit werk; geen auteur-/titelwoordregel."
"LS1000-0350","hoofdcategorie EN","Horror","Literary & General Fiction","NL/EN verwijzen naar dezelfde categorie-ID."
"LS1000-0350","classificatiebasis","AI_KENNIS","AI_KENNIS_HERBEOORDEELD","Redactionele AI-indeling; geen HIGH-evidence of menselijke beoordeling."
"LS1000-0350","aanvullende genres","gothiek","","Aanvullende genres opnieuw inhoudelijk afgewogen; uitsluitend canonieke genres, doelgroep en werkvorm blijven afzonderlijk."
"LS1000-0351","hoofdcategorie NL","Horror","Sciencefiction","Inhoudelijke AI-herbeoordeling van dit werk; geen auteur-/titelwoordregel."
"LS1000-0351","hoofdcategorie EN","Horror","Science Fiction","NL/EN verwijzen naar dezelfde categorie-ID."
"LS1000-0351","classificatiebasis","AI_KENNIS","AI_KENNIS_HERBEOORDEELD","Redactionele AI-indeling; geen HIGH-evidence of menselijke beoordeling."
"LS1000-0351","aanvullende genres","bovennatuurlijk","","Aanvullende genres opnieuw inhoudelijk afgewogen; uitsluitend canonieke genres, doelgroep en werkvorm blijven afzonderlijk."
"LS1000-0352","hoofdcategorie NL","Horror","Sciencefiction","Inhoudelijke AI-herbeoordeling van dit werk; geen auteur-/titelwoordregel."
"LS1000-0352","hoofdcategorie EN","Horror","Science Fiction","NL/EN verwijzen naar dezelfde categorie-ID."
"LS1000-0352","classificatiebasis","AI_KENNIS","AI_KENNIS_HERBEOORDEELD","Redactionele AI-indeling; geen HIGH-evidence of menselijke beoordeling."
"LS1000-0352","aanvullende genres","bovennatuurlijk","","Aanvullende genres opnieuw inhoudelijk afgewogen; uitsluitend canonieke genres, doelgroep en werkvorm blijven afzonderlijk."
"LS1000-0353","hoofdcategorie NL","Horror","Thrillers & spanning","Inhoudelijke AI-herbeoordeling van dit werk; geen auteur-/titelwoordregel."
"LS1000-0353","hoofdcategorie EN","Horror","Thrillers & Suspense","NL/EN verwijzen naar dezelfde categorie-ID."
"LS1000-0353","classificatiebasis","AI_KENNIS","AI_KENNIS_HERBEOORDEELD","Redactionele AI-indeling; geen HIGH-evidence of menselijke beoordeling."
"LS1000-0353","aanvullende genres","bovennatuurlijk","","Aanvullende genres opnieuw inhoudelijk afgewogen; uitsluitend canonieke genres, doelgroep en werkvorm blijven afzonderlijk."
"LS1000-0354","classificatiebasis","AI_KENNIS","AI_KENNIS_HERBEOORDEELD","Redactionele AI-indeling; geen HIGH-evidence of menselijke beoordeling."
"LS1000-0354","aanvullende genres","bovennatuurlijk","Sciencefiction","Aanvullende genres opnieuw inhoudelijk afgewogen; uitsluitend canonieke genres, doelgroep en werkvorm blijven afzonderlijk."
"LS1000-0355","oorspronkelijke publicatiejaar","1875","1886","AI-bibliografische correctie: oorspronkelijke publicatie in plaats van onjuist bron-/editiejaar; geen wijziging bestaand databasejaar."
"LS1000-0355","classificatiebasis","AI_KENNIS","AI_KENNIS_HERBEOORDEELD","Redactionele AI-indeling; geen HIGH-evidence of menselijke beoordeling."
"LS1000-0355","aanvullende genres","gothiek","","Aanvullende genres opnieuw inhoudelijk afgewogen; uitsluitend canonieke genres, doelgroep en werkvorm blijven afzonderlijk."
"LS1000-0356","hoofdcategorie NL","Horror","Romantiek","Inhoudelijke AI-herbeoordeling van dit werk; geen auteur-/titelwoordregel."
"LS1000-0356","hoofdcategorie EN","Horror","Romance","NL/EN verwijzen naar dezelfde categorie-ID."
"LS1000-0356","classificatiebasis","AI_KENNIS","AI_KENNIS_HERBEOORDEELD","Redactionele AI-indeling; geen HIGH-evidence of menselijke beoordeling."
"LS1000-0356","aanvullende genres","bovennatuurlijk","","Aanvullende genres opnieuw inhoudelijk afgewogen; uitsluitend canonieke genres, doelgroep en werkvorm blijven afzonderlijk."
"LS1000-0357","hoofdcategorie NL","Horror","Fantasy","Inhoudelijke AI-herbeoordeling van dit werk; geen auteur-/titelwoordregel."
"LS1000-0357","hoofdcategorie EN","Horror","Fantasy","NL/EN verwijzen naar dezelfde categorie-ID."
"LS1000-0357","classificatiebasis","AI_KENNIS","AI_KENNIS_HERBEOORDEELD","Redactionele AI-indeling; geen HIGH-evidence of menselijke beoordeling."
"LS1000-0357","aanvullende genres","bovennatuurlijk","","Aanvullende genres opnieuw inhoudelijk afgewogen; uitsluitend canonieke genres, doelgroep en werkvorm blijven afzonderlijk."
"LS1000-0358","classificatiebasis","AI_KENNIS","AI_KENNIS_HERBEOORDEELD","Redactionele AI-indeling; geen HIGH-evidence of menselijke beoordeling."
"LS1000-0358","aanvullende genres","bovennatuurlijk","","Aanvullende genres opnieuw inhoudelijk afgewogen; uitsluitend canonieke genres, doelgroep en werkvorm blijven afzonderlijk."
"LS1000-0359","classificatiebasis","AI_KENNIS; WEB_GECONTROLEERD","AI_KENNIS_HERBEOORDEELD","Redactionele AI-indeling; geen HIGH-evidence of menselijke beoordeling."
"LS1000-0359","aanvullende genres","gothiek","","Aanvullende genres opnieuw inhoudelijk afgewogen; uitsluitend canonieke genres, doelgroep en werkvorm blijven afzonderlijk."
"LS1000-0360","classificatiebasis","AI_KENNIS; WEB_GECONTROLEERD","AI_KENNIS_HERBEOORDEELD","Redactionele AI-indeling; geen HIGH-evidence of menselijke beoordeling."
"LS1000-0360","aanvullende genres","bovennatuurlijk","","Aanvullende genres opnieuw inhoudelijk afgewogen; uitsluitend canonieke genres, doelgroep en werkvorm blijven afzonderlijk."
"LS1000-0361","classificatiebasis","AI_KENNIS","AI_KENNIS_HERBEOORDEELD","Redactionele AI-indeling; geen HIGH-evidence of menselijke beoordeling."
"LS1000-0361","aanvullende genres","bovennatuurlijk","","Aanvullende genres opnieuw inhoudelijk afgewogen; uitsluitend canonieke genres, doelgroep en werkvorm blijven afzonderlijk."
"LS1000-0362","hoofdcategorie NL","Horror","Detectives & misdaadfictie","Inhoudelijke AI-herbeoordeling van dit werk; geen auteur-/titelwoordregel."
"LS1000-0362","hoofdcategorie EN","Horror","Mystery & Crime Fiction","NL/EN verwijzen naar dezelfde categorie-ID."
"LS1000-0362","classificatiebasis","AI_KENNIS","AI_KENNIS_HERBEOORDEELD","Redactionele AI-indeling; geen HIGH-evidence of menselijke beoordeling."
"LS1000-0362","aanvullende genres","klassieker; gothiek","Horror","Aanvullende genres opnieuw inhoudelijk afgewogen; uitsluitend canonieke genres, doelgroep en werkvorm blijven afzonderlijk."
"LS1000-0363","hoofdcategorie NL","Horror","Literaire & algemene fictie","Inhoudelijke AI-herbeoordeling van dit werk; geen auteur-/titelwoordregel."
"LS1000-0363","hoofdcategorie EN","Horror","Literary & General Fiction","NL/EN verwijzen naar dezelfde categorie-ID."
"LS1000-0363","classificatiebasis","AI_KENNIS","AI_KENNIS + GERICHTE_BRONCONTROLE","Redactionele AI-indeling; geen HIGH-evidence of menselijke beoordeling."
"LS1000-0363","aanvullende genres","klassieker; gothiek","","Aanvullende genres opnieuw inhoudelijk afgewogen; uitsluitend canonieke genres, doelgroep en werkvorm blijven afzonderlijk."
"LS1000-0364","hoofdcategorie NL","Horror","Romantiek","Inhoudelijke AI-herbeoordeling van dit werk; geen auteur-/titelwoordregel."
"LS1000-0364","hoofdcategorie EN","Horror","Romance","NL/EN verwijzen naar dezelfde categorie-ID."
"LS1000-0364","classificatiebasis","AI_KENNIS","AI_KENNIS_HERBEOORDEELD","Redactionele AI-indeling; geen HIGH-evidence of menselijke beoordeling."
"LS1000-0364","aanvullende genres","bovennatuurlijk","","Aanvullende genres opnieuw inhoudelijk afgewogen; uitsluitend canonieke genres, doelgroep en werkvorm blijven afzonderlijk."
"LS1000-0365","hoofdcategorie NL","Horror","Thrillers & spanning","Inhoudelijke AI-herbeoordeling van dit werk; geen auteur-/titelwoordregel."
"LS1000-0365","hoofdcategorie EN","Horror","Thrillers & Suspense","NL/EN verwijzen naar dezelfde categorie-ID."
"LS1000-0365","classificatiebasis","AI_KENNIS","AI_KENNIS_HERBEOORDEELD","Redactionele AI-indeling; geen HIGH-evidence of menselijke beoordeling."
"LS1000-0365","aanvullende genres","bovennatuurlijk","","Aanvullende genres opnieuw inhoudelijk afgewogen; uitsluitend canonieke genres, doelgroep en werkvorm blijven afzonderlijk."
"LS1000-0366","hoofdcategorie NL","Horror","Fantasy","Inhoudelijke AI-herbeoordeling van dit werk; geen auteur-/titelwoordregel."
"LS1000-0366","hoofdcategorie EN","Horror","Fantasy","NL/EN verwijzen naar dezelfde categorie-ID."
"LS1000-0366","classificatiebasis","AI_KENNIS","AI_KENNIS_HERBEOORDEELD","Redactionele AI-indeling; geen HIGH-evidence of menselijke beoordeling."
"LS1000-0366","aanvullende genres","bovennatuurlijk","","Aanvullende genres opnieuw inhoudelijk afgewogen; uitsluitend canonieke genres, doelgroep en werkvorm blijven afzonderlijk."
"LS1000-0367","hoofdcategorie NL","Horror","Fantasy","Inhoudelijke AI-herbeoordeling van dit werk; geen auteur-/titelwoordregel."
"LS1000-0367","hoofdcategorie EN","Horror","Fantasy","NL/EN verwijzen naar dezelfde categorie-ID."
"LS1000-0367","oorspronkelijke publicatiejaar","1997","2003","AI-bibliografische correctie: oorspronkelijke publicatie in plaats van onjuist bron-/editiejaar; geen wijziging bestaand databasejaar."
"LS1000-0367","classificatiebasis","AI_KENNIS","AI_KENNIS_HERBEOORDEELD","Redactionele AI-indeling; geen HIGH-evidence of menselijke beoordeling."
"LS1000-0367","aanvullende genres","bovennatuurlijk","","Aanvullende genres opnieuw inhoudelijk afgewogen; uitsluitend canonieke genres, doelgroep en werkvorm blijven afzonderlijk."
"LS1000-0368","classificatiebasis","AI_KENNIS","AI_KENNIS_HERBEOORDEELD","Redactionele AI-indeling; geen HIGH-evidence of menselijke beoordeling."
"LS1000-0368","aanvullende genres","bovennatuurlijk","","Aanvullende genres opnieuw inhoudelijk afgewogen; uitsluitend canonieke genres, doelgroep en werkvorm blijven afzonderlijk."
"LS1000-0369","hoofdcategorie NL","Horror","Literaire & algemene fictie","Inhoudelijke AI-herbeoordeling van dit werk; geen auteur-/titelwoordregel."
"LS1000-0369","hoofdcategorie EN","Horror","Literary & General Fiction","NL/EN verwijzen naar dezelfde categorie-ID."
"LS1000-0369","oorspronkelijke publicatiejaar","1846","1847","AI-bibliografische correctie: oorspronkelijke publicatie in plaats van onjuist bron-/editiejaar; geen wijziging bestaand databasejaar."
"LS1000-0369","classificatiebasis","AI_KENNIS","AI_KENNIS_HERBEOORDEELD","Redactionele AI-indeling; geen HIGH-evidence of menselijke beoordeling."
"LS1000-0369","aanvullende genres","klassieker; gothiek","","Aanvullende genres opnieuw inhoudelijk afgewogen; uitsluitend canonieke genres, doelgroep en werkvorm blijven afzonderlijk."
"LS1000-0370","hoofdcategorie NL","Kunst, cultuur & reizen","Geschiedenis","Inhoudelijke AI-herbeoordeling van dit werk; geen auteur-/titelwoordregel."
"LS1000-0370","hoofdcategorie EN","Art, Culture & Travel","History","NL/EN verwijzen naar dezelfde categorie-ID."
"LS1000-0370","classificatiebasis","AI_KENNIS; WEB_GECONTROLEERD","AI_KENNIS_HERBEOORDEELD","Redactionele AI-indeling; geen HIGH-evidence of menselijke beoordeling."
"LS1000-0370","aanvullende genres","cultuur","","Aanvullende genres opnieuw inhoudelijk afgewogen; uitsluitend canonieke genres, doelgroep en werkvorm blijven afzonderlijk."
"LS1000-0371","hoofdcategorie NL","Kunst, cultuur & reizen","Geschiedenis","Inhoudelijke AI-herbeoordeling van dit werk; geen auteur-/titelwoordregel."
"LS1000-0371","hoofdcategorie EN","Art, Culture & Travel","History","NL/EN verwijzen naar dezelfde categorie-ID."
"LS1000-0371","classificatiebasis","AI_KENNIS","AI_KENNIS_HERBEOORDEELD","Redactionele AI-indeling; geen HIGH-evidence of menselijke beoordeling."
"LS1000-0371","aanvullende genres","cultuur","","Aanvullende genres opnieuw inhoudelijk afgewogen; uitsluitend canonieke genres, doelgroep en werkvorm blijven afzonderlijk."
"LS1000-0372","hoofdcategorie NL","Kunst, cultuur & reizen","Reizen","Inhoudelijke AI-herbeoordeling van dit werk; geen auteur-/titelwoordregel."
"LS1000-0372","hoofdcategorie EN","Art, Culture & Travel","Travel","NL/EN verwijzen naar dezelfde categorie-ID."
"LS1000-0372","classificatiebasis","AI_KENNIS; WEB_GECONTROLEERD","AI_KENNIS_HERBEOORDEELD","Redactionele AI-indeling; geen HIGH-evidence of menselijke beoordeling."
"LS1000-0372","aanvullende genres","cultuur","","Aanvullende genres opnieuw inhoudelijk afgewogen; uitsluitend canonieke genres, doelgroep en werkvorm blijven afzonderlijk."
"LS1000-0373","hoofdcategorie NL","Kunst, cultuur & reizen","Biografie & memoires","Inhoudelijke AI-herbeoordeling van dit werk; geen auteur-/titelwoordregel."
"LS1000-0373","hoofdcategorie EN","Art, Culture & Travel","Biography & Memoir","NL/EN verwijzen naar dezelfde categorie-ID."
"LS1000-0373","classificatiebasis","AI_KENNIS","AI_KENNIS_HERBEOORDEELD","Redactionele AI-indeling; geen HIGH-evidence of menselijke beoordeling."
"LS1000-0373","aanvullende genres","cultuur","","Aanvullende genres opnieuw inhoudelijk afgewogen; uitsluitend canonieke genres, doelgroep en werkvorm blijven afzonderlijk."
"LS1000-0374","hoofdcategorie NL","Kunst, cultuur & reizen","Kunst & cultuur","Inhoudelijke AI-herbeoordeling van dit werk; geen auteur-/titelwoordregel."
"LS1000-0374","hoofdcategorie EN","Art, Culture & Travel","Arts & Culture","NL/EN verwijzen naar dezelfde categorie-ID."
"LS1000-0374","classificatiebasis","AI_KENNIS; WEB_GECONTROLEERD","AI_KENNIS_HERBEOORDEELD","Redactionele AI-indeling; geen HIGH-evidence of menselijke beoordeling."
"LS1000-0374","aanvullende genres","cultuur","","Aanvullende genres opnieuw inhoudelijk afgewogen; uitsluitend canonieke genres, doelgroep en werkvorm blijven afzonderlijk."
"LS1000-0375","hoofdcategorie NL","Kunst, cultuur & reizen","Psychologie & persoonlijke ontwikkeling","Inhoudelijke AI-herbeoordeling van dit werk; geen auteur-/titelwoordregel."
"LS1000-0375","hoofdcategorie EN","Art, Culture & Travel","Psychology & Self-Development","NL/EN verwijzen naar dezelfde categorie-ID."
"LS1000-0375","classificatiebasis","AI_KENNIS","AI_KENNIS_HERBEOORDEELD","Redactionele AI-indeling; geen HIGH-evidence of menselijke beoordeling."
"LS1000-0375","aanvullende genres","cultuur","","Aanvullende genres opnieuw inhoudelijk afgewogen; uitsluitend canonieke genres, doelgroep en werkvorm blijven afzonderlijk."
"LS1000-0376","hoofdcategorie NL","Literaire fictie","Literaire & algemene fictie","Canoniek categoriemodel en stabiele NL/EN-labels."
"LS1000-0376","hoofdcategorie EN","Literary Fiction","Literary & General Fiction","NL/EN verwijzen naar dezelfde categorie-ID."
"LS1000-0376","oorspronkelijke publicatiejaar","2012","2013","AI-bibliografische correctie: oorspronkelijke publicatie in plaats van onjuist bron-/editiejaar; geen wijziging bestaand databasejaar."
"LS1000-0376","classificatiebasis","AI_KENNIS","AI_KENNIS_HERBEOORDEELD","Redactionele AI-indeling; geen HIGH-evidence of menselijke beoordeling."
"LS1000-0377","hoofdcategorie NL","Literaire fictie","Literaire & algemene fictie","Canoniek categoriemodel en stabiele NL/EN-labels."
"LS1000-0377","hoofdcategorie EN","Literary Fiction","Literary & General Fiction","NL/EN verwijzen naar dezelfde categorie-ID."
"LS1000-0377","classificatiebasis","AI_KENNIS","AI_KENNIS_HERBEOORDEELD","Redactionele AI-indeling; geen HIGH-evidence of menselijke beoordeling."
"LS1000-0377","aanvullende genres","klassieker","","Aanvullende genres opnieuw inhoudelijk afgewogen; uitsluitend canonieke genres, doelgroep en werkvorm blijven afzonderlijk."
"LS1000-0378","hoofdcategorie NL","Literaire fictie","Detectives & misdaadfictie","Inhoudelijke AI-herbeoordeling van dit werk; geen auteur-/titelwoordregel."
"LS1000-0378","hoofdcategorie EN","Literary Fiction","Mystery & Crime Fiction","NL/EN verwijzen naar dezelfde categorie-ID."
"LS1000-0378","classificatiebasis","AI_KENNIS","AI_KENNIS_HERBEOORDEELD","Redactionele AI-indeling; geen HIGH-evidence of menselijke beoordeling."
"LS1000-0378","aanvullende genres","coming-of-age","","Aanvullende genres opnieuw inhoudelijk afgewogen; uitsluitend canonieke genres, doelgroep en werkvorm blijven afzonderlijk."
"LS1000-0379","hoofdcategorie NL","Literaire fictie","Literaire & algemene fictie","Canoniek categoriemodel en stabiele NL/EN-labels."
"LS1000-0379","hoofdcategorie EN","Literary Fiction","Literary & General Fiction","NL/EN verwijzen naar dezelfde categorie-ID."
"LS1000-0379","classificatiebasis","AI_KENNIS; WEB_GECONTROLEERD","AI_KENNIS_HERBEOORDEELD","Redactionele AI-indeling; geen HIGH-evidence of menselijke beoordeling."
"LS1000-0380","hoofdcategorie NL","Literaire fictie","Literaire & algemene fictie","Canoniek categoriemodel en stabiele NL/EN-labels."
"LS1000-0380","hoofdcategorie EN","Literary Fiction","Literary & General Fiction","NL/EN verwijzen naar dezelfde categorie-ID."
"LS1000-0380","classificatiebasis","AI_KENNIS","AI_KENNIS_HERBEOORDEELD","Redactionele AI-indeling; geen HIGH-evidence of menselijke beoordeling."
"LS1000-0380","aanvullende genres","klassieker","","Aanvullende genres opnieuw inhoudelijk afgewogen; uitsluitend canonieke genres, doelgroep en werkvorm blijven afzonderlijk."
"LS1000-0381","hoofdcategorie NL","Literaire fictie","Literaire & algemene fictie","Canoniek categoriemodel en stabiele NL/EN-labels."
"LS1000-0381","hoofdcategorie EN","Literary Fiction","Literary & General Fiction","NL/EN verwijzen naar dezelfde categorie-ID."
"LS1000-0381","classificatiebasis","AI_KENNIS","AI_KENNIS_HERBEOORDEELD","Redactionele AI-indeling; geen HIGH-evidence of menselijke beoordeling."
"LS1000-0381","aanvullende genres","familieroman","","Aanvullende genres opnieuw inhoudelijk afgewogen; uitsluitend canonieke genres, doelgroep en werkvorm blijven afzonderlijk."
"LS1000-0382","hoofdcategorie NL","Literaire fictie","Sciencefiction","Inhoudelijke AI-herbeoordeling van dit werk; geen auteur-/titelwoordregel."
"LS1000-0382","hoofdcategorie EN","Literary Fiction","Science Fiction","NL/EN verwijzen naar dezelfde categorie-ID."
"LS1000-0382","classificatiebasis","AI_KENNIS","AI_KENNIS_HERBEOORDEELD","Redactionele AI-indeling; geen HIGH-evidence of menselijke beoordeling."
"LS1000-0382","aanvullende genres","coming-of-age","","Aanvullende genres opnieuw inhoudelijk afgewogen; uitsluitend canonieke genres, doelgroep en werkvorm blijven afzonderlijk."
"LS1000-0383","hoofdcategorie NL","Literaire fictie","Fantasy","Inhoudelijke AI-herbeoordeling van dit werk; geen auteur-/titelwoordregel."
"LS1000-0383","hoofdcategorie EN","Literary Fiction","Fantasy","NL/EN verwijzen naar dezelfde categorie-ID."
"LS1000-0383","classificatiebasis","AI_KENNIS","AI_KENNIS_HERBEOORDEELD","Redactionele AI-indeling; geen HIGH-evidence of menselijke beoordeling."
"LS1000-0383","aanvullende genres","coming-of-age","","Aanvullende genres opnieuw inhoudelijk afgewogen; uitsluitend canonieke genres, doelgroep en werkvorm blijven afzonderlijk."
"LS1000-0384","hoofdcategorie NL","Literaire fictie","Literaire & algemene fictie","Canoniek categoriemodel en stabiele NL/EN-labels."
"LS1000-0384","hoofdcategorie EN","Literary Fiction","Literary & General Fiction","NL/EN verwijzen naar dezelfde categorie-ID."
"LS1000-0384","oorspronkelijke publicatiejaar","2000","1998","AI-bibliografische correctie: oorspronkelijke publicatie in plaats van onjuist bron-/editiejaar; geen wijziging bestaand databasejaar."
"LS1000-0384","classificatiebasis","AI_KENNIS","AI_KENNIS_HERBEOORDEELD","Redactionele AI-indeling; geen HIGH-evidence of menselijke beoordeling."
"LS1000-0384","aanvullende genres","coming-of-age","","Aanvullende genres opnieuw inhoudelijk afgewogen; uitsluitend canonieke genres, doelgroep en werkvorm blijven afzonderlijk."
"LS1000-0385","hoofdcategorie NL","Literaire fictie","Literaire & algemene fictie","Canoniek categoriemodel en stabiele NL/EN-labels."
"LS1000-0385","hoofdcategorie EN","Literary Fiction","Literary & General Fiction","NL/EN verwijzen naar dezelfde categorie-ID."
"LS1000-0385","classificatiebasis","AI_KENNIS","AI_KENNIS_HERBEOORDEELD","Redactionele AI-indeling; geen HIGH-evidence of menselijke beoordeling."
"LS1000-0386","hoofdcategorie NL","Literaire fictie","Literaire & algemene fictie","Canoniek categoriemodel en stabiele NL/EN-labels."
"LS1000-0386","hoofdcategorie EN","Literary Fiction","Literary & General Fiction","NL/EN verwijzen naar dezelfde categorie-ID."
"LS1000-0386","classificatiebasis","AI_KENNIS","AI_KENNIS_HERBEOORDEELD","Redactionele AI-indeling; geen HIGH-evidence of menselijke beoordeling."
"LS1000-0386","aanvullende genres","coming-of-age","","Aanvullende genres opnieuw inhoudelijk afgewogen; uitsluitend canonieke genres, doelgroep en werkvorm blijven afzonderlijk."
"LS1000-0387","hoofdcategorie NL","Literaire fictie","Historische fictie","Inhoudelijke AI-herbeoordeling van dit werk; geen auteur-/titelwoordregel."
"LS1000-0387","hoofdcategorie EN","Literary Fiction","Historical Fiction","NL/EN verwijzen naar dezelfde categorie-ID."
"LS1000-0387","classificatiebasis","AI_KENNIS","AI_KENNIS_HERBEOORDEELD","Redactionele AI-indeling; geen HIGH-evidence of menselijke beoordeling."
"LS1000-0388","hoofdcategorie NL","Literaire fictie","Literaire & algemene fictie","Canoniek categoriemodel en stabiele NL/EN-labels."
"LS1000-0388","hoofdcategorie EN","Literary Fiction","Literary & General Fiction","NL/EN verwijzen naar dezelfde categorie-ID."
"LS1000-0388","classificatiebasis","AI_KENNIS","AI_KENNIS_HERBEOORDEELD","Redactionele AI-indeling; geen HIGH-evidence of menselijke beoordeling."
"LS1000-0389","hoofdcategorie NL","Literaire fictie","Literaire & algemene fictie","Canoniek categoriemodel en stabiele NL/EN-labels."
"LS1000-0389","hoofdcategorie EN","Literary Fiction","Literary & General Fiction","NL/EN verwijzen naar dezelfde categorie-ID."
"LS1000-0389","classificatiebasis","AI_KENNIS","AI_KENNIS_HERBEOORDEELD","Redactionele AI-indeling; geen HIGH-evidence of menselijke beoordeling."
"LS1000-0390","hoofdcategorie NL","Literaire fictie","Literaire & algemene fictie","Canoniek categoriemodel en stabiele NL/EN-labels."
"LS1000-0390","hoofdcategorie EN","Literary Fiction","Literary & General Fiction","NL/EN verwijzen naar dezelfde categorie-ID."
"LS1000-0390","classificatiebasis","AI_KENNIS","AI_KENNIS_HERBEOORDEELD","Redactionele AI-indeling; geen HIGH-evidence of menselijke beoordeling."
"LS1000-0390","aanvullende genres","familieroman","","Aanvullende genres opnieuw inhoudelijk afgewogen; uitsluitend canonieke genres, doelgroep en werkvorm blijven afzonderlijk."
"LS1000-0391","hoofdcategorie NL","Literaire fictie","Literaire & algemene fictie","Canoniek categoriemodel en stabiele NL/EN-labels."
"LS1000-0391","hoofdcategorie EN","Literary Fiction","Literary & General Fiction","NL/EN verwijzen naar dezelfde categorie-ID."
"LS1000-0391","oorspronkelijke publicatiejaar","1969","2013","AI-bibliografische correctie: oorspronkelijke publicatie in plaats van onjuist bron-/editiejaar; geen wijziging bestaand databasejaar."
"LS1000-0391","classificatiebasis","AI_KENNIS","AI_KENNIS_HERBEOORDEELD","Redactionele AI-indeling; geen HIGH-evidence of menselijke beoordeling."
"LS1000-0391","aanvullende genres","klassieker","","Aanvullende genres opnieuw inhoudelijk afgewogen; uitsluitend canonieke genres, doelgroep en werkvorm blijven afzonderlijk."
"LS1000-0392","hoofdcategorie NL","Literaire fictie","Literaire & algemene fictie","Canoniek categoriemodel en stabiele NL/EN-labels."
"LS1000-0392","hoofdcategorie EN","Literary Fiction","Literary & General Fiction","NL/EN verwijzen naar dezelfde categorie-ID."
"LS1000-0392","classificatiebasis","AI_KENNIS; WEB_GECONTROLEERD","AI_KENNIS_HERBEOORDEELD","Redactionele AI-indeling; geen HIGH-evidence of menselijke beoordeling."
"LS1000-0392","aanvullende genres","coming-of-age; familieroman","","Aanvullende genres opnieuw inhoudelijk afgewogen; uitsluitend canonieke genres, doelgroep en werkvorm blijven afzonderlijk."
"LS1000-0393","hoofdcategorie NL","Literaire fictie","Literaire & algemene fictie","Canoniek categoriemodel en stabiele NL/EN-labels."
"LS1000-0393","hoofdcategorie EN","Literary Fiction","Literary & General Fiction","NL/EN verwijzen naar dezelfde categorie-ID."
"LS1000-0393","oorspronkelijke publicatiejaar","2020","2019","AI-bibliografische correctie: oorspronkelijke publicatie in plaats van onjuist bron-/editiejaar; geen wijziging bestaand databasejaar."
"LS1000-0393","classificatiebasis","AI_KENNIS","AI_KENNIS_HERBEOORDEELD","Redactionele AI-indeling; geen HIGH-evidence of menselijke beoordeling."
"LS1000-0394","hoofdcategorie NL","Literaire fictie","Literaire & algemene fictie","Canoniek categoriemodel en stabiele NL/EN-labels."
"LS1000-0394","hoofdcategorie EN","Literary Fiction","Literary & General Fiction","NL/EN verwijzen naar dezelfde categorie-ID."
"LS1000-0394","classificatiebasis","AI_KENNIS","AI_KENNIS_HERBEOORDEELD","Redactionele AI-indeling; geen HIGH-evidence of menselijke beoordeling."
"LS1000-0394","aanvullende genres","coming-of-age; familieroman","","Aanvullende genres opnieuw inhoudelijk afgewogen; uitsluitend canonieke genres, doelgroep en werkvorm blijven afzonderlijk."
"LS1000-0395","hoofdcategorie NL","Literaire fictie","Literaire & algemene fictie","Canoniek categoriemodel en stabiele NL/EN-labels."
"LS1000-0395","hoofdcategorie EN","Literary Fiction","Literary & General Fiction","NL/EN verwijzen naar dezelfde categorie-ID."
"LS1000-0395","werkvorm","roman","toneelstuk","Werkvorm afzonderlijk inhoudelijk gecorrigeerd; geen genre."
"LS1000-0395","oorspronkelijke publicatiejaar","1734","1623","Eerste gedrukte tekst 1623, niet de datering van compositie/opvoering."
"LS1000-0395","classificatiebasis","AI_KENNIS","AI_KENNIS + GERICHTE_BRONCONTROLE","Redactionele AI-indeling; geen HIGH-evidence of menselijke beoordeling."
"LS1000-0395","aanvullende genres","klassieker; familieroman","","Aanvullende genres opnieuw inhoudelijk afgewogen; uitsluitend canonieke genres, doelgroep en werkvorm blijven afzonderlijk."
"LS1000-0396","hoofdcategorie NL","Literaire fictie","Literaire & algemene fictie","Canoniek categoriemodel en stabiele NL/EN-labels."
"LS1000-0396","hoofdcategorie EN","Literary Fiction","Literary & General Fiction","NL/EN verwijzen naar dezelfde categorie-ID."
"LS1000-0396","classificatiebasis","AI_KENNIS","AI_KENNIS_HERBEOORDEELD","Redactionele AI-indeling; geen HIGH-evidence of menselijke beoordeling."
"LS1000-0397","hoofdcategorie NL","Literaire fictie","Literaire & algemene fictie","Canoniek categoriemodel en stabiele NL/EN-labels."
"LS1000-0397","hoofdcategorie EN","Literary Fiction","Literary & General Fiction","NL/EN verwijzen naar dezelfde categorie-ID."
"LS1000-0397","classificatiebasis","AI_KENNIS","AI_KENNIS_HERBEOORDEELD","Redactionele AI-indeling; geen HIGH-evidence of menselijke beoordeling."
"LS1000-0397","aanvullende genres","familieroman","","Aanvullende genres opnieuw inhoudelijk afgewogen; uitsluitend canonieke genres, doelgroep en werkvorm blijven afzonderlijk."
"LS1000-0398","hoofdcategorie NL","Literaire fictie","Literaire & algemene fictie","Canoniek categoriemodel en stabiele NL/EN-labels."
"LS1000-0398","hoofdcategorie EN","Literary Fiction","Literary & General Fiction","NL/EN verwijzen naar dezelfde categorie-ID."
"LS1000-0398","classificatiebasis","AI_KENNIS; WEB_GECONTROLEERD","AI_KENNIS_HERBEOORDEELD","Redactionele AI-indeling; geen HIGH-evidence of menselijke beoordeling."
"LS1000-0398","aanvullende genres","klassieker; familieroman","","Aanvullende genres opnieuw inhoudelijk afgewogen; uitsluitend canonieke genres, doelgroep en werkvorm blijven afzonderlijk."
"LS1000-0399","hoofdcategorie NL","Literaire fictie","Literaire & algemene fictie","Canoniek categoriemodel en stabiele NL/EN-labels."
"LS1000-0399","hoofdcategorie EN","Literary Fiction","Literary & General Fiction","NL/EN verwijzen naar dezelfde categorie-ID."
"LS1000-0399","oorspronkelijke publicatiejaar","2015","2002","AI-bibliografische correctie: oorspronkelijke publicatie in plaats van onjuist bron-/editiejaar; geen wijziging bestaand databasejaar."
"LS1000-0399","classificatiebasis","AI_KENNIS","AI_KENNIS_HERBEOORDEELD","Redactionele AI-indeling; geen HIGH-evidence of menselijke beoordeling."
"LS1000-0399","aanvullende genres","familieroman","","Aanvullende genres opnieuw inhoudelijk afgewogen; uitsluitend canonieke genres, doelgroep en werkvorm blijven afzonderlijk."
"LS1000-0400","hoofdcategorie NL","Literaire fictie","Literaire & algemene fictie","Canoniek categoriemodel en stabiele NL/EN-labels."
"LS1000-0400","hoofdcategorie EN","Literary Fiction","Literary & General Fiction","NL/EN verwijzen naar dezelfde categorie-ID."
"LS1000-0400","classificatiebasis","AI_KENNIS","AI_KENNIS_HERBEOORDEELD","Redactionele AI-indeling; geen HIGH-evidence of menselijke beoordeling."
"LS1000-0401","hoofdcategorie NL","Literaire fictie","Literaire & algemene fictie","Canoniek categoriemodel en stabiele NL/EN-labels."
"LS1000-0401","hoofdcategorie EN","Literary Fiction","Literary & General Fiction","NL/EN verwijzen naar dezelfde categorie-ID."
"LS1000-0401","classificatiebasis","AI_KENNIS","AI_KENNIS_HERBEOORDEELD","Redactionele AI-indeling; geen HIGH-evidence of menselijke beoordeling."
"LS1000-0402","hoofdcategorie NL","Literaire fictie","Literaire & algemene fictie","Canoniek categoriemodel en stabiele NL/EN-labels."
"LS1000-0402","hoofdcategorie EN","Literary Fiction","Literary & General Fiction","NL/EN verwijzen naar dezelfde categorie-ID."
"LS1000-0402","classificatiebasis","AI_KENNIS; WEB_GECONTROLEERD","AI_KENNIS_HERBEOORDEELD","Redactionele AI-indeling; geen HIGH-evidence of menselijke beoordeling."
"LS1000-0402","aanvullende genres","klassieker","","Aanvullende genres opnieuw inhoudelijk afgewogen; uitsluitend canonieke genres, doelgroep en werkvorm blijven afzonderlijk."
"LS1000-0403","hoofdcategorie NL","Literaire fictie","Literaire & algemene fictie","Canoniek categoriemodel en stabiele NL/EN-labels."
"LS1000-0403","hoofdcategorie EN","Literary Fiction","Literary & General Fiction","NL/EN verwijzen naar dezelfde categorie-ID."
"LS1000-0403","classificatiebasis","AI_KENNIS","AI_KENNIS_HERBEOORDEELD","Redactionele AI-indeling; geen HIGH-evidence of menselijke beoordeling."
"LS1000-0403","aanvullende genres","familieroman","","Aanvullende genres opnieuw inhoudelijk afgewogen; uitsluitend canonieke genres, doelgroep en werkvorm blijven afzonderlijk."
"LS1000-0404","hoofdcategorie NL","Literaire fictie","Literaire & algemene fictie","Canoniek categoriemodel en stabiele NL/EN-labels."
"LS1000-0404","hoofdcategorie EN","Literary Fiction","Literary & General Fiction","NL/EN verwijzen naar dezelfde categorie-ID."
"LS1000-0404","classificatiebasis","AI_KENNIS","AI_KENNIS_HERBEOORDEELD","Redactionele AI-indeling; geen HIGH-evidence of menselijke beoordeling."
"LS1000-0405","hoofdcategorie NL","Literaire fictie","Literaire & algemene fictie","Canoniek categoriemodel en stabiele NL/EN-labels."
"LS1000-0405","hoofdcategorie EN","Literary Fiction","Literary & General Fiction","NL/EN verwijzen naar dezelfde categorie-ID."
"LS1000-0405","oorspronkelijke publicatiejaar","1850","1852","AI-bibliografische correctie: oorspronkelijke publicatie in plaats van onjuist bron-/editiejaar; geen wijziging bestaand databasejaar."
"LS1000-0405","classificatiebasis","AI_KENNIS","AI_KENNIS_HERBEOORDEELD","Redactionele AI-indeling; geen HIGH-evidence of menselijke beoordeling."
"LS1000-0405","aanvullende genres","klassieker; familieroman","","Aanvullende genres opnieuw inhoudelijk afgewogen; uitsluitend canonieke genres, doelgroep en werkvorm blijven afzonderlijk."
"LS1000-0406","hoofdcategorie NL","Literaire fictie","Literaire & algemene fictie","Canoniek categoriemodel en stabiele NL/EN-labels."
"LS1000-0406","hoofdcategorie EN","Literary Fiction","Literary & General Fiction","NL/EN verwijzen naar dezelfde categorie-ID."
"LS1000-0406","oorspronkelijke publicatiejaar","2003","2004","AI-bibliografische correctie: oorspronkelijke publicatie in plaats van onjuist bron-/editiejaar; geen wijziging bestaand databasejaar."
"LS1000-0406","classificatiebasis","AI_KENNIS","AI_KENNIS_HERBEOORDEELD","Redactionele AI-indeling; geen HIGH-evidence of menselijke beoordeling."
"LS1000-0407","hoofdcategorie NL","Literaire fictie","Thrillers & spanning","Inhoudelijke AI-herbeoordeling van dit werk; geen auteur-/titelwoordregel."
"LS1000-0407","hoofdcategorie EN","Literary Fiction","Thrillers & Suspense","NL/EN verwijzen naar dezelfde categorie-ID."
"LS1000-0407","classificatiebasis","AI_KENNIS","AI_KENNIS_HERBEOORDEELD","Redactionele AI-indeling; geen HIGH-evidence of menselijke beoordeling."
"LS1000-0407","aanvullende genres","coming-of-age","","Aanvullende genres opnieuw inhoudelijk afgewogen; uitsluitend canonieke genres, doelgroep en werkvorm blijven afzonderlijk."
"LS1000-0408","hoofdcategorie NL","Literaire fictie","Literaire & algemene fictie","Canoniek categoriemodel en stabiele NL/EN-labels."
"LS1000-0408","hoofdcategorie EN","Literary Fiction","Literary & General Fiction","NL/EN verwijzen naar dezelfde categorie-ID."
"LS1000-0408","oorspronkelijke publicatiejaar","2013","2019","AI-bibliografische correctie: oorspronkelijke publicatie in plaats van onjuist bron-/editiejaar; geen wijziging bestaand databasejaar."
"LS1000-0408","classificatiestatus","ZEKER","TWIJFEL","Breasts and Eggs kan de novelle (2008) of de uitgebreide roman (2019) betekenen; huidige identiteit is onvoldoende eenduidig."
"LS1000-0408","classificatiebasis","AI_KENNIS","AI_KENNIS_HERBEOORDEELD","Redactionele AI-indeling; geen HIGH-evidence of menselijke beoordeling."
"LS1000-0408","aanvullende genres","familieroman","","Aanvullende genres opnieuw inhoudelijk afgewogen; uitsluitend canonieke genres, doelgroep en werkvorm blijven afzonderlijk."
"LS1000-0409","hoofdcategorie NL","Literaire fictie","Detectives & misdaadfictie","Inhoudelijke AI-herbeoordeling van dit werk; geen auteur-/titelwoordregel."
"LS1000-0409","hoofdcategorie EN","Literary Fiction","Mystery & Crime Fiction","NL/EN verwijzen naar dezelfde categorie-ID."
"LS1000-0409","oorspronkelijke publicatiejaar","1998","1973","AI-bibliografische correctie: oorspronkelijke publicatie in plaats van onjuist bron-/editiejaar; geen wijziging bestaand databasejaar."
"LS1000-0409","classificatiebasis","AI_KENNIS","AI_KENNIS_HERBEOORDEELD","Redactionele AI-indeling; geen HIGH-evidence of menselijke beoordeling."
"LS1000-0409","aanvullende genres","coming-of-age","","Aanvullende genres opnieuw inhoudelijk afgewogen; uitsluitend canonieke genres, doelgroep en werkvorm blijven afzonderlijk."
"LS1000-0410","hoofdcategorie NL","Literaire fictie","Literaire & algemene fictie","Canoniek categoriemodel en stabiele NL/EN-labels."
"LS1000-0410","hoofdcategorie EN","Literary Fiction","Literary & General Fiction","NL/EN verwijzen naar dezelfde categorie-ID."
"LS1000-0410","classificatiebasis","AI_KENNIS","AI_KENNIS_HERBEOORDEELD","Redactionele AI-indeling; geen HIGH-evidence of menselijke beoordeling."
"LS1000-0410","aanvullende genres","coming-of-age","","Aanvullende genres opnieuw inhoudelijk afgewogen; uitsluitend canonieke genres, doelgroep en werkvorm blijven afzonderlijk."
"LS1000-0411","hoofdcategorie NL","Literaire fictie","Historische fictie","Inhoudelijke AI-herbeoordeling van dit werk; geen auteur-/titelwoordregel."
"LS1000-0411","hoofdcategorie EN","Literary Fiction","Historical Fiction","NL/EN verwijzen naar dezelfde categorie-ID."
"LS1000-0411","classificatiebasis","AI_KENNIS; WEB_GECONTROLEERD","AI_KENNIS_HERBEOORDEELD","Redactionele AI-indeling; geen HIGH-evidence of menselijke beoordeling."
"LS1000-0411","aanvullende genres","coming-of-age","","Aanvullende genres opnieuw inhoudelijk afgewogen; uitsluitend canonieke genres, doelgroep en werkvorm blijven afzonderlijk."
"LS1000-0412","hoofdcategorie NL","Literaire fictie","Literaire & algemene fictie","Canoniek categoriemodel en stabiele NL/EN-labels."
"LS1000-0412","hoofdcategorie EN","Literary Fiction","Literary & General Fiction","NL/EN verwijzen naar dezelfde categorie-ID."
"LS1000-0412","oorspronkelijke publicatiejaar","2007","2011","AI-bibliografische correctie: oorspronkelijke publicatie in plaats van onjuist bron-/editiejaar; geen wijziging bestaand databasejaar."
"LS1000-0412","classificatiebasis","AI_KENNIS","AI_KENNIS_HERBEOORDEELD","Redactionele AI-indeling; geen HIGH-evidence of menselijke beoordeling."
"LS1000-0412","aanvullende genres","coming-of-age; familieroman","","Aanvullende genres opnieuw inhoudelijk afgewogen; uitsluitend canonieke genres, doelgroep en werkvorm blijven afzonderlijk."
"LS1000-0413","hoofdcategorie NL","Literaire fictie","Literaire & algemene fictie","Canoniek categoriemodel en stabiele NL/EN-labels."
"LS1000-0413","hoofdcategorie EN","Literary Fiction","Literary & General Fiction","NL/EN verwijzen naar dezelfde categorie-ID."
"LS1000-0413","classificatiebasis","AI_KENNIS","AI_KENNIS_HERBEOORDEELD","Redactionele AI-indeling; geen HIGH-evidence of menselijke beoordeling."
"LS1000-0414","hoofdcategorie NL","Literaire fictie","Literaire & algemene fictie","Canoniek categoriemodel en stabiele NL/EN-labels."
"LS1000-0414","hoofdcategorie EN","Literary Fiction","Literary & General Fiction","NL/EN verwijzen naar dezelfde categorie-ID."
"LS1000-0414","oorspronkelijke publicatiejaar","1746","1759","AI-bibliografische correctie: oorspronkelijke publicatie in plaats van onjuist bron-/editiejaar; geen wijziging bestaand databasejaar."
"LS1000-0414","classificatiebasis","AI_KENNIS","AI_KENNIS_HERBEOORDEELD","Redactionele AI-indeling; geen HIGH-evidence of menselijke beoordeling."
"LS1000-0414","aanvullende genres","klassieker","","Aanvullende genres opnieuw inhoudelijk afgewogen; uitsluitend canonieke genres, doelgroep en werkvorm blijven afzonderlijk."
"LS1000-0415","hoofdcategorie NL","Literaire fictie","Biografie & memoires","Inhoudelijke AI-herbeoordeling van dit werk; geen auteur-/titelwoordregel."
"LS1000-0415","hoofdcategorie EN","Literary Fiction","Biography & Memoir","NL/EN verwijzen naar dezelfde categorie-ID."
"LS1000-0415","oorspronkelijke publicatiejaar","1482","","Exact oorspronkelijk publicatiejaar onvoldoende vastgesteld; niet afleiden van editie/ontstaan."
"LS1000-0415","classificatiebasis","AI_KENNIS","AI_KENNIS_HERBEOORDEELD","Redactionele AI-indeling; geen HIGH-evidence of menselijke beoordeling."
"LS1000-0415","aanvullende genres","klassieker","","Aanvullende genres opnieuw inhoudelijk afgewogen; uitsluitend canonieke genres, doelgroep en werkvorm blijven afzonderlijk."
"LS1000-0416","hoofdcategorie NL","Literaire fictie","Literaire & algemene fictie","Canoniek categoriemodel en stabiele NL/EN-labels."
"LS1000-0416","hoofdcategorie EN","Literary Fiction","Literary & General Fiction","NL/EN verwijzen naar dezelfde categorie-ID."
"LS1000-0416","classificatiebasis","AI_KENNIS; WEB_GECONTROLEERD","AI_KENNIS_HERBEOORDEELD","Redactionele AI-indeling; geen HIGH-evidence of menselijke beoordeling."
"LS1000-0416","aanvullende genres","familieroman","","Aanvullende genres opnieuw inhoudelijk afgewogen; uitsluitend canonieke genres, doelgroep en werkvorm blijven afzonderlijk."
"LS1000-0417","hoofdcategorie NL","Literaire fictie","Literaire & algemene fictie","Canoniek categoriemodel en stabiele NL/EN-labels."
"LS1000-0417","hoofdcategorie EN","Literary Fiction","Literary & General Fiction","NL/EN verwijzen naar dezelfde categorie-ID."
"LS1000-0417","oorspronkelijke publicatiejaar","1877","1878","AI-bibliografische correctie: oorspronkelijke publicatie in plaats van onjuist bron-/editiejaar; geen wijziging bestaand databasejaar."
"LS1000-0417","classificatiebasis","AI_KENNIS; WEB_GECONTROLEERD","AI_KENNIS_HERBEOORDEELD","Redactionele AI-indeling; geen HIGH-evidence of menselijke beoordeling."
"LS1000-0418","hoofdcategorie NL","Literaire fictie","Literaire & algemene fictie","Canoniek categoriemodel en stabiele NL/EN-labels."
"LS1000-0418","hoofdcategorie EN","Literary Fiction","Literary & General Fiction","NL/EN verwijzen naar dezelfde categorie-ID."
"LS1000-0418","classificatiebasis","AI_KENNIS","AI_KENNIS_HERBEOORDEELD","Redactionele AI-indeling; geen HIGH-evidence of menselijke beoordeling."
"LS1000-0419","hoofdcategorie NL","Literaire fictie","Literaire & algemene fictie","Canoniek categoriemodel en stabiele NL/EN-labels."
"LS1000-0419","hoofdcategorie EN","Literary Fiction","Literary & General Fiction","NL/EN verwijzen naar dezelfde categorie-ID."
"LS1000-0419","classificatiebasis","AI_KENNIS","AI_KENNIS_HERBEOORDEELD","Redactionele AI-indeling; geen HIGH-evidence of menselijke beoordeling."
"LS1000-0420","hoofdcategorie NL","Literaire fictie","Literaire & algemene fictie","Canoniek categoriemodel en stabiele NL/EN-labels."
"LS1000-0420","hoofdcategorie EN","Literary Fiction","Literary & General Fiction","NL/EN verwijzen naar dezelfde categorie-ID."
"LS1000-0420","classificatiebasis","AI_KENNIS","AI_KENNIS_HERBEOORDEELD","Redactionele AI-indeling; geen HIGH-evidence of menselijke beoordeling."
"LS1000-0420","aanvullende genres","familieroman","","Aanvullende genres opnieuw inhoudelijk afgewogen; uitsluitend canonieke genres, doelgroep en werkvorm blijven afzonderlijk."
"LS1000-0421","hoofdcategorie NL","Literaire fictie","Literaire & algemene fictie","Canoniek categoriemodel en stabiele NL/EN-labels."
"LS1000-0421","hoofdcategorie EN","Literary Fiction","Literary & General Fiction","NL/EN verwijzen naar dezelfde categorie-ID."
"LS1000-0421","classificatiebasis","AI_KENNIS","AI_KENNIS_HERBEOORDEELD","Redactionele AI-indeling; geen HIGH-evidence of menselijke beoordeling."
"LS1000-0422","hoofdcategorie NL","Literaire fictie","Historische fictie","Inhoudelijke AI-herbeoordeling van dit werk; geen auteur-/titelwoordregel."
"LS1000-0422","hoofdcategorie EN","Literary Fiction","Historical Fiction","NL/EN verwijzen naar dezelfde categorie-ID."
"LS1000-0422","classificatiebasis","AI_KENNIS","AI_KENNIS_HERBEOORDEELD","Redactionele AI-indeling; geen HIGH-evidence of menselijke beoordeling."
"LS1000-0423","hoofdcategorie NL","Literaire fictie","Thrillers & spanning","Inhoudelijke AI-herbeoordeling van dit werk; geen auteur-/titelwoordregel."
"LS1000-0423","hoofdcategorie EN","Literary Fiction","Thrillers & Suspense","NL/EN verwijzen naar dezelfde categorie-ID."
"LS1000-0423","oorspronkelijke publicatiejaar","1959","1958","AI-bibliografische correctie: oorspronkelijke publicatie in plaats van onjuist bron-/editiejaar; geen wijziging bestaand databasejaar."
"LS1000-0423","classificatiebasis","AI_KENNIS","AI_KENNIS_HERBEOORDEELD","Redactionele AI-indeling; geen HIGH-evidence of menselijke beoordeling."
"LS1000-0424","hoofdcategorie NL","Literaire fictie","Literaire & algemene fictie","Canoniek categoriemodel en stabiele NL/EN-labels."
"LS1000-0424","hoofdcategorie EN","Literary Fiction","Literary & General Fiction","NL/EN verwijzen naar dezelfde categorie-ID."
"LS1000-0424","classificatiebasis","AI_KENNIS","AI_KENNIS_HERBEOORDEELD","Redactionele AI-indeling; geen HIGH-evidence of menselijke beoordeling."
"LS1000-0425","hoofdcategorie NL","Literaire fictie","Literaire & algemene fictie","Canoniek categoriemodel en stabiele NL/EN-labels."
"LS1000-0425","hoofdcategorie EN","Literary Fiction","Literary & General Fiction","NL/EN verwijzen naar dezelfde categorie-ID."
"LS1000-0425","classificatiebasis","AI_KENNIS","AI_KENNIS_HERBEOORDEELD","Redactionele AI-indeling; geen HIGH-evidence of menselijke beoordeling."
"LS1000-0425","aanvullende genres","familieroman","","Aanvullende genres opnieuw inhoudelijk afgewogen; uitsluitend canonieke genres, doelgroep en werkvorm blijven afzonderlijk."
"LS1000-0426","hoofdcategorie NL","Literaire fictie","Horror","Inhoudelijke AI-herbeoordeling van dit werk; geen auteur-/titelwoordregel."
"LS1000-0426","hoofdcategorie EN","Literary Fiction","Horror","NL/EN verwijzen naar dezelfde categorie-ID."
"LS1000-0426","oorspronkelijke publicatiejaar","2008","1991","AI-bibliografische correctie: oorspronkelijke publicatie in plaats van onjuist bron-/editiejaar; geen wijziging bestaand databasejaar."
"LS1000-0426","classificatiebasis","AI_KENNIS","AI_KENNIS_HERBEOORDEELD","Redactionele AI-indeling; geen HIGH-evidence of menselijke beoordeling."
"LS1000-0426","aanvullende genres","coming-of-age","","Aanvullende genres opnieuw inhoudelijk afgewogen; uitsluitend canonieke genres, doelgroep en werkvorm blijven afzonderlijk."
"LS1000-0427","hoofdcategorie NL","Literaire fictie","Literaire & algemene fictie","Canoniek categoriemodel en stabiele NL/EN-labels."
"LS1000-0427","hoofdcategorie EN","Literary Fiction","Literary & General Fiction","NL/EN verwijzen naar dezelfde categorie-ID."
"LS1000-0427","classificatiebasis","AI_KENNIS","AI_KENNIS_HERBEOORDEELD","Redactionele AI-indeling; geen HIGH-evidence of menselijke beoordeling."
"LS1000-0428","hoofdcategorie NL","Literaire fictie","Literaire & algemene fictie","Canoniek categoriemodel en stabiele NL/EN-labels."
"LS1000-0428","hoofdcategorie EN","Literary Fiction","Literary & General Fiction","NL/EN verwijzen naar dezelfde categorie-ID."
"LS1000-0428","classificatiebasis","AI_KENNIS","AI_KENNIS_HERBEOORDEELD","Redactionele AI-indeling; geen HIGH-evidence of menselijke beoordeling."
"LS1000-0429","hoofdcategorie NL","Literaire fictie","Historische fictie","Inhoudelijke AI-herbeoordeling van dit werk; geen auteur-/titelwoordregel."
"LS1000-0429","hoofdcategorie EN","Literary Fiction","Historical Fiction","NL/EN verwijzen naar dezelfde categorie-ID."
"LS1000-0429","classificatiebasis","AI_KENNIS","AI_KENNIS_HERBEOORDEELD","Redactionele AI-indeling; geen HIGH-evidence of menselijke beoordeling."
"LS1000-0429","aanvullende genres","coming-of-age","","Aanvullende genres opnieuw inhoudelijk afgewogen; uitsluitend canonieke genres, doelgroep en werkvorm blijven afzonderlijk."
"LS1000-0430","hoofdcategorie NL","Literaire fictie","Fantasy","Inhoudelijke AI-herbeoordeling van dit werk; geen auteur-/titelwoordregel."
"LS1000-0430","hoofdcategorie EN","Literary Fiction","Fantasy","NL/EN verwijzen naar dezelfde categorie-ID."
"LS1000-0430","oorspronkelijke publicatiejaar","1900","1887","AI-bibliografische correctie: oorspronkelijke publicatie in plaats van onjuist bron-/editiejaar; geen wijziging bestaand databasejaar."
"LS1000-0430","classificatiebasis","AI_KENNIS; WEB_GECONTROLEERD","AI_KENNIS_HERBEOORDEELD","Redactionele AI-indeling; geen HIGH-evidence of menselijke beoordeling."
"LS1000-0430","aanvullende genres","klassieker","","Aanvullende genres opnieuw inhoudelijk afgewogen; uitsluitend canonieke genres, doelgroep en werkvorm blijven afzonderlijk."
"LS1000-0431","hoofdcategorie NL","Literaire fictie","Literaire & algemene fictie","Canoniek categoriemodel en stabiele NL/EN-labels."
"LS1000-0431","hoofdcategorie EN","Literary Fiction","Literary & General Fiction","NL/EN verwijzen naar dezelfde categorie-ID."
"LS1000-0431","classificatiebasis","AI_KENNIS; WEB_GECONTROLEERD","AI_KENNIS_HERBEOORDEELD","Redactionele AI-indeling; geen HIGH-evidence of menselijke beoordeling."
"LS1000-0431","aanvullende genres","klassieker","","Aanvullende genres opnieuw inhoudelijk afgewogen; uitsluitend canonieke genres, doelgroep en werkvorm blijven afzonderlijk."
"LS1000-0432","hoofdcategorie NL","Literaire fictie","Literaire & algemene fictie","Canoniek categoriemodel en stabiele NL/EN-labels."
"LS1000-0432","hoofdcategorie EN","Literary Fiction","Literary & General Fiction","NL/EN verwijzen naar dezelfde categorie-ID."
"LS1000-0432","classificatiebasis","AI_KENNIS","AI_KENNIS_HERBEOORDEELD","Redactionele AI-indeling; geen HIGH-evidence of menselijke beoordeling."
"LS1000-0433","hoofdcategorie NL","Literaire fictie","Literaire & algemene fictie","Canoniek categoriemodel en stabiele NL/EN-labels."
"LS1000-0433","hoofdcategorie EN","Literary Fiction","Literary & General Fiction","NL/EN verwijzen naar dezelfde categorie-ID."
"LS1000-0433","oorspronkelijke publicatiejaar","1993","1992","AI-bibliografische correctie: oorspronkelijke publicatie in plaats van onjuist bron-/editiejaar; geen wijziging bestaand databasejaar."
"LS1000-0433","classificatiebasis","AI_KENNIS","AI_KENNIS_HERBEOORDEELD","Redactionele AI-indeling; geen HIGH-evidence of menselijke beoordeling."
"LS1000-0434","hoofdcategorie NL","Literaire fictie","Literaire & algemene fictie","Canoniek categoriemodel en stabiele NL/EN-labels."
"LS1000-0434","hoofdcategorie EN","Literary Fiction","Literary & General Fiction","NL/EN verwijzen naar dezelfde categorie-ID."
"LS1000-0434","classificatiebasis","AI_KENNIS","AI_KENNIS_HERBEOORDEELD","Redactionele AI-indeling; geen HIGH-evidence of menselijke beoordeling."
"LS1000-0435","hoofdcategorie NL","Literaire fictie","Historische fictie","Inhoudelijke AI-herbeoordeling van dit werk; geen auteur-/titelwoordregel."
"LS1000-0435","hoofdcategorie EN","Literary Fiction","Historical Fiction","NL/EN verwijzen naar dezelfde categorie-ID."
"LS1000-0435","classificatiebasis","AI_KENNIS","AI_KENNIS_HERBEOORDEELD","Redactionele AI-indeling; geen HIGH-evidence of menselijke beoordeling."
"LS1000-0436","hoofdcategorie NL","Literaire fictie","Literaire & algemene fictie","Canoniek categoriemodel en stabiele NL/EN-labels."
"LS1000-0436","hoofdcategorie EN","Literary Fiction","Literary & General Fiction","NL/EN verwijzen naar dezelfde categorie-ID."
"LS1000-0436","oorspronkelijke publicatiejaar","1971","1900","AI-bibliografische correctie: oorspronkelijke publicatie in plaats van onjuist bron-/editiejaar; geen wijziging bestaand databasejaar."
"LS1000-0436","classificatiebasis","AI_KENNIS; WEB_GECONTROLEERD","AI_KENNIS_HERBEOORDEELD","Redactionele AI-indeling; geen HIGH-evidence of menselijke beoordeling."
"LS1000-0436","aanvullende genres","klassieker","","Aanvullende genres opnieuw inhoudelijk afgewogen; uitsluitend canonieke genres, doelgroep en werkvorm blijven afzonderlijk."
"LS1000-0437","hoofdcategorie NL","Literaire fictie","Literaire & algemene fictie","Canoniek categoriemodel en stabiele NL/EN-labels."
"LS1000-0437","hoofdcategorie EN","Literary Fiction","Literary & General Fiction","NL/EN verwijzen naar dezelfde categorie-ID."
"LS1000-0437","oorspronkelijke publicatiejaar","1966","1955","AI-bibliografische correctie: oorspronkelijke publicatie in plaats van onjuist bron-/editiejaar; geen wijziging bestaand databasejaar."
"LS1000-0437","classificatiebasis","AI_KENNIS; WEB_GECONTROLEERD","AI_KENNIS_HERBEOORDEELD","Redactionele AI-indeling; geen HIGH-evidence of menselijke beoordeling."
"LS1000-0437","aanvullende genres","klassieker","","Aanvullende genres opnieuw inhoudelijk afgewogen; uitsluitend canonieke genres, doelgroep en werkvorm blijven afzonderlijk."
"LS1000-0438","hoofdcategorie NL","Literaire fictie","Sciencefiction","Inhoudelijke AI-herbeoordeling van dit werk; geen auteur-/titelwoordregel."
"LS1000-0438","hoofdcategorie EN","Literary Fiction","Science Fiction","NL/EN verwijzen naar dezelfde categorie-ID."
"LS1000-0438","oorspronkelijke publicatiejaar","1975","1973","AI-bibliografische correctie: oorspronkelijke publicatie in plaats van onjuist bron-/editiejaar; geen wijziging bestaand databasejaar."
"LS1000-0438","classificatiebasis","AI_KENNIS","AI_KENNIS_HERBEOORDEELD","Redactionele AI-indeling; geen HIGH-evidence of menselijke beoordeling."
"LS1000-0438","aanvullende genres","coming-of-age","","Aanvullende genres opnieuw inhoudelijk afgewogen; uitsluitend canonieke genres, doelgroep en werkvorm blijven afzonderlijk."
"LS1000-0439","hoofdcategorie NL","Literaire fictie","Historische fictie","Inhoudelijke AI-herbeoordeling van dit werk; geen auteur-/titelwoordregel."
"LS1000-0439","hoofdcategorie EN","Literary Fiction","Historical Fiction","NL/EN verwijzen naar dezelfde categorie-ID."
"LS1000-0439","oorspronkelijke publicatiejaar","2025","2021","AI-bibliografische correctie: oorspronkelijke publicatie in plaats van onjuist bron-/editiejaar; geen wijziging bestaand databasejaar."
"LS1000-0439","classificatiebasis","AI_KENNIS","AI_KENNIS_HERBEOORDEELD","Redactionele AI-indeling; geen HIGH-evidence of menselijke beoordeling."
"LS1000-0439","aanvullende genres","coming-of-age","","Aanvullende genres opnieuw inhoudelijk afgewogen; uitsluitend canonieke genres, doelgroep en werkvorm blijven afzonderlijk."
"LS1000-0440","hoofdcategorie NL","Literaire fictie","Literaire & algemene fictie","Canoniek categoriemodel en stabiele NL/EN-labels."
"LS1000-0440","hoofdcategorie EN","Literary Fiction","Literary & General Fiction","NL/EN verwijzen naar dezelfde categorie-ID."
"LS1000-0440","werkvorm","roman","kort verhaal","Werkvorm afzonderlijk inhoudelijk gecorrigeerd; geen genre."
"LS1000-0440","oorspronkelijke publicatiejaar","1972","1911","AI-bibliografische correctie: oorspronkelijke publicatie in plaats van onjuist bron-/editiejaar; geen wijziging bestaand databasejaar."
"LS1000-0440","classificatiebasis","AI_KENNIS; WEB_GECONTROLEERD","AI_KENNIS_HERBEOORDEELD","Redactionele AI-indeling; geen HIGH-evidence of menselijke beoordeling."
"LS1000-0440","aanvullende genres","klassieker","","Aanvullende genres opnieuw inhoudelijk afgewogen; uitsluitend canonieke genres, doelgroep en werkvorm blijven afzonderlijk."
"LS1000-0441","hoofdcategorie NL","Literaire fictie","Literaire & algemene fictie","Canoniek categoriemodel en stabiele NL/EN-labels."
"LS1000-0441","hoofdcategorie EN","Literary Fiction","Literary & General Fiction","NL/EN verwijzen naar dezelfde categorie-ID."
"LS1000-0441","classificatiebasis","AI_KENNIS","AI_KENNIS_HERBEOORDEELD","Redactionele AI-indeling; geen HIGH-evidence of menselijke beoordeling."
"LS1000-0442","hoofdcategorie NL","Literaire fictie","Literaire & algemene fictie","Canoniek categoriemodel en stabiele NL/EN-labels."
"LS1000-0442","hoofdcategorie EN","Literary Fiction","Literary & General Fiction","NL/EN verwijzen naar dezelfde categorie-ID."
"LS1000-0442","classificatiebasis","AI_KENNIS","AI_KENNIS_HERBEOORDEELD","Redactionele AI-indeling; geen HIGH-evidence of menselijke beoordeling."
"LS1000-0443","hoofdcategorie NL","Literaire fictie","Historische fictie","Inhoudelijke AI-herbeoordeling van dit werk; geen auteur-/titelwoordregel."
"LS1000-0443","hoofdcategorie EN","Literary Fiction","Historical Fiction","NL/EN verwijzen naar dezelfde categorie-ID."
"LS1000-0443","classificatiebasis","AI_KENNIS","AI_KENNIS_HERBEOORDEELD","Redactionele AI-indeling; geen HIGH-evidence of menselijke beoordeling."
"LS1000-0444","hoofdcategorie NL","Literaire fictie","Literaire & algemene fictie","Canoniek categoriemodel en stabiele NL/EN-labels."
"LS1000-0444","hoofdcategorie EN","Literary Fiction","Literary & General Fiction","NL/EN verwijzen naar dezelfde categorie-ID."
"LS1000-0444","oorspronkelijke publicatiejaar","1940","1949","AI-bibliografische correctie: oorspronkelijke publicatie in plaats van onjuist bron-/editiejaar; geen wijziging bestaand databasejaar."
"LS1000-0444","classificatiebasis","AI_KENNIS","AI_KENNIS_HERBEOORDEELD","Redactionele AI-indeling; geen HIGH-evidence of menselijke beoordeling."
"LS1000-0444","aanvullende genres","klassieker","","Aanvullende genres opnieuw inhoudelijk afgewogen; uitsluitend canonieke genres, doelgroep en werkvorm blijven afzonderlijk."
"LS1000-0445","hoofdcategorie NL","Literaire fictie","Literaire & algemene fictie","Canoniek categoriemodel en stabiele NL/EN-labels."
"LS1000-0445","hoofdcategorie EN","Literary Fiction","Literary & General Fiction","NL/EN verwijzen naar dezelfde categorie-ID."
"LS1000-0445","classificatiebasis","AI_KENNIS; WEB_GECONTROLEERD","AI_KENNIS_HERBEOORDEELD","Redactionele AI-indeling; geen HIGH-evidence of menselijke beoordeling."
"LS1000-0446","hoofdcategorie NL","Literaire fictie","Literaire & algemene fictie","Canoniek categoriemodel en stabiele NL/EN-labels."
"LS1000-0446","hoofdcategorie EN","Literary Fiction","Literary & General Fiction","NL/EN verwijzen naar dezelfde categorie-ID."
"LS1000-0446","classificatiebasis","AI_KENNIS","AI_KENNIS_HERBEOORDEELD","Redactionele AI-indeling; geen HIGH-evidence of menselijke beoordeling."
"LS1000-0446","aanvullende genres","coming-of-age","","Aanvullende genres opnieuw inhoudelijk afgewogen; uitsluitend canonieke genres, doelgroep en werkvorm blijven afzonderlijk."
"LS1000-0447","hoofdcategorie NL","Literaire fictie","Literaire & algemene fictie","Canoniek categoriemodel en stabiele NL/EN-labels."
"LS1000-0447","hoofdcategorie EN","Literary Fiction","Literary & General Fiction","NL/EN verwijzen naar dezelfde categorie-ID."
"LS1000-0447","classificatiebasis","AI_KENNIS","AI_KENNIS_HERBEOORDEELD","Redactionele AI-indeling; geen HIGH-evidence of menselijke beoordeling."
"LS1000-0448","hoofdcategorie NL","Literaire fictie","Literaire & algemene fictie","Canoniek categoriemodel en stabiele NL/EN-labels."
"LS1000-0448","hoofdcategorie EN","Literary Fiction","Literary & General Fiction","NL/EN verwijzen naar dezelfde categorie-ID."
"LS1000-0448","oorspronkelijke publicatiejaar","2014","2012","AI-bibliografische correctie: oorspronkelijke publicatie in plaats van onjuist bron-/editiejaar; geen wijziging bestaand databasejaar."
"LS1000-0448","classificatiebasis","AI_KENNIS","AI_KENNIS_HERBEOORDEELD","Redactionele AI-indeling; geen HIGH-evidence of menselijke beoordeling."
"LS1000-0449","hoofdcategorie NL","Literaire fictie","Literaire & algemene fictie","Canoniek categoriemodel en stabiele NL/EN-labels."
"LS1000-0449","hoofdcategorie EN","Literary Fiction","Literary & General Fiction","NL/EN verwijzen naar dezelfde categorie-ID."
"LS1000-0449","oorspronkelijke publicatiejaar","2015","2016","AI-bibliografische correctie: oorspronkelijke publicatie in plaats van onjuist bron-/editiejaar; geen wijziging bestaand databasejaar."
"LS1000-0449","classificatiebasis","AI_KENNIS","AI_KENNIS_HERBEOORDEELD","Redactionele AI-indeling; geen HIGH-evidence of menselijke beoordeling."
"LS1000-0449","aanvullende genres","coming-of-age","","Aanvullende genres opnieuw inhoudelijk afgewogen; uitsluitend canonieke genres, doelgroep en werkvorm blijven afzonderlijk."
"LS1000-0450","hoofdcategorie NL","Literaire fictie","Fantasy","Inhoudelijke AI-herbeoordeling van dit werk; geen auteur-/titelwoordregel."
"LS1000-0450","hoofdcategorie EN","Literary Fiction","Fantasy","NL/EN verwijzen naar dezelfde categorie-ID."
"LS1000-0450","classificatiebasis","AI_KENNIS","AI_KENNIS_HERBEOORDEELD","Redactionele AI-indeling; geen HIGH-evidence of menselijke beoordeling."
"LS1000-0450","aanvullende genres","coming-of-age","","Aanvullende genres opnieuw inhoudelijk afgewogen; uitsluitend canonieke genres, doelgroep en werkvorm blijven afzonderlijk."
"LS1000-0451","hoofdcategorie NL","Literaire fictie","Literaire & algemene fictie","Canoniek categoriemodel en stabiele NL/EN-labels."
"LS1000-0451","hoofdcategorie EN","Literary Fiction","Literary & General Fiction","NL/EN verwijzen naar dezelfde categorie-ID."
"LS1000-0451","oorspronkelijke publicatiejaar","1600","1605","AI-bibliografische correctie: oorspronkelijke publicatie in plaats van onjuist bron-/editiejaar; geen wijziging bestaand databasejaar."
"LS1000-0451","classificatiebasis","AI_KENNIS","AI_KENNIS_HERBEOORDEELD","Redactionele AI-indeling; geen HIGH-evidence of menselijke beoordeling."
"LS1000-0451","aanvullende genres","klassieker","","Aanvullende genres opnieuw inhoudelijk afgewogen; uitsluitend canonieke genres, doelgroep en werkvorm blijven afzonderlijk."
"LS1000-0452","hoofdcategorie NL","Literaire fictie","Literaire & algemene fictie","Canoniek categoriemodel en stabiele NL/EN-labels."
"LS1000-0452","hoofdcategorie EN","Literary Fiction","Literary & General Fiction","NL/EN verwijzen naar dezelfde categorie-ID."
"LS1000-0452","oorspronkelijke publicatiejaar","2007","2016","AI-bibliografische correctie: oorspronkelijke publicatie in plaats van onjuist bron-/editiejaar; geen wijziging bestaand databasejaar."
"LS1000-0452","classificatiebasis","AI_KENNIS","AI_KENNIS_HERBEOORDEELD","Redactionele AI-indeling; geen HIGH-evidence of menselijke beoordeling."
"LS1000-0452","aanvullende genres","coming-of-age; familieroman","","Aanvullende genres opnieuw inhoudelijk afgewogen; uitsluitend canonieke genres, doelgroep en werkvorm blijven afzonderlijk."
"LS1000-0453","hoofdcategorie NL","Literaire fictie","Literaire & algemene fictie","Canoniek categoriemodel en stabiele NL/EN-labels."
"LS1000-0453","hoofdcategorie EN","Literary Fiction","Literary & General Fiction","NL/EN verwijzen naar dezelfde categorie-ID."
"LS1000-0453","classificatiebasis","AI_KENNIS","AI_KENNIS_HERBEOORDEELD","Redactionele AI-indeling; geen HIGH-evidence of menselijke beoordeling."
"LS1000-0453","aanvullende genres","klassieker; familieroman","","Aanvullende genres opnieuw inhoudelijk afgewogen; uitsluitend canonieke genres, doelgroep en werkvorm blijven afzonderlijk."
"LS1000-0454","hoofdcategorie NL","Literaire fictie","Literaire & algemene fictie","Canoniek categoriemodel en stabiele NL/EN-labels."
"LS1000-0454","hoofdcategorie EN","Literary Fiction","Literary & General Fiction","NL/EN verwijzen naar dezelfde categorie-ID."
"LS1000-0454","classificatiebasis","AI_KENNIS","AI_KENNIS_HERBEOORDEELD","Redactionele AI-indeling; geen HIGH-evidence of menselijke beoordeling."
"LS1000-0455","hoofdcategorie NL","Literaire fictie","Literaire & algemene fictie","Canoniek categoriemodel en stabiele NL/EN-labels."
"LS1000-0455","hoofdcategorie EN","Literary Fiction","Literary & General Fiction","NL/EN verwijzen naar dezelfde categorie-ID."
"LS1000-0455","oorspronkelijke publicatiejaar","1892","1889","AI-bibliografische correctie: oorspronkelijke publicatie in plaats van onjuist bron-/editiejaar; geen wijziging bestaand databasejaar."
"LS1000-0455","classificatiebasis","AI_KENNIS; WEB_GECONTROLEERD","AI_KENNIS_HERBEOORDEELD","Redactionele AI-indeling; geen HIGH-evidence of menselijke beoordeling."
"LS1000-0455","aanvullende genres","klassieker","","Aanvullende genres opnieuw inhoudelijk afgewogen; uitsluitend canonieke genres, doelgroep en werkvorm blijven afzonderlijk."
"LS1000-0456","hoofdcategorie NL","Literaire fictie","Literaire & algemene fictie","Canoniek categoriemodel en stabiele NL/EN-labels."
"LS1000-0456","hoofdcategorie EN","Literary Fiction","Literary & General Fiction","NL/EN verwijzen naar dezelfde categorie-ID."
"LS1000-0456","classificatiebasis","AI_KENNIS","AI_KENNIS_HERBEOORDEELD","Redactionele AI-indeling; geen HIGH-evidence of menselijke beoordeling."
"LS1000-0457","hoofdcategorie NL","Literaire fictie","Literaire & algemene fictie","Canoniek categoriemodel en stabiele NL/EN-labels."
"LS1000-0457","hoofdcategorie EN","Literary Fiction","Literary & General Fiction","NL/EN verwijzen naar dezelfde categorie-ID."
"LS1000-0457","classificatiebasis","AI_KENNIS","AI_KENNIS_HERBEOORDEELD","Redactionele AI-indeling; geen HIGH-evidence of menselijke beoordeling."
"LS1000-0458","hoofdcategorie NL","Literaire fictie","Literaire & algemene fictie","Canoniek categoriemodel en stabiele NL/EN-labels."
"LS1000-0458","hoofdcategorie EN","Literary Fiction","Literary & General Fiction","NL/EN verwijzen naar dezelfde categorie-ID."
"LS1000-0458","classificatiebasis","AI_KENNIS","AI_KENNIS_HERBEOORDEELD","Redactionele AI-indeling; geen HIGH-evidence of menselijke beoordeling."
"LS1000-0459","hoofdcategorie NL","Literaire fictie","Historische fictie","Inhoudelijke AI-herbeoordeling van dit werk; geen auteur-/titelwoordregel."
"LS1000-0459","hoofdcategorie EN","Literary Fiction","Historical Fiction","NL/EN verwijzen naar dezelfde categorie-ID."
"LS1000-0459","classificatiebasis","AI_KENNIS","AI_KENNIS_HERBEOORDEELD","Redactionele AI-indeling; geen HIGH-evidence of menselijke beoordeling."
"LS1000-0460","hoofdcategorie NL","Literaire fictie","Thrillers & spanning","Inhoudelijke AI-herbeoordeling van dit werk; geen auteur-/titelwoordregel."
"LS1000-0460","hoofdcategorie EN","Literary Fiction","Thrillers & Suspense","NL/EN verwijzen naar dezelfde categorie-ID."
"LS1000-0460","classificatiebasis","AI_KENNIS","AI_KENNIS_HERBEOORDEELD","Redactionele AI-indeling; geen HIGH-evidence of menselijke beoordeling."
"LS1000-0461","hoofdcategorie NL","Literaire fictie","Historische fictie","Inhoudelijke AI-herbeoordeling van dit werk; geen auteur-/titelwoordregel."
"LS1000-0461","hoofdcategorie EN","Literary Fiction","Historical Fiction","NL/EN verwijzen naar dezelfde categorie-ID."
"LS1000-0461","oorspronkelijke publicatiejaar","1987","1976","AI-bibliografische correctie: oorspronkelijke publicatie in plaats van onjuist bron-/editiejaar; geen wijziging bestaand databasejaar."
"LS1000-0461","classificatiebasis","AI_KENNIS","AI_KENNIS_HERBEOORDEELD","Redactionele AI-indeling; geen HIGH-evidence of menselijke beoordeling."
"LS1000-0461","aanvullende genres","coming-of-age","","Aanvullende genres opnieuw inhoudelijk afgewogen; uitsluitend canonieke genres, doelgroep en werkvorm blijven afzonderlijk."
"LS1000-0462","hoofdcategorie NL","Literaire fictie","Fantasy","Inhoudelijke AI-herbeoordeling van dit werk; geen auteur-/titelwoordregel."
"LS1000-0462","hoofdcategorie EN","Literary Fiction","Fantasy","NL/EN verwijzen naar dezelfde categorie-ID."
"LS1000-0462","oorspronkelijke publicatiejaar","1978","1965","AI-bibliografische correctie: oorspronkelijke publicatie in plaats van onjuist bron-/editiejaar; geen wijziging bestaand databasejaar."
"LS1000-0462","classificatiebasis","AI_KENNIS","AI_KENNIS_HERBEOORDEELD","Redactionele AI-indeling; geen HIGH-evidence of menselijke beoordeling."
"LS1000-0462","aanvullende genres","coming-of-age","","Aanvullende genres opnieuw inhoudelijk afgewogen; uitsluitend canonieke genres, doelgroep en werkvorm blijven afzonderlijk."
"LS1000-0463","hoofdcategorie NL","Literaire fictie","Literaire & algemene fictie","Canoniek categoriemodel en stabiele NL/EN-labels."
"LS1000-0463","hoofdcategorie EN","Literary Fiction","Literary & General Fiction","NL/EN verwijzen naar dezelfde categorie-ID."
"LS1000-0463","classificatiebasis","AI_KENNIS","AI_KENNIS_HERBEOORDEELD","Redactionele AI-indeling; geen HIGH-evidence of menselijke beoordeling."
"LS1000-0463","aanvullende genres","klassieker","","Aanvullende genres opnieuw inhoudelijk afgewogen; uitsluitend canonieke genres, doelgroep en werkvorm blijven afzonderlijk."
"LS1000-0464","hoofdcategorie NL","Literaire fictie","Literaire & algemene fictie","Canoniek categoriemodel en stabiele NL/EN-labels."
"LS1000-0464","hoofdcategorie EN","Literary Fiction","Literary & General Fiction","NL/EN verwijzen naar dezelfde categorie-ID."
"LS1000-0464","classificatiebasis","AI_KENNIS","AI_KENNIS_HERBEOORDEELD","Redactionele AI-indeling; geen HIGH-evidence of menselijke beoordeling."
"LS1000-0464","aanvullende genres","coming-of-age","","Aanvullende genres opnieuw inhoudelijk afgewogen; uitsluitend canonieke genres, doelgroep en werkvorm blijven afzonderlijk."
"LS1000-0465","hoofdcategorie NL","Literaire fictie","Literaire & algemene fictie","Canoniek categoriemodel en stabiele NL/EN-labels."
"LS1000-0465","hoofdcategorie EN","Literary Fiction","Literary & General Fiction","NL/EN verwijzen naar dezelfde categorie-ID."
"LS1000-0465","oorspronkelijke publicatiejaar","2000","2016","AI-bibliografische correctie: oorspronkelijke publicatie in plaats van onjuist bron-/editiejaar; geen wijziging bestaand databasejaar."
"LS1000-0465","classificatiebasis","AI_KENNIS","AI_KENNIS_HERBEOORDEELD","Redactionele AI-indeling; geen HIGH-evidence of menselijke beoordeling."
"LS1000-0465","aanvullende genres","coming-of-age","","Aanvullende genres opnieuw inhoudelijk afgewogen; uitsluitend canonieke genres, doelgroep en werkvorm blijven afzonderlijk."
"LS1000-0466","hoofdcategorie NL","Literaire fictie","Literaire & algemene fictie","Canoniek categoriemodel en stabiele NL/EN-labels."
"LS1000-0466","hoofdcategorie EN","Literary Fiction","Literary & General Fiction","NL/EN verwijzen naar dezelfde categorie-ID."
"LS1000-0466","classificatiebasis","AI_KENNIS","AI_KENNIS_HERBEOORDEELD","Redactionele AI-indeling; geen HIGH-evidence of menselijke beoordeling."
"LS1000-0467","hoofdcategorie NL","Literaire fictie","Literaire & algemene fictie","Canoniek categoriemodel en stabiele NL/EN-labels."
"LS1000-0467","hoofdcategorie EN","Literary Fiction","Literary & General Fiction","NL/EN verwijzen naar dezelfde categorie-ID."
"LS1000-0467","classificatiebasis","AI_KENNIS; WEB_GECONTROLEERD","AI_KENNIS_HERBEOORDEELD","Redactionele AI-indeling; geen HIGH-evidence of menselijke beoordeling."
"LS1000-0468","hoofdcategorie NL","Literaire fictie","Literaire & algemene fictie","Canoniek categoriemodel en stabiele NL/EN-labels."
"LS1000-0468","hoofdcategorie EN","Literary Fiction","Literary & General Fiction","NL/EN verwijzen naar dezelfde categorie-ID."
"LS1000-0468","classificatiebasis","AI_KENNIS","AI_KENNIS_HERBEOORDEELD","Redactionele AI-indeling; geen HIGH-evidence of menselijke beoordeling."
"LS1000-0469","hoofdcategorie NL","Literaire fictie","Literaire & algemene fictie","Canoniek categoriemodel en stabiele NL/EN-labels."
"LS1000-0469","hoofdcategorie EN","Literary Fiction","Literary & General Fiction","NL/EN verwijzen naar dezelfde categorie-ID."
"LS1000-0469","classificatiebasis","AI_KENNIS","AI_KENNIS_HERBEOORDEELD","Redactionele AI-indeling; geen HIGH-evidence of menselijke beoordeling."
"LS1000-0469","aanvullende genres","klassieker; familieroman","","Aanvullende genres opnieuw inhoudelijk afgewogen; uitsluitend canonieke genres, doelgroep en werkvorm blijven afzonderlijk."
"LS1000-0470","hoofdcategorie NL","Literaire fictie","Literaire & algemene fictie","Canoniek categoriemodel en stabiele NL/EN-labels."
"LS1000-0470","hoofdcategorie EN","Literary Fiction","Literary & General Fiction","NL/EN verwijzen naar dezelfde categorie-ID."
"LS1000-0470","classificatiebasis","AI_KENNIS","AI_KENNIS_HERBEOORDEELD","Redactionele AI-indeling; geen HIGH-evidence of menselijke beoordeling."
"LS1000-0470","aanvullende genres","klassieker; familieroman","","Aanvullende genres opnieuw inhoudelijk afgewogen; uitsluitend canonieke genres, doelgroep en werkvorm blijven afzonderlijk."
"LS1000-0471","hoofdcategorie NL","Literaire fictie","Literaire & algemene fictie","Canoniek categoriemodel en stabiele NL/EN-labels."
"LS1000-0471","hoofdcategorie EN","Literary Fiction","Literary & General Fiction","NL/EN verwijzen naar dezelfde categorie-ID."
"LS1000-0471","classificatiebasis","AI_KENNIS","AI_KENNIS_HERBEOORDEELD","Redactionele AI-indeling; geen HIGH-evidence of menselijke beoordeling."
"LS1000-0471","aanvullende genres","coming-of-age; familieroman","","Aanvullende genres opnieuw inhoudelijk afgewogen; uitsluitend canonieke genres, doelgroep en werkvorm blijven afzonderlijk."
"LS1000-0472","hoofdcategorie NL","Literaire fictie","Historische fictie","Inhoudelijke AI-herbeoordeling van dit werk; geen auteur-/titelwoordregel."
"LS1000-0472","hoofdcategorie EN","Literary Fiction","Historical Fiction","NL/EN verwijzen naar dezelfde categorie-ID."
"LS1000-0472","oorspronkelijke publicatiejaar","1989","1983","AI-bibliografische correctie: oorspronkelijke publicatie in plaats van onjuist bron-/editiejaar; geen wijziging bestaand databasejaar."
"LS1000-0472","classificatiebasis","AI_KENNIS","AI_KENNIS_HERBEOORDEELD","Redactionele AI-indeling; geen HIGH-evidence of menselijke beoordeling."
"LS1000-0472","aanvullende genres","coming-of-age","","Aanvullende genres opnieuw inhoudelijk afgewogen; uitsluitend canonieke genres, doelgroep en werkvorm blijven afzonderlijk."
"LS1000-0473","hoofdcategorie NL","Literaire fictie","Literaire & algemene fictie","Canoniek categoriemodel en stabiele NL/EN-labels."
"LS1000-0473","hoofdcategorie EN","Literary Fiction","Literary & General Fiction","NL/EN verwijzen naar dezelfde categorie-ID."
"LS1000-0473","oorspronkelijke publicatiejaar","1986","1987","AI-bibliografische correctie: oorspronkelijke publicatie in plaats van onjuist bron-/editiejaar; geen wijziging bestaand databasejaar."
"LS1000-0473","classificatiebasis","AI_KENNIS","AI_KENNIS_HERBEOORDEELD","Redactionele AI-indeling; geen HIGH-evidence of menselijke beoordeling."
"LS1000-0473","aanvullende genres","coming-of-age; familieroman","","Aanvullende genres opnieuw inhoudelijk afgewogen; uitsluitend canonieke genres, doelgroep en werkvorm blijven afzonderlijk."
"LS1000-0474","hoofdcategorie NL","Literaire fictie","Horror","Inhoudelijke AI-herbeoordeling van dit werk; geen auteur-/titelwoordregel."
"LS1000-0474","hoofdcategorie EN","Literary Fiction","Horror","NL/EN verwijzen naar dezelfde categorie-ID."
"LS1000-0474","classificatiebasis","AI_KENNIS; WEB_GECONTROLEERD","AI_KENNIS_HERBEOORDEELD","Redactionele AI-indeling; geen HIGH-evidence of menselijke beoordeling."
"LS1000-0474","aanvullende genres","","Fantasy","Aanvullende genres opnieuw inhoudelijk afgewogen; uitsluitend canonieke genres, doelgroep en werkvorm blijven afzonderlijk."
"LS1000-0475","hoofdcategorie NL","Literaire fictie","Historische fictie","Inhoudelijke AI-herbeoordeling van dit werk; geen auteur-/titelwoordregel."
"LS1000-0475","hoofdcategorie EN","Literary Fiction","Historical Fiction","NL/EN verwijzen naar dezelfde categorie-ID."
"LS1000-0475","classificatiebasis","AI_KENNIS","AI_KENNIS_HERBEOORDEELD","Redactionele AI-indeling; geen HIGH-evidence of menselijke beoordeling."
"LS1000-0476","hoofdcategorie NL","Literaire fictie","Literaire & algemene fictie","Canoniek categoriemodel en stabiele NL/EN-labels."
"LS1000-0476","hoofdcategorie EN","Literary Fiction","Literary & General Fiction","NL/EN verwijzen naar dezelfde categorie-ID."
"LS1000-0476","classificatiebasis","AI_KENNIS","AI_KENNIS_HERBEOORDEELD","Redactionele AI-indeling; geen HIGH-evidence of menselijke beoordeling."
"LS1000-0477","hoofdcategorie NL","Literaire fictie","Thrillers & spanning","Inhoudelijke AI-herbeoordeling van dit werk; geen auteur-/titelwoordregel."
"LS1000-0477","hoofdcategorie EN","Literary Fiction","Thrillers & Suspense","NL/EN verwijzen naar dezelfde categorie-ID."
"LS1000-0477","classificatiebasis","AI_KENNIS","AI_KENNIS_HERBEOORDEELD","Redactionele AI-indeling; geen HIGH-evidence of menselijke beoordeling."
"LS1000-0477","aanvullende genres","familieroman","","Aanvullende genres opnieuw inhoudelijk afgewogen; uitsluitend canonieke genres, doelgroep en werkvorm blijven afzonderlijk."
"LS1000-0478","hoofdcategorie NL","Literaire fictie","Literaire & algemene fictie","Canoniek categoriemodel en stabiele NL/EN-labels."
"LS1000-0478","hoofdcategorie EN","Literary Fiction","Literary & General Fiction","NL/EN verwijzen naar dezelfde categorie-ID."
"LS1000-0478","oorspronkelijke publicatiejaar","1947","1946","AI-bibliografische correctie: oorspronkelijke publicatie in plaats van onjuist bron-/editiejaar; geen wijziging bestaand databasejaar."
"LS1000-0478","classificatiebasis","AI_KENNIS; WEB_GECONTROLEERD","AI_KENNIS_HERBEOORDEELD","Redactionele AI-indeling; geen HIGH-evidence of menselijke beoordeling."
"LS1000-0478","aanvullende genres","klassieker","","Aanvullende genres opnieuw inhoudelijk afgewogen; uitsluitend canonieke genres, doelgroep en werkvorm blijven afzonderlijk."
"LS1000-0479","hoofdcategorie NL","Literaire fictie","Sciencefiction","Inhoudelijke AI-herbeoordeling van dit werk; geen auteur-/titelwoordregel."
"LS1000-0479","hoofdcategorie EN","Literary Fiction","Science Fiction","NL/EN verwijzen naar dezelfde categorie-ID."
"LS1000-0479","classificatiebasis","AI_KENNIS","AI_KENNIS_HERBEOORDEELD","Redactionele AI-indeling; geen HIGH-evidence of menselijke beoordeling."
"LS1000-0479","aanvullende genres","coming-of-age","","Aanvullende genres opnieuw inhoudelijk afgewogen; uitsluitend canonieke genres, doelgroep en werkvorm blijven afzonderlijk."
"LS1000-0480","hoofdcategorie NL","Literaire fictie","Sciencefiction","Inhoudelijke AI-herbeoordeling van dit werk; geen auteur-/titelwoordregel."
"LS1000-0480","hoofdcategorie EN","Literary Fiction","Science Fiction","NL/EN verwijzen naar dezelfde categorie-ID."
"LS1000-0480","classificatiebasis","AI_KENNIS","AI_KENNIS_HERBEOORDEELD","Redactionele AI-indeling; geen HIGH-evidence of menselijke beoordeling."
"LS1000-0480","aanvullende genres","coming-of-age","","Aanvullende genres opnieuw inhoudelijk afgewogen; uitsluitend canonieke genres, doelgroep en werkvorm blijven afzonderlijk."
"LS1000-0481","hoofdcategorie NL","Literaire fictie","Historische fictie","Inhoudelijke AI-herbeoordeling van dit werk; geen auteur-/titelwoordregel."
"LS1000-0481","hoofdcategorie EN","Literary Fiction","Historical Fiction","NL/EN verwijzen naar dezelfde categorie-ID."
"LS1000-0481","oorspronkelijke publicatiejaar","1990","1978","AI-bibliografische correctie: oorspronkelijke publicatie in plaats van onjuist bron-/editiejaar; geen wijziging bestaand databasejaar."
"LS1000-0481","classificatiebasis","AI_KENNIS","AI_KENNIS_HERBEOORDEELD","Redactionele AI-indeling; geen HIGH-evidence of menselijke beoordeling."
"LS1000-0481","aanvullende genres","coming-of-age","","Aanvullende genres opnieuw inhoudelijk afgewogen; uitsluitend canonieke genres, doelgroep en werkvorm blijven afzonderlijk."
"LS1000-0482","hoofdcategorie NL","Literaire fictie","Literaire & algemene fictie","Canoniek categoriemodel en stabiele NL/EN-labels."
"LS1000-0482","hoofdcategorie EN","Literary Fiction","Literary & General Fiction","NL/EN verwijzen naar dezelfde categorie-ID."
"LS1000-0482","oorspronkelijke publicatiejaar","2015","2016","AI-bibliografische correctie: oorspronkelijke publicatie in plaats van onjuist bron-/editiejaar; geen wijziging bestaand databasejaar."
"LS1000-0482","classificatiebasis","AI_KENNIS","AI_KENNIS_HERBEOORDEELD","Redactionele AI-indeling; geen HIGH-evidence of menselijke beoordeling."
"LS1000-0483","hoofdcategorie NL","Literaire fictie","Literaire & algemene fictie","Canoniek categoriemodel en stabiele NL/EN-labels."
"LS1000-0483","hoofdcategorie EN","Literary Fiction","Literary & General Fiction","NL/EN verwijzen naar dezelfde categorie-ID."
"LS1000-0483","classificatiebasis","AI_KENNIS","AI_KENNIS_HERBEOORDEELD","Redactionele AI-indeling; geen HIGH-evidence of menselijke beoordeling."
"LS1000-0484","hoofdcategorie NL","Literaire fictie","Literaire & algemene fictie","Canoniek categoriemodel en stabiele NL/EN-labels."
"LS1000-0484","hoofdcategorie EN","Literary Fiction","Literary & General Fiction","NL/EN verwijzen naar dezelfde categorie-ID."
"LS1000-0484","classificatiebasis","AI_KENNIS","AI_KENNIS_HERBEOORDEELD","Redactionele AI-indeling; geen HIGH-evidence of menselijke beoordeling."
"LS1000-0485","hoofdcategorie NL","Literaire fictie","Literaire & algemene fictie","Canoniek categoriemodel en stabiele NL/EN-labels."
"LS1000-0485","hoofdcategorie EN","Literary Fiction","Literary & General Fiction","NL/EN verwijzen naar dezelfde categorie-ID."
"LS1000-0485","classificatiebasis","AI_KENNIS","AI_KENNIS_HERBEOORDEELD","Redactionele AI-indeling; geen HIGH-evidence of menselijke beoordeling."
"LS1000-0486","hoofdcategorie NL","Literaire fictie","Thrillers & spanning","Inhoudelijke AI-herbeoordeling van dit werk; geen auteur-/titelwoordregel."
"LS1000-0486","hoofdcategorie EN","Literary Fiction","Thrillers & Suspense","NL/EN verwijzen naar dezelfde categorie-ID."
"LS1000-0486","classificatiebasis","AI_KENNIS","AI_KENNIS_HERBEOORDEELD","Redactionele AI-indeling; geen HIGH-evidence of menselijke beoordeling."
"LS1000-0487","hoofdcategorie NL","Literaire fictie","Historische fictie","Inhoudelijke AI-herbeoordeling van dit werk; geen auteur-/titelwoordregel."
"LS1000-0487","hoofdcategorie EN","Literary Fiction","Historical Fiction","NL/EN verwijzen naar dezelfde categorie-ID."
"LS1000-0487","classificatiebasis","AI_KENNIS","AI_KENNIS_HERBEOORDEELD","Redactionele AI-indeling; geen HIGH-evidence of menselijke beoordeling."
"LS1000-0488","hoofdcategorie NL","Literaire fictie","Literaire & algemene fictie","Canoniek categoriemodel en stabiele NL/EN-labels."
"LS1000-0488","hoofdcategorie EN","Literary Fiction","Literary & General Fiction","NL/EN verwijzen naar dezelfde categorie-ID."
"LS1000-0488","oorspronkelijke publicatiejaar","1988","1998","AI-bibliografische correctie: oorspronkelijke publicatie in plaats van onjuist bron-/editiejaar; geen wijziging bestaand databasejaar."
"LS1000-0488","classificatiebasis","AI_KENNIS","AI_KENNIS_HERBEOORDEELD","Redactionele AI-indeling; geen HIGH-evidence of menselijke beoordeling."
"LS1000-0488","aanvullende genres","coming-of-age","","Aanvullende genres opnieuw inhoudelijk afgewogen; uitsluitend canonieke genres, doelgroep en werkvorm blijven afzonderlijk."
"LS1000-0489","hoofdcategorie NL","Literaire fictie","Literaire & algemene fictie","Canoniek categoriemodel en stabiele NL/EN-labels."
"LS1000-0489","hoofdcategorie EN","Literary Fiction","Literary & General Fiction","NL/EN verwijzen naar dezelfde categorie-ID."
"LS1000-0489","classificatiebasis","AI_KENNIS","AI_KENNIS_HERBEOORDEELD","Redactionele AI-indeling; geen HIGH-evidence of menselijke beoordeling."
"LS1000-0489","aanvullende genres","familieroman","","Aanvullende genres opnieuw inhoudelijk afgewogen; uitsluitend canonieke genres, doelgroep en werkvorm blijven afzonderlijk."
"LS1000-0490","hoofdcategorie NL","Literaire fictie","Literaire & algemene fictie","Canoniek categoriemodel en stabiele NL/EN-labels."
"LS1000-0490","hoofdcategorie EN","Literary Fiction","Literary & General Fiction","NL/EN verwijzen naar dezelfde categorie-ID."
"LS1000-0490","oorspronkelijke publicatiejaar","2016","2014","AI-bibliografische correctie: oorspronkelijke publicatie in plaats van onjuist bron-/editiejaar; geen wijziging bestaand databasejaar."
"LS1000-0490","classificatiebasis","AI_KENNIS","AI_KENNIS_HERBEOORDEELD","Redactionele AI-indeling; geen HIGH-evidence of menselijke beoordeling."
"LS1000-0490","aanvullende genres","coming-of-age","","Aanvullende genres opnieuw inhoudelijk afgewogen; uitsluitend canonieke genres, doelgroep en werkvorm blijven afzonderlijk."
"LS1000-0491","hoofdcategorie NL","Literaire fictie","Literaire & algemene fictie","Canoniek categoriemodel en stabiele NL/EN-labels."
"LS1000-0491","hoofdcategorie EN","Literary Fiction","Literary & General Fiction","NL/EN verwijzen naar dezelfde categorie-ID."
"LS1000-0491","classificatiebasis","AI_KENNIS","AI_KENNIS_HERBEOORDEELD","Redactionele AI-indeling; geen HIGH-evidence of menselijke beoordeling."
"LS1000-0491","aanvullende genres","familieroman","","Aanvullende genres opnieuw inhoudelijk afgewogen; uitsluitend canonieke genres, doelgroep en werkvorm blijven afzonderlijk."
"LS1000-0492","hoofdcategorie NL","Literaire fictie","Literaire & algemene fictie","Canoniek categoriemodel en stabiele NL/EN-labels."
"LS1000-0492","hoofdcategorie EN","Literary Fiction","Literary & General Fiction","NL/EN verwijzen naar dezelfde categorie-ID."
"LS1000-0492","oorspronkelijke publicatiejaar","2019","2020","AI-bibliografische correctie: oorspronkelijke publicatie in plaats van onjuist bron-/editiejaar; geen wijziging bestaand databasejaar."
"LS1000-0492","classificatiebasis","AI_KENNIS","AI_KENNIS_HERBEOORDEELD","Redactionele AI-indeling; geen HIGH-evidence of menselijke beoordeling."
"LS1000-0493","hoofdcategorie NL","Literaire fictie","Kunst & cultuur","Inhoudelijke AI-herbeoordeling van dit werk; geen auteur-/titelwoordregel."
"LS1000-0493","hoofdcategorie EN","Literary Fiction","Arts & Culture","NL/EN verwijzen naar dezelfde categorie-ID."
"LS1000-0493","classificatiebasis","AI_KENNIS","AI_KENNIS_HERBEOORDEELD","Redactionele AI-indeling; geen HIGH-evidence of menselijke beoordeling."
"LS1000-0494","hoofdcategorie NL","Literaire fictie","Literaire & algemene fictie","Canoniek categoriemodel en stabiele NL/EN-labels."
"LS1000-0494","hoofdcategorie EN","Literary Fiction","Literary & General Fiction","NL/EN verwijzen naar dezelfde categorie-ID."
"LS1000-0494","classificatiebasis","AI_KENNIS","AI_KENNIS_HERBEOORDEELD","Redactionele AI-indeling; geen HIGH-evidence of menselijke beoordeling."
"LS1000-0495","hoofdcategorie NL","Literaire fictie","Literaire & algemene fictie","Canoniek categoriemodel en stabiele NL/EN-labels."
"LS1000-0495","hoofdcategorie EN","Literary Fiction","Literary & General Fiction","NL/EN verwijzen naar dezelfde categorie-ID."
"LS1000-0495","classificatiebasis","AI_KENNIS","AI_KENNIS_HERBEOORDEELD","Redactionele AI-indeling; geen HIGH-evidence of menselijke beoordeling."
"LS1000-0496","hoofdcategorie NL","Literaire fictie","Literaire & algemene fictie","Canoniek categoriemodel en stabiele NL/EN-labels."
"LS1000-0496","hoofdcategorie EN","Literary Fiction","Literary & General Fiction","NL/EN verwijzen naar dezelfde categorie-ID."
"LS1000-0496","classificatiebasis","AI_KENNIS","AI_KENNIS_HERBEOORDEELD","Redactionele AI-indeling; geen HIGH-evidence of menselijke beoordeling."
"LS1000-0496","aanvullende genres","klassieker","","Aanvullende genres opnieuw inhoudelijk afgewogen; uitsluitend canonieke genres, doelgroep en werkvorm blijven afzonderlijk."
"LS1000-0497","hoofdcategorie NL","Literaire fictie","Literaire & algemene fictie","Canoniek categoriemodel en stabiele NL/EN-labels."
"LS1000-0497","hoofdcategorie EN","Literary Fiction","Literary & General Fiction","NL/EN verwijzen naar dezelfde categorie-ID."
"LS1000-0497","oorspronkelijke publicatiejaar","1995","1994","AI-bibliografische correctie: oorspronkelijke publicatie in plaats van onjuist bron-/editiejaar; geen wijziging bestaand databasejaar."
"LS1000-0497","classificatiebasis","AI_KENNIS","AI_KENNIS_HERBEOORDEELD","Redactionele AI-indeling; geen HIGH-evidence of menselijke beoordeling."
"LS1000-0498","hoofdcategorie NL","Literaire fictie","Literaire & algemene fictie","Canoniek categoriemodel en stabiele NL/EN-labels."
"LS1000-0498","hoofdcategorie EN","Literary Fiction","Literary & General Fiction","NL/EN verwijzen naar dezelfde categorie-ID."
"LS1000-0498","classificatiebasis","AI_KENNIS","AI_KENNIS_HERBEOORDEELD","Redactionele AI-indeling; geen HIGH-evidence of menselijke beoordeling."
"LS1000-0498","aanvullende genres","familieroman","","Aanvullende genres opnieuw inhoudelijk afgewogen; uitsluitend canonieke genres, doelgroep en werkvorm blijven afzonderlijk."
"LS1000-0499","hoofdcategorie NL","Literaire fictie","Literaire & algemene fictie","Canoniek categoriemodel en stabiele NL/EN-labels."
"LS1000-0499","hoofdcategorie EN","Literary Fiction","Literary & General Fiction","NL/EN verwijzen naar dezelfde categorie-ID."
"LS1000-0499","oorspronkelijke publicatiejaar","1897","1952","AI-bibliografische correctie: oorspronkelijke publicatie in plaats van onjuist bron-/editiejaar; geen wijziging bestaand databasejaar."
"LS1000-0499","classificatiebasis","AI_KENNIS","AI_KENNIS_HERBEOORDEELD","Redactionele AI-indeling; geen HIGH-evidence of menselijke beoordeling."
"LS1000-0499","aanvullende genres","klassieker","","Aanvullende genres opnieuw inhoudelijk afgewogen; uitsluitend canonieke genres, doelgroep en werkvorm blijven afzonderlijk."
"LS1000-0500","hoofdcategorie NL","Literaire fictie","Literaire & algemene fictie","Canoniek categoriemodel en stabiele NL/EN-labels."
"LS1000-0500","hoofdcategorie EN","Literary Fiction","Literary & General Fiction","NL/EN verwijzen naar dezelfde categorie-ID."
"LS1000-0500","classificatiebasis","AI_KENNIS","AI_KENNIS_HERBEOORDEELD","Redactionele AI-indeling; geen HIGH-evidence of menselijke beoordeling."
"LS1000-0500","aanvullende genres","familieroman","","Aanvullende genres opnieuw inhoudelijk afgewogen; uitsluitend canonieke genres, doelgroep en werkvorm blijven afzonderlijk."
"LS1000-0501","hoofdcategorie NL","Literaire fictie","Literaire & algemene fictie","Canoniek categoriemodel en stabiele NL/EN-labels."
"LS1000-0501","hoofdcategorie EN","Literary Fiction","Literary & General Fiction","NL/EN verwijzen naar dezelfde categorie-ID."
"LS1000-0501","classificatiebasis","AI_KENNIS","AI_KENNIS_HERBEOORDEELD","Redactionele AI-indeling; geen HIGH-evidence of menselijke beoordeling."
"LS1000-0502","hoofdcategorie NL","Literaire fictie","Literaire & algemene fictie","Canoniek categoriemodel en stabiele NL/EN-labels."
"LS1000-0502","hoofdcategorie EN","Literary Fiction","Literary & General Fiction","NL/EN verwijzen naar dezelfde categorie-ID."
"LS1000-0502","werkvorm","roman","toneelstuk","Werkvorm afzonderlijk inhoudelijk gecorrigeerd; geen genre."
"LS1000-0502","oorspronkelijke publicatiejaar","1656","1623","Eerste druk 1623, niet de opvoering rond 1599."
"LS1000-0502","classificatiebasis","AI_KENNIS","AI_KENNIS + GERICHTE_BRONCONTROLE","Redactionele AI-indeling; geen HIGH-evidence of menselijke beoordeling."
"LS1000-0502","aanvullende genres","klassieker","","Aanvullende genres opnieuw inhoudelijk afgewogen; uitsluitend canonieke genres, doelgroep en werkvorm blijven afzonderlijk."
"LS1000-0503","hoofdcategorie NL","Literaire fictie","Literaire & algemene fictie","Canoniek categoriemodel en stabiele NL/EN-labels."
"LS1000-0503","hoofdcategorie EN","Literary Fiction","Literary & General Fiction","NL/EN verwijzen naar dezelfde categorie-ID."
"LS1000-0503","classificatiebasis","AI_KENNIS; WEB_GECONTROLEERD","AI_KENNIS_HERBEOORDEELD","Redactionele AI-indeling; geen HIGH-evidence of menselijke beoordeling."
"LS1000-0503","aanvullende genres","klassieker","","Aanvullende genres opnieuw inhoudelijk afgewogen; uitsluitend canonieke genres, doelgroep en werkvorm blijven afzonderlijk."
"LS1000-0504","hoofdcategorie NL","Literaire fictie","Literaire & algemene fictie","Canoniek categoriemodel en stabiele NL/EN-labels."
"LS1000-0504","hoofdcategorie EN","Literary Fiction","Literary & General Fiction","NL/EN verwijzen naar dezelfde categorie-ID."
"LS1000-0504","oorspronkelijke publicatiejaar","1999","1996","AI-bibliografische correctie: oorspronkelijke publicatie in plaats van onjuist bron-/editiejaar; geen wijziging bestaand databasejaar."
"LS1000-0504","classificatiebasis","AI_KENNIS","AI_KENNIS_HERBEOORDEELD","Redactionele AI-indeling; geen HIGH-evidence of menselijke beoordeling."
"LS1000-0504","aanvullende genres","coming-of-age","","Aanvullende genres opnieuw inhoudelijk afgewogen; uitsluitend canonieke genres, doelgroep en werkvorm blijven afzonderlijk."
"LS1000-0505","hoofdcategorie NL","Literaire fictie","Literaire & algemene fictie","Canoniek categoriemodel en stabiele NL/EN-labels."
"LS1000-0505","hoofdcategorie EN","Literary Fiction","Literary & General Fiction","NL/EN verwijzen naar dezelfde categorie-ID."
"LS1000-0505","classificatiebasis","AI_KENNIS; WEB_GECONTROLEERD","AI_KENNIS_HERBEOORDEELD","Redactionele AI-indeling; geen HIGH-evidence of menselijke beoordeling."
"LS1000-0505","aanvullende genres","klassieker","","Aanvullende genres opnieuw inhoudelijk afgewogen; uitsluitend canonieke genres, doelgroep en werkvorm blijven afzonderlijk."
"LS1000-0506","hoofdcategorie NL","Literaire fictie","Literaire & algemene fictie","Canoniek categoriemodel en stabiele NL/EN-labels."
"LS1000-0506","hoofdcategorie EN","Literary Fiction","Literary & General Fiction","NL/EN verwijzen naar dezelfde categorie-ID."
"LS1000-0506","oorspronkelijke publicatiejaar","1935","1923","AI-bibliografische correctie: oorspronkelijke publicatie in plaats van onjuist bron-/editiejaar; geen wijziging bestaand databasejaar."
"LS1000-0506","classificatiebasis","AI_KENNIS; WEB_GECONTROLEERD","AI_KENNIS_HERBEOORDEELD","Redactionele AI-indeling; geen HIGH-evidence of menselijke beoordeling."
"LS1000-0506","aanvullende genres","klassieker","","Aanvullende genres opnieuw inhoudelijk afgewogen; uitsluitend canonieke genres, doelgroep en werkvorm blijven afzonderlijk."
"LS1000-0507","hoofdcategorie NL","Literaire fictie","Sciencefiction","Inhoudelijke AI-herbeoordeling van dit werk; geen auteur-/titelwoordregel."
"LS1000-0507","hoofdcategorie EN","Literary Fiction","Science Fiction","NL/EN verwijzen naar dezelfde categorie-ID."
"LS1000-0507","classificatiebasis","AI_KENNIS","AI_KENNIS_HERBEOORDEELD","Redactionele AI-indeling; geen HIGH-evidence of menselijke beoordeling."
"LS1000-0507","aanvullende genres","coming-of-age","","Aanvullende genres opnieuw inhoudelijk afgewogen; uitsluitend canonieke genres, doelgroep en werkvorm blijven afzonderlijk."
"LS1000-0508","hoofdcategorie NL","Literaire fictie","Literaire & algemene fictie","Canoniek categoriemodel en stabiele NL/EN-labels."
"LS1000-0508","hoofdcategorie EN","Literary Fiction","Literary & General Fiction","NL/EN verwijzen naar dezelfde categorie-ID."
"LS1000-0508","classificatiebasis","AI_KENNIS","AI_KENNIS_HERBEOORDEELD","Redactionele AI-indeling; geen HIGH-evidence of menselijke beoordeling."
"LS1000-0509","hoofdcategorie NL","Literaire fictie","Literaire & algemene fictie","Canoniek categoriemodel en stabiele NL/EN-labels."
"LS1000-0509","hoofdcategorie EN","Literary Fiction","Literary & General Fiction","NL/EN verwijzen naar dezelfde categorie-ID."
"LS1000-0509","classificatiebasis","AI_KENNIS; WEB_GECONTROLEERD","AI_KENNIS_HERBEOORDEELD","Redactionele AI-indeling; geen HIGH-evidence of menselijke beoordeling."
"LS1000-0509","aanvullende genres","klassieker","","Aanvullende genres opnieuw inhoudelijk afgewogen; uitsluitend canonieke genres, doelgroep en werkvorm blijven afzonderlijk."
"LS1000-0510","hoofdcategorie NL","Literaire fictie","Literaire & algemene fictie","Canoniek categoriemodel en stabiele NL/EN-labels."
"LS1000-0510","hoofdcategorie EN","Literary Fiction","Literary & General Fiction","NL/EN verwijzen naar dezelfde categorie-ID."
"LS1000-0510","classificatiebasis","AI_KENNIS","AI_KENNIS_HERBEOORDEELD","Redactionele AI-indeling; geen HIGH-evidence of menselijke beoordeling."
"LS1000-0511","hoofdcategorie NL","Literaire fictie","Fantasy","Inhoudelijke AI-herbeoordeling van dit werk; geen auteur-/titelwoordregel."
"LS1000-0511","hoofdcategorie EN","Literary Fiction","Fantasy","NL/EN verwijzen naar dezelfde categorie-ID."
"LS1000-0511","classificatiebasis","AI_KENNIS","AI_KENNIS_HERBEOORDEELD","Redactionele AI-indeling; geen HIGH-evidence of menselijke beoordeling."
"LS1000-0511","aanvullende genres","coming-of-age","","Aanvullende genres opnieuw inhoudelijk afgewogen; uitsluitend canonieke genres, doelgroep en werkvorm blijven afzonderlijk."
"LS1000-0512","hoofdcategorie NL","Literaire fictie","Literaire & algemene fictie","Canoniek categoriemodel en stabiele NL/EN-labels."
"LS1000-0512","hoofdcategorie EN","Literary Fiction","Literary & General Fiction","NL/EN verwijzen naar dezelfde categorie-ID."
"LS1000-0512","classificatiebasis","AI_KENNIS","AI_KENNIS_HERBEOORDEELD","Redactionele AI-indeling; geen HIGH-evidence of menselijke beoordeling."
"LS1000-0512","aanvullende genres","coming-of-age","","Aanvullende genres opnieuw inhoudelijk afgewogen; uitsluitend canonieke genres, doelgroep en werkvorm blijven afzonderlijk."
"LS1000-0513","hoofdcategorie NL","Literaire fictie","Fantasy","Inhoudelijke AI-herbeoordeling van dit werk; geen auteur-/titelwoordregel."
"LS1000-0513","hoofdcategorie EN","Literary Fiction","Fantasy","NL/EN verwijzen naar dezelfde categorie-ID."
"LS1000-0513","classificatiebasis","AI_KENNIS","AI_KENNIS_HERBEOORDEELD","Redactionele AI-indeling; geen HIGH-evidence of menselijke beoordeling."
"LS1000-0514","hoofdcategorie NL","Literaire fictie","Literaire & algemene fictie","Canoniek categoriemodel en stabiele NL/EN-labels."
"LS1000-0514","hoofdcategorie EN","Literary Fiction","Literary & General Fiction","NL/EN verwijzen naar dezelfde categorie-ID."
"LS1000-0514","classificatiebasis","AI_KENNIS; WEB_GECONTROLEERD","AI_KENNIS + GERICHTE_BRONCONTROLE","Redactionele AI-indeling; geen HIGH-evidence of menselijke beoordeling."
"LS1000-0514","aanvullende genres","","Detectives & misdaadfictie","Aanvullende genres opnieuw inhoudelijk afgewogen; uitsluitend canonieke genres, doelgroep en werkvorm blijven afzonderlijk."
"LS1000-0514","bestaande LumiScore Work-ID","","1936","Vertaling gematcht op bestaand Work 1936; geen nieuwe Work."
"LS1000-0514","catalogusmatch","ontbreekt","aanwezig","Bibliotheek bevestigt Nederlandse vertaling; origineel en vertaling zijn hetzelfde werk."
"LS1000-0515","hoofdcategorie NL","Literaire fictie","Literaire & algemene fictie","Canoniek categoriemodel en stabiele NL/EN-labels."
"LS1000-0515","hoofdcategorie EN","Literary Fiction","Literary & General Fiction","NL/EN verwijzen naar dezelfde categorie-ID."
"LS1000-0515","oorspronkelijke publicatiejaar","2014","2013","AI-bibliografische correctie: oorspronkelijke publicatie in plaats van onjuist bron-/editiejaar; geen wijziging bestaand databasejaar."
"LS1000-0515","classificatiebasis","AI_KENNIS","AI_KENNIS_HERBEOORDEELD","Redactionele AI-indeling; geen HIGH-evidence of menselijke beoordeling."
"LS1000-0516","hoofdcategorie NL","Literaire fictie","Literaire & algemene fictie","Canoniek categoriemodel en stabiele NL/EN-labels."
"LS1000-0516","hoofdcategorie EN","Literary Fiction","Literary & General Fiction","NL/EN verwijzen naar dezelfde categorie-ID."
"LS1000-0516","classificatiebasis","AI_KENNIS","AI_KENNIS_HERBEOORDEELD","Redactionele AI-indeling; geen HIGH-evidence of menselijke beoordeling."
"LS1000-0516","aanvullende genres","klassieker","","Aanvullende genres opnieuw inhoudelijk afgewogen; uitsluitend canonieke genres, doelgroep en werkvorm blijven afzonderlijk."
"LS1000-0517","hoofdcategorie NL","Literaire fictie","Fantasy","Inhoudelijke AI-herbeoordeling van dit werk; geen auteur-/titelwoordregel."
"LS1000-0517","hoofdcategorie EN","Literary Fiction","Fantasy","NL/EN verwijzen naar dezelfde categorie-ID."
"LS1000-0517","classificatiebasis","AI_KENNIS","AI_KENNIS_HERBEOORDEELD","Redactionele AI-indeling; geen HIGH-evidence of menselijke beoordeling."
"LS1000-0517","aanvullende genres","coming-of-age","","Aanvullende genres opnieuw inhoudelijk afgewogen; uitsluitend canonieke genres, doelgroep en werkvorm blijven afzonderlijk."
"LS1000-0518","hoofdcategorie NL","Literaire fictie","Literaire & algemene fictie","Canoniek categoriemodel en stabiele NL/EN-labels."
"LS1000-0518","hoofdcategorie EN","Literary Fiction","Literary & General Fiction","NL/EN verwijzen naar dezelfde categorie-ID."
"LS1000-0518","oorspronkelijke publicatiejaar","2020","2021","AI-bibliografische correctie: oorspronkelijke publicatie in plaats van onjuist bron-/editiejaar; geen wijziging bestaand databasejaar."
"LS1000-0518","classificatiebasis","AI_KENNIS","AI_KENNIS_HERBEOORDEELD","Redactionele AI-indeling; geen HIGH-evidence of menselijke beoordeling."
"LS1000-0519","hoofdcategorie NL","Literaire fictie","Literaire & algemene fictie","Canoniek categoriemodel en stabiele NL/EN-labels."
"LS1000-0519","hoofdcategorie EN","Literary Fiction","Literary & General Fiction","NL/EN verwijzen naar dezelfde categorie-ID."
"LS1000-0519","classificatiebasis","AI_KENNIS","AI_KENNIS_HERBEOORDEELD","Redactionele AI-indeling; geen HIGH-evidence of menselijke beoordeling."
"LS1000-0520","hoofdcategorie NL","Literaire fictie","Literaire & algemene fictie","Canoniek categoriemodel en stabiele NL/EN-labels."
"LS1000-0520","hoofdcategorie EN","Literary Fiction","Literary & General Fiction","NL/EN verwijzen naar dezelfde categorie-ID."
"LS1000-0520","classificatiebasis","AI_KENNIS","AI_KENNIS_HERBEOORDEELD","Redactionele AI-indeling; geen HIGH-evidence of menselijke beoordeling."
"LS1000-0520","aanvullende genres","coming-of-age","","Aanvullende genres opnieuw inhoudelijk afgewogen; uitsluitend canonieke genres, doelgroep en werkvorm blijven afzonderlijk."
"LS1000-0521","hoofdcategorie NL","Literaire fictie","Literaire & algemene fictie","Canoniek categoriemodel en stabiele NL/EN-labels."
"LS1000-0521","hoofdcategorie EN","Literary Fiction","Literary & General Fiction","NL/EN verwijzen naar dezelfde categorie-ID."
"LS1000-0521","classificatiebasis","AI_KENNIS","AI_KENNIS_HERBEOORDEELD","Redactionele AI-indeling; geen HIGH-evidence of menselijke beoordeling."
"LS1000-0521","aanvullende genres","coming-of-age","","Aanvullende genres opnieuw inhoudelijk afgewogen; uitsluitend canonieke genres, doelgroep en werkvorm blijven afzonderlijk."
"LS1000-0522","hoofdcategorie NL","Literaire fictie","Literaire & algemene fictie","Canoniek categoriemodel en stabiele NL/EN-labels."
"LS1000-0522","hoofdcategorie EN","Literary Fiction","Literary & General Fiction","NL/EN verwijzen naar dezelfde categorie-ID."
"LS1000-0522","classificatiebasis","AI_KENNIS","AI_KENNIS_HERBEOORDEELD","Redactionele AI-indeling; geen HIGH-evidence of menselijke beoordeling."
"LS1000-0522","aanvullende genres","coming-of-age","","Aanvullende genres opnieuw inhoudelijk afgewogen; uitsluitend canonieke genres, doelgroep en werkvorm blijven afzonderlijk."
"LS1000-0523","hoofdcategorie NL","Literaire fictie","Literaire & algemene fictie","Canoniek categoriemodel en stabiele NL/EN-labels."
"LS1000-0523","hoofdcategorie EN","Literary Fiction","Literary & General Fiction","NL/EN verwijzen naar dezelfde categorie-ID."
"LS1000-0523","oorspronkelijke publicatiejaar","1508","1623","Eerste gedrukte publicatie 1623; ontstaan/opvoering rond 1606 is een ander gegeven."
"LS1000-0523","classificatiebasis","AI_KENNIS","AI_KENNIS + GERICHTE_BRONCONTROLE","Redactionele AI-indeling; geen HIGH-evidence of menselijke beoordeling."
"LS1000-0523","aanvullende genres","klassieker","","Aanvullende genres opnieuw inhoudelijk afgewogen; uitsluitend canonieke genres, doelgroep en werkvorm blijven afzonderlijk."
"LS1000-0524","hoofdcategorie NL","Literaire fictie","Literaire & algemene fictie","Canoniek categoriemodel en stabiele NL/EN-labels."
"LS1000-0524","hoofdcategorie EN","Literary Fiction","Literary & General Fiction","NL/EN verwijzen naar dezelfde categorie-ID."
"LS1000-0524","classificatiebasis","AI_KENNIS","AI_KENNIS_HERBEOORDEELD","Redactionele AI-indeling; geen HIGH-evidence of menselijke beoordeling."
"LS1000-0524","aanvullende genres","klassieker; familieroman","","Aanvullende genres opnieuw inhoudelijk afgewogen; uitsluitend canonieke genres, doelgroep en werkvorm blijven afzonderlijk."
"LS1000-0525","hoofdcategorie NL","Literaire fictie","Literaire & algemene fictie","Canoniek categoriemodel en stabiele NL/EN-labels."
"LS1000-0525","hoofdcategorie EN","Literary Fiction","Literary & General Fiction","NL/EN verwijzen naar dezelfde categorie-ID."
"LS1000-0525","oorspronkelijke publicatiejaar","1875","1860","AI-bibliografische correctie: oorspronkelijke publicatie in plaats van onjuist bron-/editiejaar; geen wijziging bestaand databasejaar."
"LS1000-0525","classificatiebasis","AI_KENNIS; WEB_GECONTROLEERD","AI_KENNIS_HERBEOORDEELD","Redactionele AI-indeling; geen HIGH-evidence of menselijke beoordeling."
"LS1000-0525","aanvullende genres","klassieker","","Aanvullende genres opnieuw inhoudelijk afgewogen; uitsluitend canonieke genres, doelgroep en werkvorm blijven afzonderlijk."
"LS1000-0526","hoofdcategorie NL","Literaire fictie","Fantasy","Inhoudelijke AI-herbeoordeling van dit werk; geen auteur-/titelwoordregel."
"LS1000-0526","hoofdcategorie EN","Literary Fiction","Fantasy","NL/EN verwijzen naar dezelfde categorie-ID."
"LS1000-0526","classificatiebasis","AI_KENNIS","AI_KENNIS_HERBEOORDEELD","Redactionele AI-indeling; geen HIGH-evidence of menselijke beoordeling."
"LS1000-0526","aanvullende genres","coming-of-age","","Aanvullende genres opnieuw inhoudelijk afgewogen; uitsluitend canonieke genres, doelgroep en werkvorm blijven afzonderlijk."
"LS1000-0527","hoofdcategorie NL","Literaire fictie","Literaire & algemene fictie","Canoniek categoriemodel en stabiele NL/EN-labels."
"LS1000-0527","hoofdcategorie EN","Literary Fiction","Literary & General Fiction","NL/EN verwijzen naar dezelfde categorie-ID."
"LS1000-0527","werkvorm","roman","poëzie","Werkvorm afzonderlijk inhoudelijk gecorrigeerd; geen genre."
"LS1000-0527","oorspronkelijke publicatiejaar","1479","","Exact oorspronkelijk publicatiejaar onvoldoende vastgesteld; niet afleiden van editie/ontstaan."
"LS1000-0527","classificatiebasis","AI_KENNIS","AI_KENNIS_HERBEOORDEELD","Redactionele AI-indeling; geen HIGH-evidence of menselijke beoordeling."
"LS1000-0527","aanvullende genres","klassieker","","Aanvullende genres opnieuw inhoudelijk afgewogen; uitsluitend canonieke genres, doelgroep en werkvorm blijven afzonderlijk."
"LS1000-0528","hoofdcategorie NL","Literaire fictie","Literaire & algemene fictie","Canoniek categoriemodel en stabiele NL/EN-labels."
"LS1000-0528","hoofdcategorie EN","Literary Fiction","Literary & General Fiction","NL/EN verwijzen naar dezelfde categorie-ID."
"LS1000-0528","oorspronkelijke publicatiejaar","1800","1871","AI-bibliografische correctie: oorspronkelijke publicatie in plaats van onjuist bron-/editiejaar; geen wijziging bestaand databasejaar."
"LS1000-0528","classificatiebasis","AI_KENNIS","AI_KENNIS_HERBEOORDEELD","Redactionele AI-indeling; geen HIGH-evidence of menselijke beoordeling."
"LS1000-0528","aanvullende genres","klassieker; familieroman","","Aanvullende genres opnieuw inhoudelijk afgewogen; uitsluitend canonieke genres, doelgroep en werkvorm blijven afzonderlijk."
"LS1000-0529","hoofdcategorie NL","Literaire fictie","Literaire & algemene fictie","Canoniek categoriemodel en stabiele NL/EN-labels."
"LS1000-0529","hoofdcategorie EN","Literary Fiction","Literary & General Fiction","NL/EN verwijzen naar dezelfde categorie-ID."
"LS1000-0529","classificatiebasis","AI_KENNIS; WEB_GECONTROLEERD","AI_KENNIS_HERBEOORDEELD","Redactionele AI-indeling; geen HIGH-evidence of menselijke beoordeling."
"LS1000-0529","aanvullende genres","","Fantasy","Aanvullende genres opnieuw inhoudelijk afgewogen; uitsluitend canonieke genres, doelgroep en werkvorm blijven afzonderlijk."
"LS1000-0530","hoofdcategorie NL","Literaire fictie","Literaire & algemene fictie","Canoniek categoriemodel en stabiele NL/EN-labels."
"LS1000-0530","hoofdcategorie EN","Literary Fiction","Literary & General Fiction","NL/EN verwijzen naar dezelfde categorie-ID."
"LS1000-0530","classificatiebasis","AI_KENNIS","AI_KENNIS_HERBEOORDEELD","Redactionele AI-indeling; geen HIGH-evidence of menselijke beoordeling."
"LS1000-0531","hoofdcategorie NL","Literaire fictie","Fantasy","Inhoudelijke AI-herbeoordeling van dit werk; geen auteur-/titelwoordregel."
"LS1000-0531","hoofdcategorie EN","Literary Fiction","Fantasy","NL/EN verwijzen naar dezelfde categorie-ID."
"LS1000-0531","classificatiebasis","AI_KENNIS","AI_KENNIS_HERBEOORDEELD","Redactionele AI-indeling; geen HIGH-evidence of menselijke beoordeling."
"LS1000-0531","aanvullende genres","coming-of-age","","Aanvullende genres opnieuw inhoudelijk afgewogen; uitsluitend canonieke genres, doelgroep en werkvorm blijven afzonderlijk."
"LS1000-0532","hoofdcategorie NL","Literaire fictie","Literaire & algemene fictie","Canoniek categoriemodel en stabiele NL/EN-labels."
"LS1000-0532","hoofdcategorie EN","Literary Fiction","Literary & General Fiction","NL/EN verwijzen naar dezelfde categorie-ID."
"LS1000-0532","classificatiebasis","AI_KENNIS","AI_KENNIS_HERBEOORDEELD","Redactionele AI-indeling; geen HIGH-evidence of menselijke beoordeling."
"LS1000-0533","hoofdcategorie NL","Literaire fictie","Literaire & algemene fictie","Canoniek categoriemodel en stabiele NL/EN-labels."
"LS1000-0533","hoofdcategorie EN","Literary Fiction","Literary & General Fiction","NL/EN verwijzen naar dezelfde categorie-ID."
"LS1000-0533","classificatiebasis","AI_KENNIS","AI_KENNIS_HERBEOORDEELD","Redactionele AI-indeling; geen HIGH-evidence of menselijke beoordeling."
"LS1000-0534","hoofdcategorie NL","Literaire fictie","Literaire & algemene fictie","Canoniek categoriemodel en stabiele NL/EN-labels."
"LS1000-0534","hoofdcategorie EN","Literary Fiction","Literary & General Fiction","NL/EN verwijzen naar dezelfde categorie-ID."
"LS1000-0534","classificatiebasis","AI_KENNIS","AI_KENNIS_HERBEOORDEELD","Redactionele AI-indeling; geen HIGH-evidence of menselijke beoordeling."
"LS1000-0534","aanvullende genres","klassieker; familieroman","","Aanvullende genres opnieuw inhoudelijk afgewogen; uitsluitend canonieke genres, doelgroep en werkvorm blijven afzonderlijk."
"LS1000-0535","hoofdcategorie NL","Literaire fictie","Literaire & algemene fictie","Canoniek categoriemodel en stabiele NL/EN-labels."
"LS1000-0535","hoofdcategorie EN","Literary Fiction","Literary & General Fiction","NL/EN verwijzen naar dezelfde categorie-ID."
"LS1000-0535","classificatiebasis","AI_KENNIS","AI_KENNIS_HERBEOORDEELD","Redactionele AI-indeling; geen HIGH-evidence of menselijke beoordeling."
"LS1000-0535","aanvullende genres","coming-of-age","","Aanvullende genres opnieuw inhoudelijk afgewogen; uitsluitend canonieke genres, doelgroep en werkvorm blijven afzonderlijk."
"LS1000-0536","hoofdcategorie NL","Literaire fictie","Literaire & algemene fictie","Canoniek categoriemodel en stabiele NL/EN-labels."
"LS1000-0536","hoofdcategorie EN","Literary Fiction","Literary & General Fiction","NL/EN verwijzen naar dezelfde categorie-ID."
"LS1000-0536","classificatiebasis","AI_KENNIS","AI_KENNIS_HERBEOORDEELD","Redactionele AI-indeling; geen HIGH-evidence of menselijke beoordeling."
"LS1000-0537","hoofdcategorie NL","Literaire fictie","Literaire & algemene fictie","Canoniek categoriemodel en stabiele NL/EN-labels."
"LS1000-0537","hoofdcategorie EN","Literary Fiction","Literary & General Fiction","NL/EN verwijzen naar dezelfde categorie-ID."
"LS1000-0537","classificatiebasis","AI_KENNIS","AI_KENNIS_HERBEOORDEELD","Redactionele AI-indeling; geen HIGH-evidence of menselijke beoordeling."
"LS1000-0538","hoofdcategorie NL","Literaire fictie","Literaire & algemene fictie","Canoniek categoriemodel en stabiele NL/EN-labels."
"LS1000-0538","hoofdcategorie EN","Literary Fiction","Literary & General Fiction","NL/EN verwijzen naar dezelfde categorie-ID."
"LS1000-0538","werkvorm","roman","brieven en poëzie","Werkvorm afzonderlijk inhoudelijk gecorrigeerd; geen genre."
"LS1000-0538","classificatiebasis","AI_KENNIS","AI_KENNIS_HERBEOORDEELD","Redactionele AI-indeling; geen HIGH-evidence of menselijke beoordeling."
"LS1000-0539","hoofdcategorie NL","Literaire fictie","Literaire & algemene fictie","Canoniek categoriemodel en stabiele NL/EN-labels."
"LS1000-0539","hoofdcategorie EN","Literary Fiction","Literary & General Fiction","NL/EN verwijzen naar dezelfde categorie-ID."
"LS1000-0539","oorspronkelijke publicatiejaar","2012","1890","AI-bibliografische correctie: oorspronkelijke publicatie in plaats van onjuist bron-/editiejaar; geen wijziging bestaand databasejaar."
"LS1000-0539","classificatiebasis","AI_KENNIS; WEB_GECONTROLEERD","AI_KENNIS + GERICHTE_BRONCONTROLE","Redactionele AI-indeling; geen HIGH-evidence of menselijke beoordeling."
"LS1000-0539","aanvullende genres","klassieker","","Aanvullende genres opnieuw inhoudelijk afgewogen; uitsluitend canonieke genres, doelgroep en werkvorm blijven afzonderlijk."
"LS1000-0540","hoofdcategorie NL","Literaire fictie","Literaire & algemene fictie","Canoniek categoriemodel en stabiele NL/EN-labels."
"LS1000-0540","hoofdcategorie EN","Literary Fiction","Literary & General Fiction","NL/EN verwijzen naar dezelfde categorie-ID."
"LS1000-0540","oorspronkelijke publicatiejaar","1970","1948","AI-bibliografische correctie: oorspronkelijke publicatie in plaats van onjuist bron-/editiejaar; geen wijziging bestaand databasejaar."
"LS1000-0540","classificatiebasis","AI_KENNIS","AI_KENNIS_HERBEOORDEELD","Redactionele AI-indeling; geen HIGH-evidence of menselijke beoordeling."
"LS1000-0541","hoofdcategorie NL","Literaire fictie","Sciencefiction","Inhoudelijke AI-herbeoordeling van dit werk; geen auteur-/titelwoordregel."
"LS1000-0541","hoofdcategorie EN","Literary Fiction","Science Fiction","NL/EN verwijzen naar dezelfde categorie-ID."
"LS1000-0541","classificatiebasis","AI_KENNIS","AI_KENNIS_HERBEOORDEELD","Redactionele AI-indeling; geen HIGH-evidence of menselijke beoordeling."
"LS1000-0541","aanvullende genres","coming-of-age","","Aanvullende genres opnieuw inhoudelijk afgewogen; uitsluitend canonieke genres, doelgroep en werkvorm blijven afzonderlijk."
"LS1000-0542","hoofdcategorie NL","Literaire fictie","Literaire & algemene fictie","Canoniek categoriemodel en stabiele NL/EN-labels."
"LS1000-0542","hoofdcategorie EN","Literary Fiction","Literary & General Fiction","NL/EN verwijzen naar dezelfde categorie-ID."
"LS1000-0542","oorspronkelijke publicatiejaar","1966","1963","AI-bibliografische correctie: oorspronkelijke publicatie in plaats van onjuist bron-/editiejaar; geen wijziging bestaand databasejaar."
"LS1000-0542","classificatiebasis","AI_KENNIS","AI_KENNIS_HERBEOORDEELD","Redactionele AI-indeling; geen HIGH-evidence of menselijke beoordeling."
"LS1000-0543","hoofdcategorie NL","Literaire fictie","Literaire & algemene fictie","Canoniek categoriemodel en stabiele NL/EN-labels."
"LS1000-0543","hoofdcategorie EN","Literary Fiction","Literary & General Fiction","NL/EN verwijzen naar dezelfde categorie-ID."
"LS1000-0543","classificatiebasis","AI_KENNIS","AI_KENNIS_HERBEOORDEELD","Redactionele AI-indeling; geen HIGH-evidence of menselijke beoordeling."
"LS1000-0543","aanvullende genres","klassieker","","Aanvullende genres opnieuw inhoudelijk afgewogen; uitsluitend canonieke genres, doelgroep en werkvorm blijven afzonderlijk."
"LS1000-0544","hoofdcategorie NL","Literaire fictie","Literaire & algemene fictie","Canoniek categoriemodel en stabiele NL/EN-labels."
"LS1000-0544","hoofdcategorie EN","Literary Fiction","Literary & General Fiction","NL/EN verwijzen naar dezelfde categorie-ID."
"LS1000-0544","classificatiebasis","AI_KENNIS","AI_KENNIS_HERBEOORDEELD","Redactionele AI-indeling; geen HIGH-evidence of menselijke beoordeling."
"LS1000-0545","hoofdcategorie NL","Literaire fictie","Literaire & algemene fictie","Canoniek categoriemodel en stabiele NL/EN-labels."
"LS1000-0545","hoofdcategorie EN","Literary Fiction","Literary & General Fiction","NL/EN verwijzen naar dezelfde categorie-ID."
"LS1000-0545","classificatiebasis","AI_KENNIS","AI_KENNIS_HERBEOORDEELD","Redactionele AI-indeling; geen HIGH-evidence of menselijke beoordeling."
"LS1000-0545","aanvullende genres","klassieker","Fantasy","Aanvullende genres opnieuw inhoudelijk afgewogen; uitsluitend canonieke genres, doelgroep en werkvorm blijven afzonderlijk."
"LS1000-0546","hoofdcategorie NL","Literaire fictie","Detectives & misdaadfictie","Inhoudelijke AI-herbeoordeling van dit werk; geen auteur-/titelwoordregel."
"LS1000-0546","hoofdcategorie EN","Literary Fiction","Mystery & Crime Fiction","NL/EN verwijzen naar dezelfde categorie-ID."
"LS1000-0546","classificatiebasis","AI_KENNIS","AI_KENNIS_HERBEOORDEELD","Redactionele AI-indeling; geen HIGH-evidence of menselijke beoordeling."
"LS1000-0546","aanvullende genres","coming-of-age","","Aanvullende genres opnieuw inhoudelijk afgewogen; uitsluitend canonieke genres, doelgroep en werkvorm blijven afzonderlijk."
"LS1000-0547","hoofdcategorie NL","Literaire fictie","Historische fictie","Inhoudelijke AI-herbeoordeling van dit werk; geen auteur-/titelwoordregel."
"LS1000-0547","hoofdcategorie EN","Literary Fiction","Historical Fiction","NL/EN verwijzen naar dezelfde categorie-ID."
"LS1000-0547","classificatiebasis","AI_KENNIS","AI_KENNIS_HERBEOORDEELD","Redactionele AI-indeling; geen HIGH-evidence of menselijke beoordeling."
"LS1000-0547","aanvullende genres","","Biografie & memoires","Aanvullende genres opnieuw inhoudelijk afgewogen; uitsluitend canonieke genres, doelgroep en werkvorm blijven afzonderlijk."
"LS1000-0548","hoofdcategorie NL","Literaire fictie","Literaire & algemene fictie","Canoniek categoriemodel en stabiele NL/EN-labels."
"LS1000-0548","hoofdcategorie EN","Literary Fiction","Literary & General Fiction","NL/EN verwijzen naar dezelfde categorie-ID."
"LS1000-0548","classificatiebasis","AI_KENNIS","AI_KENNIS_HERBEOORDEELD","Redactionele AI-indeling; geen HIGH-evidence of menselijke beoordeling."
"LS1000-0548","aanvullende genres","coming-of-age","","Aanvullende genres opnieuw inhoudelijk afgewogen; uitsluitend canonieke genres, doelgroep en werkvorm blijven afzonderlijk."
"LS1000-0549","hoofdcategorie NL","Literaire fictie","Literaire & algemene fictie","Canoniek categoriemodel en stabiele NL/EN-labels."
"LS1000-0549","hoofdcategorie EN","Literary Fiction","Literary & General Fiction","NL/EN verwijzen naar dezelfde categorie-ID."
"LS1000-0549","werkvorm","roman","brievenbundel","Werkvorm afzonderlijk inhoudelijk gecorrigeerd; geen genre."
"LS1000-0549","classificatiebasis","AI_KENNIS","AI_KENNIS_HERBEOORDEELD","Redactionele AI-indeling; geen HIGH-evidence of menselijke beoordeling."
"LS1000-0550","hoofdcategorie NL","Literaire fictie","Literaire & algemene fictie","Canoniek categoriemodel en stabiele NL/EN-labels."
"LS1000-0550","hoofdcategorie EN","Literary Fiction","Literary & General Fiction","NL/EN verwijzen naar dezelfde categorie-ID."
"LS1000-0550","classificatiebasis","AI_KENNIS","AI_KENNIS_HERBEOORDEELD","Redactionele AI-indeling; geen HIGH-evidence of menselijke beoordeling."
"LS1000-0551","hoofdcategorie NL","Literaire fictie","Sciencefiction","Inhoudelijke AI-herbeoordeling van dit werk; geen auteur-/titelwoordregel."
"LS1000-0551","hoofdcategorie EN","Literary Fiction","Science Fiction","NL/EN verwijzen naar dezelfde categorie-ID."
"LS1000-0551","oorspronkelijke publicatiejaar","2002","2003","AI-bibliografische correctie: oorspronkelijke publicatie in plaats van onjuist bron-/editiejaar; geen wijziging bestaand databasejaar."
"LS1000-0551","classificatiebasis","AI_KENNIS; WEB_GECONTROLEERD","AI_KENNIS_HERBEOORDEELD","Redactionele AI-indeling; geen HIGH-evidence of menselijke beoordeling."
"LS1000-0552","hoofdcategorie NL","Literaire fictie","Literaire & algemene fictie","Canoniek categoriemodel en stabiele NL/EN-labels."
"LS1000-0552","hoofdcategorie EN","Literary Fiction","Literary & General Fiction","NL/EN verwijzen naar dezelfde categorie-ID."
"LS1000-0552","oorspronkelijke publicatiejaar","1981","1980","AI-bibliografische correctie: oorspronkelijke publicatie in plaats van onjuist bron-/editiejaar; geen wijziging bestaand databasejaar."
"LS1000-0552","classificatiebasis","AI_KENNIS","AI_KENNIS_HERBEOORDEELD","Redactionele AI-indeling; geen HIGH-evidence of menselijke beoordeling."
"LS1000-0552","aanvullende genres","coming-of-age","","Aanvullende genres opnieuw inhoudelijk afgewogen; uitsluitend canonieke genres, doelgroep en werkvorm blijven afzonderlijk."
"LS1000-0553","hoofdcategorie NL","Literaire fictie","Literaire & algemene fictie","Canoniek categoriemodel en stabiele NL/EN-labels."
"LS1000-0553","hoofdcategorie EN","Literary Fiction","Literary & General Fiction","NL/EN verwijzen naar dezelfde categorie-ID."
"LS1000-0553","classificatiebasis","AI_KENNIS","AI_KENNIS_HERBEOORDEELD","Redactionele AI-indeling; geen HIGH-evidence of menselijke beoordeling."
"LS1000-0553","aanvullende genres","coming-of-age","","Aanvullende genres opnieuw inhoudelijk afgewogen; uitsluitend canonieke genres, doelgroep en werkvorm blijven afzonderlijk."
"LS1000-0554","hoofdcategorie NL","Literaire fictie","Literaire & algemene fictie","Canoniek categoriemodel en stabiele NL/EN-labels."
"LS1000-0554","hoofdcategorie EN","Literary Fiction","Literary & General Fiction","NL/EN verwijzen naar dezelfde categorie-ID."
"LS1000-0554","classificatiebasis","AI_KENNIS","AI_KENNIS_HERBEOORDEELD","Redactionele AI-indeling; geen HIGH-evidence of menselijke beoordeling."
"LS1000-0555","hoofdcategorie NL","Literaire fictie","Literaire & algemene fictie","Canoniek categoriemodel en stabiele NL/EN-labels."
"LS1000-0555","hoofdcategorie EN","Literary Fiction","Literary & General Fiction","NL/EN verwijzen naar dezelfde categorie-ID."
"LS1000-0555","classificatiebasis","AI_KENNIS","AI_KENNIS_HERBEOORDEELD","Redactionele AI-indeling; geen HIGH-evidence of menselijke beoordeling."
"LS1000-0555","aanvullende genres","klassieker","","Aanvullende genres opnieuw inhoudelijk afgewogen; uitsluitend canonieke genres, doelgroep en werkvorm blijven afzonderlijk."
"LS1000-0556","hoofdcategorie NL","Literaire fictie","Literaire & algemene fictie","Canoniek categoriemodel en stabiele NL/EN-labels."
"LS1000-0556","hoofdcategorie EN","Literary Fiction","Literary & General Fiction","NL/EN verwijzen naar dezelfde categorie-ID."
"LS1000-0556","classificatiebasis","AI_KENNIS","AI_KENNIS_HERBEOORDEELD","Redactionele AI-indeling; geen HIGH-evidence of menselijke beoordeling."
"LS1000-0557","hoofdcategorie NL","Literaire fictie","Fantasy","Inhoudelijke AI-herbeoordeling van dit werk; geen auteur-/titelwoordregel."
"LS1000-0557","hoofdcategorie EN","Literary Fiction","Fantasy","NL/EN verwijzen naar dezelfde categorie-ID."
"LS1000-0557","doelgroep","young adult","volwassenen","Peer Gynt is geen oorspronkelijk als YA geschreven toneelstuk."
"LS1000-0557","classificatiebasis","AI_KENNIS; WEB_GECONTROLEERD","AI_KENNIS_HERBEOORDEELD","Redactionele AI-indeling; geen HIGH-evidence of menselijke beoordeling."
"LS1000-0557","aanvullende genres","coming-of-age","","Aanvullende genres opnieuw inhoudelijk afgewogen; uitsluitend canonieke genres, doelgroep en werkvorm blijven afzonderlijk."
"LS1000-0558","hoofdcategorie NL","Literaire fictie","Literaire & algemene fictie","Canoniek categoriemodel en stabiele NL/EN-labels."
"LS1000-0558","hoofdcategorie EN","Literary Fiction","Literary & General Fiction","NL/EN verwijzen naar dezelfde categorie-ID."
"LS1000-0558","oorspronkelijke publicatiejaar","1974","1904","AI-bibliografische correctie: oorspronkelijke publicatie in plaats van onjuist bron-/editiejaar; geen wijziging bestaand databasejaar."
"LS1000-0558","classificatiebasis","AI_KENNIS; WEB_GECONTROLEERD","AI_KENNIS + GERICHTE_BRONCONTROLE","Redactionele AI-indeling; geen HIGH-evidence of menselijke beoordeling."
"LS1000-0558","aanvullende genres","klassieker","","Aanvullende genres opnieuw inhoudelijk afgewogen; uitsluitend canonieke genres, doelgroep en werkvorm blijven afzonderlijk."
"LS1000-0559","hoofdcategorie NL","Literaire fictie","Historische fictie","Inhoudelijke AI-herbeoordeling van dit werk; geen auteur-/titelwoordregel."
"LS1000-0559","hoofdcategorie EN","Literary Fiction","Historical Fiction","NL/EN verwijzen naar dezelfde categorie-ID."
"LS1000-0559","oorspronkelijke publicatiejaar","1992","1970","AI-bibliografische correctie: oorspronkelijke publicatie in plaats van onjuist bron-/editiejaar; geen wijziging bestaand databasejaar."
"LS1000-0559","classificatiebasis","AI_KENNIS","AI_KENNIS_HERBEOORDEELD","Redactionele AI-indeling; geen HIGH-evidence of menselijke beoordeling."
"LS1000-0559","aanvullende genres","coming-of-age","","Aanvullende genres opnieuw inhoudelijk afgewogen; uitsluitend canonieke genres, doelgroep en werkvorm blijven afzonderlijk."
"LS1000-0560","hoofdcategorie NL","Literaire fictie","Literaire & algemene fictie","Canoniek categoriemodel en stabiele NL/EN-labels."
"LS1000-0560","hoofdcategorie EN","Literary Fiction","Literary & General Fiction","NL/EN verwijzen naar dezelfde categorie-ID."
"LS1000-0560","oorspronkelijke publicatiejaar","2000","2008","AI-bibliografische correctie: oorspronkelijke publicatie in plaats van onjuist bron-/editiejaar; geen wijziging bestaand databasejaar."
"LS1000-0560","classificatiebasis","AI_KENNIS","AI_KENNIS_HERBEOORDEELD","Redactionele AI-indeling; geen HIGH-evidence of menselijke beoordeling."
"LS1000-0560","aanvullende genres","familieroman","","Aanvullende genres opnieuw inhoudelijk afgewogen; uitsluitend canonieke genres, doelgroep en werkvorm blijven afzonderlijk."
"LS1000-0561","hoofdcategorie NL","Literaire fictie","Literaire & algemene fictie","Canoniek categoriemodel en stabiele NL/EN-labels."
"LS1000-0561","hoofdcategorie EN","Literary Fiction","Literary & General Fiction","NL/EN verwijzen naar dezelfde categorie-ID."
"LS1000-0561","classificatiebasis","AI_KENNIS; WEB_GECONTROLEERD","AI_KENNIS_HERBEOORDEELD","Redactionele AI-indeling; geen HIGH-evidence of menselijke beoordeling."
"LS1000-0561","aanvullende genres","coming-of-age; familieroman","","Aanvullende genres opnieuw inhoudelijk afgewogen; uitsluitend canonieke genres, doelgroep en werkvorm blijven afzonderlijk."
"LS1000-0562","hoofdcategorie NL","Literaire fictie","Fantasy","Inhoudelijke AI-herbeoordeling van dit werk; geen auteur-/titelwoordregel."
"LS1000-0562","hoofdcategorie EN","Literary Fiction","Fantasy","NL/EN verwijzen naar dezelfde categorie-ID."
"LS1000-0562","classificatiebasis","AI_KENNIS","AI_KENNIS_HERBEOORDEELD","Redactionele AI-indeling; geen HIGH-evidence of menselijke beoordeling."
"LS1000-0562","aanvullende genres","coming-of-age","","Aanvullende genres opnieuw inhoudelijk afgewogen; uitsluitend canonieke genres, doelgroep en werkvorm blijven afzonderlijk."
"LS1000-0563","hoofdcategorie NL","Literaire fictie","Literaire & algemene fictie","Canoniek categoriemodel en stabiele NL/EN-labels."
"LS1000-0563","hoofdcategorie EN","Literary Fiction","Literary & General Fiction","NL/EN verwijzen naar dezelfde categorie-ID."
"LS1000-0563","classificatiebasis","AI_KENNIS","AI_KENNIS_HERBEOORDEELD","Redactionele AI-indeling; geen HIGH-evidence of menselijke beoordeling."
"LS1000-0563","aanvullende genres","coming-of-age","","Aanvullende genres opnieuw inhoudelijk afgewogen; uitsluitend canonieke genres, doelgroep en werkvorm blijven afzonderlijk."
"LS1000-0564","hoofdcategorie NL","Literaire fictie","Literaire & algemene fictie","Canoniek categoriemodel en stabiele NL/EN-labels."
"LS1000-0564","hoofdcategorie EN","Literary Fiction","Literary & General Fiction","NL/EN verwijzen naar dezelfde categorie-ID."
"LS1000-0564","classificatiebasis","AI_KENNIS","AI_KENNIS_HERBEOORDEELD","Redactionele AI-indeling; geen HIGH-evidence of menselijke beoordeling."
"LS1000-0564","aanvullende genres","familieroman","","Aanvullende genres opnieuw inhoudelijk afgewogen; uitsluitend canonieke genres, doelgroep en werkvorm blijven afzonderlijk."
"LS1000-0565","hoofdcategorie NL","Literaire fictie","Literaire & algemene fictie","Canoniek categoriemodel en stabiele NL/EN-labels."
"LS1000-0565","hoofdcategorie EN","Literary Fiction","Literary & General Fiction","NL/EN verwijzen naar dezelfde categorie-ID."
"LS1000-0565","classificatiebasis","AI_KENNIS","AI_KENNIS_HERBEOORDEELD","Redactionele AI-indeling; geen HIGH-evidence of menselijke beoordeling."
"LS1000-0565","aanvullende genres","familieroman","","Aanvullende genres opnieuw inhoudelijk afgewogen; uitsluitend canonieke genres, doelgroep en werkvorm blijven afzonderlijk."
"LS1000-0566","hoofdcategorie NL","Literaire fictie","Historische fictie","Inhoudelijke AI-herbeoordeling van dit werk; geen auteur-/titelwoordregel."
"LS1000-0566","hoofdcategorie EN","Literary Fiction","Historical Fiction","NL/EN verwijzen naar dezelfde categorie-ID."
"LS1000-0566","oorspronkelijke publicatiejaar","1920","1921","AI-bibliografische correctie: oorspronkelijke publicatie in plaats van onjuist bron-/editiejaar; geen wijziging bestaand databasejaar."
"LS1000-0566","classificatiebasis","AI_KENNIS; WEB_GECONTROLEERD","AI_KENNIS_HERBEOORDEELD","Redactionele AI-indeling; geen HIGH-evidence of menselijke beoordeling."
"LS1000-0566","aanvullende genres","coming-of-age; familieroman","","Aanvullende genres opnieuw inhoudelijk afgewogen; uitsluitend canonieke genres, doelgroep en werkvorm blijven afzonderlijk."
"LS1000-0567","hoofdcategorie NL","Literaire fictie","Literaire & algemene fictie","Canoniek categoriemodel en stabiele NL/EN-labels."
"LS1000-0567","hoofdcategorie EN","Literary Fiction","Literary & General Fiction","NL/EN verwijzen naar dezelfde categorie-ID."
"LS1000-0567","classificatiebasis","AI_KENNIS","AI_KENNIS_HERBEOORDEELD","Redactionele AI-indeling; geen HIGH-evidence of menselijke beoordeling."
"LS1000-0568","hoofdcategorie NL","Literaire fictie","Literaire & algemene fictie","Canoniek categoriemodel en stabiele NL/EN-labels."
"LS1000-0568","hoofdcategorie EN","Literary Fiction","Literary & General Fiction","NL/EN verwijzen naar dezelfde categorie-ID."
"LS1000-0568","oorspronkelijke publicatiejaar","2007","2008","AI-bibliografische correctie: oorspronkelijke publicatie in plaats van onjuist bron-/editiejaar; geen wijziging bestaand databasejaar."
"LS1000-0568","classificatiebasis","AI_KENNIS","AI_KENNIS_HERBEOORDEELD","Redactionele AI-indeling; geen HIGH-evidence of menselijke beoordeling."
"LS1000-0568","aanvullende genres","coming-of-age; familieroman","","Aanvullende genres opnieuw inhoudelijk afgewogen; uitsluitend canonieke genres, doelgroep en werkvorm blijven afzonderlijk."
"LS1000-0569","hoofdcategorie NL","Literaire fictie","Literaire & algemene fictie","Canoniek categoriemodel en stabiele NL/EN-labels."
"LS1000-0569","hoofdcategorie EN","Literary Fiction","Literary & General Fiction","NL/EN verwijzen naar dezelfde categorie-ID."
"LS1000-0569","classificatiebasis","AI_KENNIS; WEB_GECONTROLEERD","AI_KENNIS_HERBEOORDEELD","Redactionele AI-indeling; geen HIGH-evidence of menselijke beoordeling."
"LS1000-0569","aanvullende genres","familieroman","","Aanvullende genres opnieuw inhoudelijk afgewogen; uitsluitend canonieke genres, doelgroep en werkvorm blijven afzonderlijk."
"LS1000-0570","hoofdcategorie NL","Literaire fictie","Literaire & algemene fictie","Canoniek categoriemodel en stabiele NL/EN-labels."
"LS1000-0570","hoofdcategorie EN","Literary Fiction","Literary & General Fiction","NL/EN verwijzen naar dezelfde categorie-ID."
"LS1000-0570","classificatiebasis","AI_KENNIS; WEB_GECONTROLEERD","AI_KENNIS_HERBEOORDEELD","Redactionele AI-indeling; geen HIGH-evidence of menselijke beoordeling."
"LS1000-0570","aanvullende genres","klassieker; familieroman","","Aanvullende genres opnieuw inhoudelijk afgewogen; uitsluitend canonieke genres, doelgroep en werkvorm blijven afzonderlijk."
"LS1000-0571","hoofdcategorie NL","Literaire fictie","Historische fictie","Inhoudelijke AI-herbeoordeling van dit werk; geen auteur-/titelwoordregel."
"LS1000-0571","hoofdcategorie EN","Literary Fiction","Historical Fiction","NL/EN verwijzen naar dezelfde categorie-ID."
"LS1000-0571","classificatiebasis","AI_KENNIS","AI_KENNIS_HERBEOORDEELD","Redactionele AI-indeling; geen HIGH-evidence of menselijke beoordeling."
"LS1000-0572","hoofdcategorie NL","Literaire fictie","Fantasy","Inhoudelijke AI-herbeoordeling van dit werk; geen auteur-/titelwoordregel."
"LS1000-0572","hoofdcategorie EN","Literary Fiction","Fantasy","NL/EN verwijzen naar dezelfde categorie-ID."
"LS1000-0572","classificatiebasis","AI_KENNIS","AI_KENNIS_HERBEOORDEELD","Redactionele AI-indeling; geen HIGH-evidence of menselijke beoordeling."
"LS1000-0573","hoofdcategorie NL","Literaire fictie","Historische fictie","Inhoudelijke AI-herbeoordeling van dit werk; geen auteur-/titelwoordregel."
"LS1000-0573","hoofdcategorie EN","Literary Fiction","Historical Fiction","NL/EN verwijzen naar dezelfde categorie-ID."
"LS1000-0573","classificatiebasis","AI_KENNIS","AI_KENNIS_HERBEOORDEELD","Redactionele AI-indeling; geen HIGH-evidence of menselijke beoordeling."
"LS1000-0574","hoofdcategorie NL","Literaire fictie","Literaire & algemene fictie","Canoniek categoriemodel en stabiele NL/EN-labels."
"LS1000-0574","hoofdcategorie EN","Literary Fiction","Literary & General Fiction","NL/EN verwijzen naar dezelfde categorie-ID."
"LS1000-0574","oorspronkelijke publicatiejaar","1997","1996","AI-bibliografische correctie: oorspronkelijke publicatie in plaats van onjuist bron-/editiejaar; geen wijziging bestaand databasejaar."
"LS1000-0574","classificatiebasis","AI_KENNIS","AI_KENNIS_HERBEOORDEELD","Redactionele AI-indeling; geen HIGH-evidence of menselijke beoordeling."
"LS1000-0574","aanvullende genres","coming-of-age","","Aanvullende genres opnieuw inhoudelijk afgewogen; uitsluitend canonieke genres, doelgroep en werkvorm blijven afzonderlijk."
"LS1000-0575","hoofdcategorie NL","Literaire fictie","Literaire & algemene fictie","Canoniek categoriemodel en stabiele NL/EN-labels."
"LS1000-0575","hoofdcategorie EN","Literary Fiction","Literary & General Fiction","NL/EN verwijzen naar dezelfde categorie-ID."
"LS1000-0575","oorspronkelijke publicatiejaar","1990","1993","AI-bibliografische correctie: oorspronkelijke publicatie in plaats van onjuist bron-/editiejaar; geen wijziging bestaand databasejaar."
"LS1000-0575","classificatiebasis","AI_KENNIS","AI_KENNIS_HERBEOORDEELD","Redactionele AI-indeling; geen HIGH-evidence of menselijke beoordeling."
"LS1000-0575","aanvullende genres","coming-of-age; familieroman","","Aanvullende genres opnieuw inhoudelijk afgewogen; uitsluitend canonieke genres, doelgroep en werkvorm blijven afzonderlijk."
"LS1000-0576","hoofdcategorie NL","Literaire fictie","Literaire & algemene fictie","Canoniek categoriemodel en stabiele NL/EN-labels."
"LS1000-0576","hoofdcategorie EN","Literary Fiction","Literary & General Fiction","NL/EN verwijzen naar dezelfde categorie-ID."
"LS1000-0576","classificatiebasis","AI_KENNIS; WEB_GECONTROLEERD","AI_KENNIS_HERBEOORDEELD","Redactionele AI-indeling; geen HIGH-evidence of menselijke beoordeling."
"LS1000-0577","hoofdcategorie NL","Literaire fictie","Literaire & algemene fictie","Canoniek categoriemodel en stabiele NL/EN-labels."
"LS1000-0577","hoofdcategorie EN","Literary Fiction","Literary & General Fiction","NL/EN verwijzen naar dezelfde categorie-ID."
"LS1000-0577","classificatiebasis","AI_KENNIS","AI_KENNIS_HERBEOORDEELD","Redactionele AI-indeling; geen HIGH-evidence of menselijke beoordeling."
"LS1000-0578","hoofdcategorie NL","Literaire fictie","Literaire & algemene fictie","Canoniek categoriemodel en stabiele NL/EN-labels."
"LS1000-0578","hoofdcategorie EN","Literary Fiction","Literary & General Fiction","NL/EN verwijzen naar dezelfde categorie-ID."
"LS1000-0578","oorspronkelijke publicatiejaar","1949","1934","AI-bibliografische correctie: oorspronkelijke publicatie in plaats van onjuist bron-/editiejaar; geen wijziging bestaand databasejaar."
"LS1000-0578","classificatiebasis","AI_KENNIS; WEB_GECONTROLEERD","AI_KENNIS_HERBEOORDEELD","Redactionele AI-indeling; geen HIGH-evidence of menselijke beoordeling."
"LS1000-0578","aanvullende genres","klassieker","","Aanvullende genres opnieuw inhoudelijk afgewogen; uitsluitend canonieke genres, doelgroep en werkvorm blijven afzonderlijk."
"LS1000-0579","hoofdcategorie NL","Literaire fictie","Detectives & misdaadfictie","Inhoudelijke AI-herbeoordeling van dit werk; geen auteur-/titelwoordregel."
"LS1000-0579","hoofdcategorie EN","Literary Fiction","Mystery & Crime Fiction","NL/EN verwijzen naar dezelfde categorie-ID."
"LS1000-0579","classificatiebasis","AI_KENNIS","AI_KENNIS_HERBEOORDEELD","Redactionele AI-indeling; geen HIGH-evidence of menselijke beoordeling."
"LS1000-0579","aanvullende genres","klassieker","","Aanvullende genres opnieuw inhoudelijk afgewogen; uitsluitend canonieke genres, doelgroep en werkvorm blijven afzonderlijk."
"LS1000-0580","hoofdcategorie NL","Literaire fictie","Literaire & algemene fictie","Canoniek categoriemodel en stabiele NL/EN-labels."
"LS1000-0580","hoofdcategorie EN","Literary Fiction","Literary & General Fiction","NL/EN verwijzen naar dezelfde categorie-ID."
"LS1000-0580","classificatiebasis","AI_KENNIS","AI_KENNIS_HERBEOORDEELD","Redactionele AI-indeling; geen HIGH-evidence of menselijke beoordeling."
"LS1000-0580","aanvullende genres","klassieker","","Aanvullende genres opnieuw inhoudelijk afgewogen; uitsluitend canonieke genres, doelgroep en werkvorm blijven afzonderlijk."
"LS1000-0581","hoofdcategorie NL","Literaire fictie","Biografie & memoires","Inhoudelijke AI-herbeoordeling van dit werk; geen auteur-/titelwoordregel."
"LS1000-0581","hoofdcategorie EN","Literary Fiction","Biography & Memoir","NL/EN verwijzen naar dezelfde categorie-ID."
"LS1000-0581","classificatiebasis","AI_KENNIS","AI_KENNIS_HERBEOORDEELD","Redactionele AI-indeling; geen HIGH-evidence of menselijke beoordeling."
"LS1000-0581","aanvullende genres","klassieker; familieroman","","Aanvullende genres opnieuw inhoudelijk afgewogen; uitsluitend canonieke genres, doelgroep en werkvorm blijven afzonderlijk."
"LS1000-0582","hoofdcategorie NL","Literaire fictie","Literaire & algemene fictie","Canoniek categoriemodel en stabiele NL/EN-labels."
"LS1000-0582","hoofdcategorie EN","Literary Fiction","Literary & General Fiction","NL/EN verwijzen naar dezelfde categorie-ID."
"LS1000-0582","classificatiebasis","AI_KENNIS","AI_KENNIS_HERBEOORDEELD","Redactionele AI-indeling; geen HIGH-evidence of menselijke beoordeling."
"LS1000-0582","aanvullende genres","klassieker","","Aanvullende genres opnieuw inhoudelijk afgewogen; uitsluitend canonieke genres, doelgroep en werkvorm blijven afzonderlijk."
"LS1000-0583","hoofdcategorie NL","Literaire fictie","Literaire & algemene fictie","Canoniek categoriemodel en stabiele NL/EN-labels."
"LS1000-0583","hoofdcategorie EN","Literary Fiction","Literary & General Fiction","NL/EN verwijzen naar dezelfde categorie-ID."
"LS1000-0583","oorspronkelijke publicatiejaar","1478","1476","1476 eerste gedrukte editie; ontstaan in de veertiende eeuw apart houden."
"LS1000-0583","classificatiebasis","AI_KENNIS","AI_KENNIS_HERBEOORDEELD","Redactionele AI-indeling; geen HIGH-evidence of menselijke beoordeling."
"LS1000-0583","aanvullende genres","klassieker","","Aanvullende genres opnieuw inhoudelijk afgewogen; uitsluitend canonieke genres, doelgroep en werkvorm blijven afzonderlijk."
"LS1000-0584","hoofdcategorie NL","Literaire fictie","Literaire & algemene fictie","Canoniek categoriemodel en stabiele NL/EN-labels."
"LS1000-0584","hoofdcategorie EN","Literary Fiction","Literary & General Fiction","NL/EN verwijzen naar dezelfde categorie-ID."
"LS1000-0584","classificatiebasis","AI_KENNIS","AI_KENNIS_HERBEOORDEELD","Redactionele AI-indeling; geen HIGH-evidence of menselijke beoordeling."
"LS1000-0584","aanvullende genres","coming-of-age; familieroman","","Aanvullende genres opnieuw inhoudelijk afgewogen; uitsluitend canonieke genres, doelgroep en werkvorm blijven afzonderlijk."
"LS1000-0585","hoofdcategorie NL","Literaire fictie","Literaire & algemene fictie","Canoniek categoriemodel en stabiele NL/EN-labels."
"LS1000-0585","hoofdcategorie EN","Literary Fiction","Literary & General Fiction","NL/EN verwijzen naar dezelfde categorie-ID."
"LS1000-0585","oorspronkelijke publicatiejaar","1945","1951","AI-bibliografische correctie: oorspronkelijke publicatie in plaats van onjuist bron-/editiejaar; geen wijziging bestaand databasejaar."
"LS1000-0585","classificatiebasis","AI_KENNIS","AI_KENNIS_HERBEOORDEELD","Redactionele AI-indeling; geen HIGH-evidence of menselijke beoordeling."
"LS1000-0585","aanvullende genres","klassieker","","Aanvullende genres opnieuw inhoudelijk afgewogen; uitsluitend canonieke genres, doelgroep en werkvorm blijven afzonderlijk."
"LS1000-0586","hoofdcategorie NL","Literaire fictie","Literaire & algemene fictie","Canoniek categoriemodel en stabiele NL/EN-labels."
"LS1000-0586","hoofdcategorie EN","Literary Fiction","Literary & General Fiction","NL/EN verwijzen naar dezelfde categorie-ID."
"LS1000-0586","classificatiebasis","AI_KENNIS","AI_KENNIS_HERBEOORDEELD","Redactionele AI-indeling; geen HIGH-evidence of menselijke beoordeling."
"LS1000-0587","hoofdcategorie NL","Literaire fictie","Literaire & algemene fictie","Canoniek categoriemodel en stabiele NL/EN-labels."
"LS1000-0587","hoofdcategorie EN","Literary Fiction","Literary & General Fiction","NL/EN verwijzen naar dezelfde categorie-ID."
"LS1000-0587","classificatiebasis","AI_KENNIS","AI_KENNIS_HERBEOORDEELD","Redactionele AI-indeling; geen HIGH-evidence of menselijke beoordeling."
"LS1000-0587","aanvullende genres","familieroman","","Aanvullende genres opnieuw inhoudelijk afgewogen; uitsluitend canonieke genres, doelgroep en werkvorm blijven afzonderlijk."
"LS1000-0588","hoofdcategorie NL","Literaire fictie","Literaire & algemene fictie","Canoniek categoriemodel en stabiele NL/EN-labels."
"LS1000-0588","hoofdcategorie EN","Literary Fiction","Literary & General Fiction","NL/EN verwijzen naar dezelfde categorie-ID."
"LS1000-0588","oorspronkelijke publicatiejaar","2002","2003","AI-bibliografische correctie: oorspronkelijke publicatie in plaats van onjuist bron-/editiejaar; geen wijziging bestaand databasejaar."
"LS1000-0588","classificatiebasis","AI_KENNIS","AI_KENNIS_HERBEOORDEELD","Redactionele AI-indeling; geen HIGH-evidence of menselijke beoordeling."
"LS1000-0588","aanvullende genres","coming-of-age","","Aanvullende genres opnieuw inhoudelijk afgewogen; uitsluitend canonieke genres, doelgroep en werkvorm blijven afzonderlijk."
"LS1000-0589","hoofdcategorie NL","Literaire fictie","Literaire & algemene fictie","Canoniek categoriemodel en stabiele NL/EN-labels."
"LS1000-0589","hoofdcategorie EN","Literary Fiction","Literary & General Fiction","NL/EN verwijzen naar dezelfde categorie-ID."
"LS1000-0589","classificatiebasis","AI_KENNIS","AI_KENNIS_HERBEOORDEELD","Redactionele AI-indeling; geen HIGH-evidence of menselijke beoordeling."
"LS1000-0589","aanvullende genres","klassieker","","Aanvullende genres opnieuw inhoudelijk afgewogen; uitsluitend canonieke genres, doelgroep en werkvorm blijven afzonderlijk."
"LS1000-0590","hoofdcategorie NL","Literaire fictie","Literaire & algemene fictie","Canoniek categoriemodel en stabiele NL/EN-labels."
"LS1000-0590","hoofdcategorie EN","Literary Fiction","Literary & General Fiction","NL/EN verwijzen naar dezelfde categorie-ID."
"LS1000-0590","oorspronkelijke publicatiejaar","1916","","Exact oorspronkelijk publicatiejaar onvoldoende vastgesteld; niet afleiden van editie/ontstaan."
"LS1000-0590","classificatiebasis","AI_KENNIS; WEB_GECONTROLEERD","AI_KENNIS_HERBEOORDEELD","Redactionele AI-indeling; geen HIGH-evidence of menselijke beoordeling."
"LS1000-0591","hoofdcategorie NL","Literaire fictie","Literaire & algemene fictie","Canoniek categoriemodel en stabiele NL/EN-labels."
"LS1000-0591","hoofdcategorie EN","Literary Fiction","Literary & General Fiction","NL/EN verwijzen naar dezelfde categorie-ID."
"LS1000-0591","classificatiebasis","AI_KENNIS; WEB_GECONTROLEERD","AI_KENNIS_HERBEOORDEELD","Redactionele AI-indeling; geen HIGH-evidence of menselijke beoordeling."
"LS1000-0591","aanvullende genres","familieroman","","Aanvullende genres opnieuw inhoudelijk afgewogen; uitsluitend canonieke genres, doelgroep en werkvorm blijven afzonderlijk."
"LS1000-0592","hoofdcategorie NL","Literaire fictie","Literaire & algemene fictie","Canoniek categoriemodel en stabiele NL/EN-labels."
"LS1000-0592","hoofdcategorie EN","Literary Fiction","Literary & General Fiction","NL/EN verwijzen naar dezelfde categorie-ID."
"LS1000-0592","oorspronkelijke publicatiejaar","1920","1925","AI-bibliografische correctie: oorspronkelijke publicatie in plaats van onjuist bron-/editiejaar; geen wijziging bestaand databasejaar."
"LS1000-0592","classificatiebasis","AI_KENNIS","AI_KENNIS_HERBEOORDEELD","Redactionele AI-indeling; geen HIGH-evidence of menselijke beoordeling."
"LS1000-0592","aanvullende genres","klassieker","","Aanvullende genres opnieuw inhoudelijk afgewogen; uitsluitend canonieke genres, doelgroep en werkvorm blijven afzonderlijk."
"LS1000-0593","hoofdcategorie NL","Literaire fictie","Literaire & algemene fictie","Canoniek categoriemodel en stabiele NL/EN-labels."
"LS1000-0593","hoofdcategorie EN","Literary Fiction","Literary & General Fiction","NL/EN verwijzen naar dezelfde categorie-ID."
"LS1000-0593","classificatiebasis","AI_KENNIS","AI_KENNIS_HERBEOORDEELD","Redactionele AI-indeling; geen HIGH-evidence of menselijke beoordeling."
"LS1000-0593","aanvullende genres","coming-of-age","","Aanvullende genres opnieuw inhoudelijk afgewogen; uitsluitend canonieke genres, doelgroep en werkvorm blijven afzonderlijk."
"LS1000-0594","hoofdcategorie NL","Literaire fictie","Literaire & algemene fictie","Canoniek categoriemodel en stabiele NL/EN-labels."
"LS1000-0594","hoofdcategorie EN","Literary Fiction","Literary & General Fiction","NL/EN verwijzen naar dezelfde categorie-ID."
"LS1000-0594","classificatiebasis","AI_KENNIS","AI_KENNIS_HERBEOORDEELD","Redactionele AI-indeling; geen HIGH-evidence of menselijke beoordeling."
"LS1000-0594","aanvullende genres","coming-of-age","","Aanvullende genres opnieuw inhoudelijk afgewogen; uitsluitend canonieke genres, doelgroep en werkvorm blijven afzonderlijk."
"LS1000-0595","hoofdcategorie NL","Literaire fictie","Detectives & misdaadfictie","Inhoudelijke AI-herbeoordeling van dit werk; geen auteur-/titelwoordregel."
"LS1000-0595","hoofdcategorie EN","Literary Fiction","Mystery & Crime Fiction","NL/EN verwijzen naar dezelfde categorie-ID."
"LS1000-0595","oorspronkelijke publicatiejaar","1900","1901","AI-bibliografische correctie: oorspronkelijke publicatie in plaats van onjuist bron-/editiejaar; geen wijziging bestaand databasejaar."
"LS1000-0595","classificatiebasis","AI_KENNIS","AI_KENNIS_HERBEOORDEELD","Redactionele AI-indeling; geen HIGH-evidence of menselijke beoordeling."
"LS1000-0595","aanvullende genres","klassieker","","Aanvullende genres opnieuw inhoudelijk afgewogen; uitsluitend canonieke genres, doelgroep en werkvorm blijven afzonderlijk."
"LS1000-0596","hoofdcategorie NL","Literaire fictie","Literaire & algemene fictie","Canoniek categoriemodel en stabiele NL/EN-labels."
"LS1000-0596","hoofdcategorie EN","Literary Fiction","Literary & General Fiction","NL/EN verwijzen naar dezelfde categorie-ID."
"LS1000-0596","oorspronkelijke publicatiejaar","1505","","Exact oorspronkelijk publicatiejaar onvoldoende vastgesteld; niet afleiden van editie/ontstaan."
"LS1000-0596","classificatiebasis","AI_KENNIS","AI_KENNIS_HERBEOORDEELD","Redactionele AI-indeling; geen HIGH-evidence of menselijke beoordeling."
"LS1000-0596","aanvullende genres","klassieker","","Aanvullende genres opnieuw inhoudelijk afgewogen; uitsluitend canonieke genres, doelgroep en werkvorm blijven afzonderlijk."
"LS1000-0597","hoofdcategorie NL","Literaire fictie","Literaire & algemene fictie","Canoniek categoriemodel en stabiele NL/EN-labels."
"LS1000-0597","hoofdcategorie EN","Literary Fiction","Literary & General Fiction","NL/EN verwijzen naar dezelfde categorie-ID."
"LS1000-0597","oorspronkelijke publicatiejaar","1893","1899","AI-bibliografische correctie: oorspronkelijke publicatie in plaats van onjuist bron-/editiejaar; geen wijziging bestaand databasejaar."
"LS1000-0597","classificatiebasis","AI_KENNIS","AI_KENNIS_HERBEOORDEELD","Redactionele AI-indeling; geen HIGH-evidence of menselijke beoordeling."
"LS1000-0597","aanvullende genres","klassieker","","Aanvullende genres opnieuw inhoudelijk afgewogen; uitsluitend canonieke genres, doelgroep en werkvorm blijven afzonderlijk."
"LS1000-0598","hoofdcategorie NL","Literaire fictie","Literaire & algemene fictie","Canoniek categoriemodel en stabiele NL/EN-labels."
"LS1000-0598","hoofdcategorie EN","Literary Fiction","Literary & General Fiction","NL/EN verwijzen naar dezelfde categorie-ID."
"LS1000-0598","oorspronkelijke publicatiejaar","2005","2006","AI-bibliografische correctie: oorspronkelijke publicatie in plaats van onjuist bron-/editiejaar; geen wijziging bestaand databasejaar."
"LS1000-0598","classificatiebasis","AI_KENNIS; WEB_GECONTROLEERD","AI_KENNIS_HERBEOORDEELD","Redactionele AI-indeling; geen HIGH-evidence of menselijke beoordeling."
"LS1000-0598","aanvullende genres","familieroman","","Aanvullende genres opnieuw inhoudelijk afgewogen; uitsluitend canonieke genres, doelgroep en werkvorm blijven afzonderlijk."
"LS1000-0599","hoofdcategorie NL","Literaire fictie","Literaire & algemene fictie","Canoniek categoriemodel en stabiele NL/EN-labels."
"LS1000-0599","hoofdcategorie EN","Literary Fiction","Literary & General Fiction","NL/EN verwijzen naar dezelfde categorie-ID."
"LS1000-0599","classificatiebasis","AI_KENNIS","AI_KENNIS_HERBEOORDEELD","Redactionele AI-indeling; geen HIGH-evidence of menselijke beoordeling."
"LS1000-0600","hoofdcategorie NL","Literaire fictie","Fantasy","Inhoudelijke AI-herbeoordeling van dit werk; geen auteur-/titelwoordregel."
"LS1000-0600","hoofdcategorie EN","Literary Fiction","Fantasy","NL/EN verwijzen naar dezelfde categorie-ID."
"LS1000-0600","classificatiebasis","AI_KENNIS","AI_KENNIS_HERBEOORDEELD","Redactionele AI-indeling; geen HIGH-evidence of menselijke beoordeling."
"LS1000-0600","aanvullende genres","","Historische fictie","Aanvullende genres opnieuw inhoudelijk afgewogen; uitsluitend canonieke genres, doelgroep en werkvorm blijven afzonderlijk."
"LS1000-0601","hoofdcategorie NL","Literaire fictie","Literaire & algemene fictie","Canoniek categoriemodel en stabiele NL/EN-labels."
"LS1000-0601","hoofdcategorie EN","Literary Fiction","Literary & General Fiction","NL/EN verwijzen naar dezelfde categorie-ID."
"LS1000-0601","classificatiebasis","AI_KENNIS","AI_KENNIS_HERBEOORDEELD","Redactionele AI-indeling; geen HIGH-evidence of menselijke beoordeling."
"LS1000-0601","aanvullende genres","coming-of-age; familieroman","","Aanvullende genres opnieuw inhoudelijk afgewogen; uitsluitend canonieke genres, doelgroep en werkvorm blijven afzonderlijk."
"LS1000-0602","hoofdcategorie NL","Literaire fictie","Literaire & algemene fictie","Canoniek categoriemodel en stabiele NL/EN-labels."
"LS1000-0602","hoofdcategorie EN","Literary Fiction","Literary & General Fiction","NL/EN verwijzen naar dezelfde categorie-ID."
"LS1000-0602","classificatiebasis","AI_KENNIS","AI_KENNIS_HERBEOORDEELD","Redactionele AI-indeling; geen HIGH-evidence of menselijke beoordeling."
"LS1000-0602","aanvullende genres","klassieker","","Aanvullende genres opnieuw inhoudelijk afgewogen; uitsluitend canonieke genres, doelgroep en werkvorm blijven afzonderlijk."
"LS1000-0603","hoofdcategorie NL","Literaire fictie","Literaire & algemene fictie","Canoniek categoriemodel en stabiele NL/EN-labels."
"LS1000-0603","hoofdcategorie EN","Literary Fiction","Literary & General Fiction","NL/EN verwijzen naar dezelfde categorie-ID."
"LS1000-0603","classificatiebasis","AI_KENNIS","AI_KENNIS_HERBEOORDEELD","Redactionele AI-indeling; geen HIGH-evidence of menselijke beoordeling."
"LS1000-0603","aanvullende genres","klassieker","","Aanvullende genres opnieuw inhoudelijk afgewogen; uitsluitend canonieke genres, doelgroep en werkvorm blijven afzonderlijk."
"LS1000-0604","hoofdcategorie NL","Literaire fictie","Literaire & algemene fictie","Canoniek categoriemodel en stabiele NL/EN-labels."
"LS1000-0604","hoofdcategorie EN","Literary Fiction","Literary & General Fiction","NL/EN verwijzen naar dezelfde categorie-ID."
"LS1000-0604","classificatiebasis","AI_KENNIS; WEB_GECONTROLEERD","AI_KENNIS_HERBEOORDEELD","Redactionele AI-indeling; geen HIGH-evidence of menselijke beoordeling."
"LS1000-0605","hoofdcategorie NL","Literaire fictie","Literaire & algemene fictie","Canoniek categoriemodel en stabiele NL/EN-labels."
"LS1000-0605","hoofdcategorie EN","Literary Fiction","Literary & General Fiction","NL/EN verwijzen naar dezelfde categorie-ID."
"LS1000-0605","classificatiebasis","AI_KENNIS","AI_KENNIS_HERBEOORDEELD","Redactionele AI-indeling; geen HIGH-evidence of menselijke beoordeling."
"LS1000-0605","aanvullende genres","klassieker","","Aanvullende genres opnieuw inhoudelijk afgewogen; uitsluitend canonieke genres, doelgroep en werkvorm blijven afzonderlijk."
"LS1000-0606","hoofdcategorie NL","Literaire fictie","Literaire & algemene fictie","Canoniek categoriemodel en stabiele NL/EN-labels."
"LS1000-0606","hoofdcategorie EN","Literary Fiction","Literary & General Fiction","NL/EN verwijzen naar dezelfde categorie-ID."
"LS1000-0606","classificatiebasis","AI_KENNIS; WEB_GECONTROLEERD","AI_KENNIS_HERBEOORDEELD","Redactionele AI-indeling; geen HIGH-evidence of menselijke beoordeling."
"LS1000-0606","aanvullende genres","klassieker","","Aanvullende genres opnieuw inhoudelijk afgewogen; uitsluitend canonieke genres, doelgroep en werkvorm blijven afzonderlijk."
"LS1000-0607","hoofdcategorie NL","Literaire fictie","Literaire & algemene fictie","Canoniek categoriemodel en stabiele NL/EN-labels."
"LS1000-0607","hoofdcategorie EN","Literary Fiction","Literary & General Fiction","NL/EN verwijzen naar dezelfde categorie-ID."
"LS1000-0607","classificatiebasis","AI_KENNIS; WEB_GECONTROLEERD","AI_KENNIS_HERBEOORDEELD","Redactionele AI-indeling; geen HIGH-evidence of menselijke beoordeling."
"LS1000-0607","aanvullende genres","klassieker","","Aanvullende genres opnieuw inhoudelijk afgewogen; uitsluitend canonieke genres, doelgroep en werkvorm blijven afzonderlijk."
"LS1000-0608","hoofdcategorie NL","Literaire fictie","Literaire & algemene fictie","Canoniek categoriemodel en stabiele NL/EN-labels."
"LS1000-0608","hoofdcategorie EN","Literary Fiction","Literary & General Fiction","NL/EN verwijzen naar dezelfde categorie-ID."
"LS1000-0608","classificatiebasis","AI_KENNIS","AI_KENNIS_HERBEOORDEELD","Redactionele AI-indeling; geen HIGH-evidence of menselijke beoordeling."
"LS1000-0609","hoofdcategorie NL","Literaire fictie","Literaire & algemene fictie","Canoniek categoriemodel en stabiele NL/EN-labels."
"LS1000-0609","hoofdcategorie EN","Literary Fiction","Literary & General Fiction","NL/EN verwijzen naar dezelfde categorie-ID."
"LS1000-0609","classificatiebasis","AI_KENNIS; WEB_GECONTROLEERD","AI_KENNIS_HERBEOORDEELD","Redactionele AI-indeling; geen HIGH-evidence of menselijke beoordeling."
"LS1000-0609","aanvullende genres","familieroman","Fantasy","Aanvullende genres opnieuw inhoudelijk afgewogen; uitsluitend canonieke genres, doelgroep en werkvorm blijven afzonderlijk."
"LS1000-0610","hoofdcategorie NL","Literaire fictie","Literaire & algemene fictie","Canoniek categoriemodel en stabiele NL/EN-labels."
"LS1000-0610","hoofdcategorie EN","Literary Fiction","Literary & General Fiction","NL/EN verwijzen naar dezelfde categorie-ID."
"LS1000-0610","classificatiebasis","AI_KENNIS","AI_KENNIS_HERBEOORDEELD","Redactionele AI-indeling; geen HIGH-evidence of menselijke beoordeling."
"LS1000-0610","aanvullende genres","klassieker","","Aanvullende genres opnieuw inhoudelijk afgewogen; uitsluitend canonieke genres, doelgroep en werkvorm blijven afzonderlijk."
"LS1000-0611","hoofdcategorie NL","Literaire fictie","Detectives & misdaadfictie","Inhoudelijke AI-herbeoordeling van dit werk; geen auteur-/titelwoordregel."
"LS1000-0611","hoofdcategorie EN","Literary Fiction","Mystery & Crime Fiction","NL/EN verwijzen naar dezelfde categorie-ID."
"LS1000-0611","oorspronkelijke publicatiejaar","1889","1890","AI-bibliografische correctie: oorspronkelijke publicatie in plaats van onjuist bron-/editiejaar; geen wijziging bestaand databasejaar."
"LS1000-0611","classificatiebasis","AI_KENNIS","AI_KENNIS_HERBEOORDEELD","Redactionele AI-indeling; geen HIGH-evidence of menselijke beoordeling."
"LS1000-0611","aanvullende genres","klassieker","","Aanvullende genres opnieuw inhoudelijk afgewogen; uitsluitend canonieke genres, doelgroep en werkvorm blijven afzonderlijk."
"LS1000-0612","hoofdcategorie NL","Literaire fictie","Maatschappij & actualiteit","Inhoudelijke AI-herbeoordeling van dit werk; geen auteur-/titelwoordregel."
"LS1000-0612","hoofdcategorie EN","Literary Fiction","Society & Current Affairs","NL/EN verwijzen naar dezelfde categorie-ID."
"LS1000-0612","classificatiebasis","AI_KENNIS","AI_KENNIS_HERBEOORDEELD","Redactionele AI-indeling; geen HIGH-evidence of menselijke beoordeling."
"LS1000-0612","aanvullende genres","klassieker","","Aanvullende genres opnieuw inhoudelijk afgewogen; uitsluitend canonieke genres, doelgroep en werkvorm blijven afzonderlijk."
"LS1000-0613","hoofdcategorie NL","Literaire fictie","Literaire & algemene fictie","Canoniek categoriemodel en stabiele NL/EN-labels."
"LS1000-0613","hoofdcategorie EN","Literary Fiction","Literary & General Fiction","NL/EN verwijzen naar dezelfde categorie-ID."
"LS1000-0613","classificatiebasis","AI_KENNIS","AI_KENNIS_HERBEOORDEELD","Redactionele AI-indeling; geen HIGH-evidence of menselijke beoordeling."
"LS1000-0613","aanvullende genres","klassieker","","Aanvullende genres opnieuw inhoudelijk afgewogen; uitsluitend canonieke genres, doelgroep en werkvorm blijven afzonderlijk."
"LS1000-0614","hoofdcategorie NL","Literaire fictie","Romantiek","Inhoudelijke AI-herbeoordeling van dit werk; geen auteur-/titelwoordregel."
"LS1000-0614","hoofdcategorie EN","Literary Fiction","Romance","NL/EN verwijzen naar dezelfde categorie-ID."
"LS1000-0614","oorspronkelijke publicatiejaar","2000","2009","AI-bibliografische correctie: oorspronkelijke publicatie in plaats van onjuist bron-/editiejaar; geen wijziging bestaand databasejaar."
"LS1000-0614","classificatiebasis","AI_KENNIS","AI_KENNIS_HERBEOORDEELD","Redactionele AI-indeling; geen HIGH-evidence of menselijke beoordeling."
"LS1000-0614","aanvullende genres","coming-of-age","","Aanvullende genres opnieuw inhoudelijk afgewogen; uitsluitend canonieke genres, doelgroep en werkvorm blijven afzonderlijk."
"LS1000-0615","hoofdcategorie NL","Literaire fictie","Literaire & algemene fictie","Canoniek categoriemodel en stabiele NL/EN-labels."
"LS1000-0615","hoofdcategorie EN","Literary Fiction","Literary & General Fiction","NL/EN verwijzen naar dezelfde categorie-ID."
"LS1000-0615","classificatiebasis","AI_KENNIS","AI_KENNIS_HERBEOORDEELD","Redactionele AI-indeling; geen HIGH-evidence of menselijke beoordeling."
"LS1000-0616","hoofdcategorie NL","Literaire fictie","Literaire & algemene fictie","Canoniek categoriemodel en stabiele NL/EN-labels."
"LS1000-0616","hoofdcategorie EN","Literary Fiction","Literary & General Fiction","NL/EN verwijzen naar dezelfde categorie-ID."
"LS1000-0616","werkvorm","roman","toneelstuk","Werkvorm afzonderlijk inhoudelijk gecorrigeerd; geen genre."
"LS1000-0616","oorspronkelijke publicatiejaar","1611","1623","Eerste druk in First Folio 1623; 1611 betreft opvoering."
"LS1000-0616","classificatiebasis","AI_KENNIS","AI_KENNIS + GERICHTE_BRONCONTROLE","Redactionele AI-indeling; geen HIGH-evidence of menselijke beoordeling."
"LS1000-0616","aanvullende genres","klassieker","","Aanvullende genres opnieuw inhoudelijk afgewogen; uitsluitend canonieke genres, doelgroep en werkvorm blijven afzonderlijk."
"LS1000-0617","hoofdcategorie NL","Literaire fictie","Literaire & algemene fictie","Canoniek categoriemodel en stabiele NL/EN-labels."
"LS1000-0617","hoofdcategorie EN","Literary Fiction","Literary & General Fiction","NL/EN verwijzen naar dezelfde categorie-ID."
"LS1000-0617","oorspronkelijke publicatiejaar","2003","2012","AI-bibliografische correctie: oorspronkelijke publicatie in plaats van onjuist bron-/editiejaar; geen wijziging bestaand databasejaar."
"LS1000-0617","classificatiebasis","AI_KENNIS","AI_KENNIS_HERBEOORDEELD","Redactionele AI-indeling; geen HIGH-evidence of menselijke beoordeling."
"LS1000-0617","aanvullende genres","coming-of-age; familieroman","","Aanvullende genres opnieuw inhoudelijk afgewogen; uitsluitend canonieke genres, doelgroep en werkvorm blijven afzonderlijk."
"LS1000-0618","hoofdcategorie NL","Literaire fictie","Literaire & algemene fictie","Canoniek categoriemodel en stabiele NL/EN-labels."
"LS1000-0618","hoofdcategorie EN","Literary Fiction","Literary & General Fiction","NL/EN verwijzen naar dezelfde categorie-ID."
"LS1000-0618","oorspronkelijke publicatiejaar","2008","","Exact oorspronkelijk publicatiejaar onvoldoende vastgesteld; niet afleiden van editie/ontstaan."
"LS1000-0618","classificatiestatus","ZEKER","TWIJFEL","The trophy wife / Ashley: auteursidentiteit en werkafbakening onvoldoende zeker."
"LS1000-0618","classificatiebasis","AI_KENNIS","AI_KENNIS_HERBEOORDEELD","Redactionele AI-indeling; geen HIGH-evidence of menselijke beoordeling."
"LS1000-0619","hoofdcategorie NL","Literaire fictie","Literaire & algemene fictie","Canoniek categoriemodel en stabiele NL/EN-labels."
"LS1000-0619","hoofdcategorie EN","Literary Fiction","Literary & General Fiction","NL/EN verwijzen naar dezelfde categorie-ID."
"LS1000-0619","classificatiebasis","AI_KENNIS","AI_KENNIS_HERBEOORDEELD","Redactionele AI-indeling; geen HIGH-evidence of menselijke beoordeling."
"LS1000-0619","aanvullende genres","coming-of-age","","Aanvullende genres opnieuw inhoudelijk afgewogen; uitsluitend canonieke genres, doelgroep en werkvorm blijven afzonderlijk."
"LS1000-0620","hoofdcategorie NL","Literaire fictie","Literaire & algemene fictie","Canoniek categoriemodel en stabiele NL/EN-labels."
"LS1000-0620","hoofdcategorie EN","Literary Fiction","Literary & General Fiction","NL/EN verwijzen naar dezelfde categorie-ID."
"LS1000-0620","classificatiebasis","AI_KENNIS","AI_KENNIS_HERBEOORDEELD","Redactionele AI-indeling; geen HIGH-evidence of menselijke beoordeling."
"LS1000-0620","aanvullende genres","familieroman","","Aanvullende genres opnieuw inhoudelijk afgewogen; uitsluitend canonieke genres, doelgroep en werkvorm blijven afzonderlijk."
"LS1000-0621","hoofdcategorie NL","Literaire fictie","Literaire & algemene fictie","Canoniek categoriemodel en stabiele NL/EN-labels."
"LS1000-0621","hoofdcategorie EN","Literary Fiction","Literary & General Fiction","NL/EN verwijzen naar dezelfde categorie-ID."
"LS1000-0621","classificatiebasis","AI_KENNIS","AI_KENNIS_HERBEOORDEELD","Redactionele AI-indeling; geen HIGH-evidence of menselijke beoordeling."
"LS1000-0621","aanvullende genres","coming-of-age","","Aanvullende genres opnieuw inhoudelijk afgewogen; uitsluitend canonieke genres, doelgroep en werkvorm blijven afzonderlijk."
"LS1000-0622","hoofdcategorie NL","Literaire fictie","Literaire & algemene fictie","Canoniek categoriemodel en stabiele NL/EN-labels."
"LS1000-0622","hoofdcategorie EN","Literary Fiction","Literary & General Fiction","NL/EN verwijzen naar dezelfde categorie-ID."
"LS1000-0622","classificatiebasis","AI_KENNIS","AI_KENNIS_HERBEOORDEELD","Redactionele AI-indeling; geen HIGH-evidence of menselijke beoordeling."
"LS1000-0622","aanvullende genres","klassieker","","Aanvullende genres opnieuw inhoudelijk afgewogen; uitsluitend canonieke genres, doelgroep en werkvorm blijven afzonderlijk."
"LS1000-0623","hoofdcategorie NL","Literaire fictie","Literaire & algemene fictie","Canoniek categoriemodel en stabiele NL/EN-labels."
"LS1000-0623","hoofdcategorie EN","Literary Fiction","Literary & General Fiction","NL/EN verwijzen naar dezelfde categorie-ID."
"LS1000-0623","classificatiebasis","AI_KENNIS","AI_KENNIS_HERBEOORDEELD","Redactionele AI-indeling; geen HIGH-evidence of menselijke beoordeling."
"LS1000-0623","aanvullende genres","klassieker","","Aanvullende genres opnieuw inhoudelijk afgewogen; uitsluitend canonieke genres, doelgroep en werkvorm blijven afzonderlijk."
"LS1000-0624","hoofdcategorie NL","Literaire fictie","Literaire & algemene fictie","Canoniek categoriemodel en stabiele NL/EN-labels."
"LS1000-0624","hoofdcategorie EN","Literary Fiction","Literary & General Fiction","NL/EN verwijzen naar dezelfde categorie-ID."
"LS1000-0624","classificatiebasis","AI_KENNIS","AI_KENNIS_HERBEOORDEELD","Redactionele AI-indeling; geen HIGH-evidence of menselijke beoordeling."
"LS1000-0624","aanvullende genres","familieroman","","Aanvullende genres opnieuw inhoudelijk afgewogen; uitsluitend canonieke genres, doelgroep en werkvorm blijven afzonderlijk."
"LS1000-0625","hoofdcategorie NL","Literaire fictie","Literaire & algemene fictie","Canoniek categoriemodel en stabiele NL/EN-labels."
"LS1000-0625","hoofdcategorie EN","Literary Fiction","Literary & General Fiction","NL/EN verwijzen naar dezelfde categorie-ID."
"LS1000-0625","werkvorm","roman","kort verhaal","Werkvorm afzonderlijk inhoudelijk gecorrigeerd; geen genre."
"LS1000-0625","oorspronkelijke publicatiejaar","1987","1915","AI-bibliografische correctie: oorspronkelijke publicatie in plaats van onjuist bron-/editiejaar; geen wijziging bestaand databasejaar."
"LS1000-0625","classificatiebasis","AI_KENNIS; WEB_GECONTROLEERD","AI_KENNIS_HERBEOORDEELD","Redactionele AI-indeling; geen HIGH-evidence of menselijke beoordeling."
"LS1000-0625","aanvullende genres","klassieker","","Aanvullende genres opnieuw inhoudelijk afgewogen; uitsluitend canonieke genres, doelgroep en werkvorm blijven afzonderlijk."
"LS1000-0626","hoofdcategorie NL","Literaire fictie","Literaire & algemene fictie","Canoniek categoriemodel en stabiele NL/EN-labels."
"LS1000-0626","hoofdcategorie EN","Literary Fiction","Literary & General Fiction","NL/EN verwijzen naar dezelfde categorie-ID."
"LS1000-0626","classificatiebasis","AI_KENNIS","AI_KENNIS_HERBEOORDEELD","Redactionele AI-indeling; geen HIGH-evidence of menselijke beoordeling."
"LS1000-0626","aanvullende genres","klassieker; familieroman","","Aanvullende genres opnieuw inhoudelijk afgewogen; uitsluitend canonieke genres, doelgroep en werkvorm blijven afzonderlijk."
"LS1000-0627","hoofdcategorie NL","Literaire fictie","Historische fictie","Inhoudelijke AI-herbeoordeling van dit werk; geen auteur-/titelwoordregel."
"LS1000-0627","hoofdcategorie EN","Literary Fiction","Historical Fiction","NL/EN verwijzen naar dezelfde categorie-ID."
"LS1000-0627","oorspronkelijke publicatiejaar","1987","1977","AI-bibliografische correctie: oorspronkelijke publicatie in plaats van onjuist bron-/editiejaar; geen wijziging bestaand databasejaar."
"LS1000-0627","classificatiebasis","AI_KENNIS","AI_KENNIS_HERBEOORDEELD","Redactionele AI-indeling; geen HIGH-evidence of menselijke beoordeling."
"LS1000-0627","aanvullende genres","coming-of-age","","Aanvullende genres opnieuw inhoudelijk afgewogen; uitsluitend canonieke genres, doelgroep en werkvorm blijven afzonderlijk."
"LS1000-0628","hoofdcategorie NL","Literaire fictie","Literaire & algemene fictie","Canoniek categoriemodel en stabiele NL/EN-labels."
"LS1000-0628","hoofdcategorie EN","Literary Fiction","Literary & General Fiction","NL/EN verwijzen naar dezelfde categorie-ID."
"LS1000-0628","oorspronkelijke publicatiejaar","1980","1975","AI-bibliografische correctie: oorspronkelijke publicatie in plaats van onjuist bron-/editiejaar; geen wijziging bestaand databasejaar."
"LS1000-0628","classificatiebasis","AI_KENNIS","AI_KENNIS_HERBEOORDEELD","Redactionele AI-indeling; geen HIGH-evidence of menselijke beoordeling."
"LS1000-0629","hoofdcategorie NL","Literaire fictie","Literaire & algemene fictie","Canoniek categoriemodel en stabiele NL/EN-labels."
"LS1000-0629","hoofdcategorie EN","Literary Fiction","Literary & General Fiction","NL/EN verwijzen naar dezelfde categorie-ID."
"LS1000-0629","classificatiebasis","AI_KENNIS","AI_KENNIS_HERBEOORDEELD","Redactionele AI-indeling; geen HIGH-evidence of menselijke beoordeling."
"LS1000-0629","aanvullende genres","familieroman","","Aanvullende genres opnieuw inhoudelijk afgewogen; uitsluitend canonieke genres, doelgroep en werkvorm blijven afzonderlijk."
"LS1000-0630","hoofdcategorie NL","Literaire fictie","Fantasy","Inhoudelijke AI-herbeoordeling van dit werk; geen auteur-/titelwoordregel."
"LS1000-0630","hoofdcategorie EN","Literary Fiction","Fantasy","NL/EN verwijzen naar dezelfde categorie-ID."
"LS1000-0630","classificatiebasis","AI_KENNIS; WEB_GECONTROLEERD","AI_KENNIS_HERBEOORDEELD","Redactionele AI-indeling; geen HIGH-evidence of menselijke beoordeling."
"LS1000-0630","aanvullende genres","coming-of-age","","Aanvullende genres opnieuw inhoudelijk afgewogen; uitsluitend canonieke genres, doelgroep en werkvorm blijven afzonderlijk."
"LS1000-0631","hoofdcategorie NL","Literaire fictie","Literaire & algemene fictie","Canoniek categoriemodel en stabiele NL/EN-labels."
"LS1000-0631","hoofdcategorie EN","Literary Fiction","Literary & General Fiction","NL/EN verwijzen naar dezelfde categorie-ID."
"LS1000-0631","oorspronkelijke publicatiejaar","1935","1900","AI-bibliografische correctie: oorspronkelijke publicatie in plaats van onjuist bron-/editiejaar; geen wijziging bestaand databasejaar."
"LS1000-0631","classificatiebasis","AI_KENNIS; WEB_GECONTROLEERD","AI_KENNIS_HERBEOORDEELD","Redactionele AI-indeling; geen HIGH-evidence of menselijke beoordeling."
"LS1000-0631","aanvullende genres","klassieker","","Aanvullende genres opnieuw inhoudelijk afgewogen; uitsluitend canonieke genres, doelgroep en werkvorm blijven afzonderlijk."
"LS1000-0632","hoofdcategorie NL","Literaire fictie","Literaire & algemene fictie","Canoniek categoriemodel en stabiele NL/EN-labels."
"LS1000-0632","hoofdcategorie EN","Literary Fiction","Literary & General Fiction","NL/EN verwijzen naar dezelfde categorie-ID."
"LS1000-0632","oorspronkelijke publicatiejaar","1968","1906","AI-bibliografische correctie: oorspronkelijke publicatie in plaats van onjuist bron-/editiejaar; geen wijziging bestaand databasejaar."
"LS1000-0632","classificatiebasis","AI_KENNIS; WEB_GECONTROLEERD","AI_KENNIS_HERBEOORDEELD","Redactionele AI-indeling; geen HIGH-evidence of menselijke beoordeling."
"LS1000-0632","aanvullende genres","klassieker","","Aanvullende genres opnieuw inhoudelijk afgewogen; uitsluitend canonieke genres, doelgroep en werkvorm blijven afzonderlijk."
"LS1000-0633","hoofdcategorie NL","Literaire fictie","Literaire & algemene fictie","Canoniek categoriemodel en stabiele NL/EN-labels."
"LS1000-0633","hoofdcategorie EN","Literary Fiction","Literary & General Fiction","NL/EN verwijzen naar dezelfde categorie-ID."
"LS1000-0633","oorspronkelijke publicatiejaar","2018","2012","AI-bibliografische correctie: oorspronkelijke publicatie in plaats van onjuist bron-/editiejaar; geen wijziging bestaand databasejaar."
"LS1000-0633","classificatiebasis","AI_KENNIS","AI_KENNIS_HERBEOORDEELD","Redactionele AI-indeling; geen HIGH-evidence of menselijke beoordeling."
"LS1000-0634","hoofdcategorie NL","Literaire fictie","Literaire & algemene fictie","Canoniek categoriemodel en stabiele NL/EN-labels."
"LS1000-0634","hoofdcategorie EN","Literary Fiction","Literary & General Fiction","NL/EN verwijzen naar dezelfde categorie-ID."
"LS1000-0634","oorspronkelijke publicatiejaar","1969","1913","AI-bibliografische correctie: oorspronkelijke publicatie in plaats van onjuist bron-/editiejaar; geen wijziging bestaand databasejaar."
"LS1000-0634","classificatiebasis","AI_KENNIS; WEB_GECONTROLEERD","AI_KENNIS_HERBEOORDEELD","Redactionele AI-indeling; geen HIGH-evidence of menselijke beoordeling."
"LS1000-0634","aanvullende genres","klassieker","","Aanvullende genres opnieuw inhoudelijk afgewogen; uitsluitend canonieke genres, doelgroep en werkvorm blijven afzonderlijk."
"LS1000-0635","hoofdcategorie NL","Literaire fictie","Literaire & algemene fictie","Canoniek categoriemodel en stabiele NL/EN-labels."
"LS1000-0635","hoofdcategorie EN","Literary Fiction","Literary & General Fiction","NL/EN verwijzen naar dezelfde categorie-ID."
"LS1000-0635","classificatiebasis","AI_KENNIS","AI_KENNIS_HERBEOORDEELD","Redactionele AI-indeling; geen HIGH-evidence of menselijke beoordeling."
"LS1000-0635","aanvullende genres","coming-of-age","","Aanvullende genres opnieuw inhoudelijk afgewogen; uitsluitend canonieke genres, doelgroep en werkvorm blijven afzonderlijk."
"LS1000-0636","hoofdcategorie NL","Literaire fictie","Literaire & algemene fictie","Canoniek categoriemodel en stabiele NL/EN-labels."
"LS1000-0636","hoofdcategorie EN","Literary Fiction","Literary & General Fiction","NL/EN verwijzen naar dezelfde categorie-ID."
"LS1000-0636","classificatiebasis","AI_KENNIS","AI_KENNIS_HERBEOORDEELD","Redactionele AI-indeling; geen HIGH-evidence of menselijke beoordeling."
"LS1000-0637","hoofdcategorie NL","Literaire fictie","Literaire & algemene fictie","Canoniek categoriemodel en stabiele NL/EN-labels."
"LS1000-0637","hoofdcategorie EN","Literary Fiction","Literary & General Fiction","NL/EN verwijzen naar dezelfde categorie-ID."
"LS1000-0637","classificatiebasis","AI_KENNIS","AI_KENNIS_HERBEOORDEELD","Redactionele AI-indeling; geen HIGH-evidence of menselijke beoordeling."
"LS1000-0637","aanvullende genres","","Historische fictie","Aanvullende genres opnieuw inhoudelijk afgewogen; uitsluitend canonieke genres, doelgroep en werkvorm blijven afzonderlijk."
"LS1000-0638","hoofdcategorie NL","Literaire fictie","Literaire & algemene fictie","Canoniek categoriemodel en stabiele NL/EN-labels."
"LS1000-0638","hoofdcategorie EN","Literary Fiction","Literary & General Fiction","NL/EN verwijzen naar dezelfde categorie-ID."
"LS1000-0638","classificatiebasis","AI_KENNIS; WEB_GECONTROLEERD","AI_KENNIS_HERBEOORDEELD","Redactionele AI-indeling; geen HIGH-evidence of menselijke beoordeling."
"LS1000-0638","aanvullende genres","coming-of-age; familieroman","","Aanvullende genres opnieuw inhoudelijk afgewogen; uitsluitend canonieke genres, doelgroep en werkvorm blijven afzonderlijk."
"LS1000-0639","hoofdcategorie NL","Literaire fictie","Fantasy","Inhoudelijke AI-herbeoordeling van dit werk; geen auteur-/titelwoordregel."
"LS1000-0639","hoofdcategorie EN","Literary Fiction","Fantasy","NL/EN verwijzen naar dezelfde categorie-ID."
"LS1000-0639","oorspronkelijke publicatiejaar","1925","1926","AI-bibliografische correctie: oorspronkelijke publicatie in plaats van onjuist bron-/editiejaar; geen wijziging bestaand databasejaar."
"LS1000-0639","classificatiebasis","AI_KENNIS","AI_KENNIS_HERBEOORDEELD","Redactionele AI-indeling; geen HIGH-evidence of menselijke beoordeling."
"LS1000-0639","aanvullende genres","coming-of-age","","Aanvullende genres opnieuw inhoudelijk afgewogen; uitsluitend canonieke genres, doelgroep en werkvorm blijven afzonderlijk."
"LS1000-0640","hoofdcategorie NL","Literaire fictie","Historische fictie","Inhoudelijke AI-herbeoordeling van dit werk; geen auteur-/titelwoordregel."
"LS1000-0640","hoofdcategorie EN","Literary Fiction","Historical Fiction","NL/EN verwijzen naar dezelfde categorie-ID."
"LS1000-0640","classificatiebasis","AI_KENNIS","AI_KENNIS_HERBEOORDEELD","Redactionele AI-indeling; geen HIGH-evidence of menselijke beoordeling."
"LS1000-0640","aanvullende genres","familieroman","","Aanvullende genres opnieuw inhoudelijk afgewogen; uitsluitend canonieke genres, doelgroep en werkvorm blijven afzonderlijk."
"LS1000-0641","hoofdcategorie NL","Literaire fictie","Fantasy","Inhoudelijke AI-herbeoordeling van dit werk; geen auteur-/titelwoordregel."
"LS1000-0641","hoofdcategorie EN","Literary Fiction","Fantasy","NL/EN verwijzen naar dezelfde categorie-ID."
"LS1000-0641","oorspronkelijke publicatiejaar","1962","1957","AI-bibliografische correctie: oorspronkelijke publicatie in plaats van onjuist bron-/editiejaar; geen wijziging bestaand databasejaar."
"LS1000-0641","classificatiebasis","AI_KENNIS","AI_KENNIS_HERBEOORDEELD","Redactionele AI-indeling; geen HIGH-evidence of menselijke beoordeling."
"LS1000-0641","aanvullende genres","coming-of-age; familieroman","","Aanvullende genres opnieuw inhoudelijk afgewogen; uitsluitend canonieke genres, doelgroep en werkvorm blijven afzonderlijk."
"LS1000-0642","hoofdcategorie NL","Literaire fictie","Literaire & algemene fictie","Canoniek categoriemodel en stabiele NL/EN-labels."
"LS1000-0642","hoofdcategorie EN","Literary Fiction","Literary & General Fiction","NL/EN verwijzen naar dezelfde categorie-ID."
"LS1000-0642","oorspronkelijke publicatiejaar","2001","2012","AI-bibliografische correctie: oorspronkelijke publicatie in plaats van onjuist bron-/editiejaar; geen wijziging bestaand databasejaar."
"LS1000-0642","classificatiebasis","AI_KENNIS","AI_KENNIS_HERBEOORDEELD","Redactionele AI-indeling; geen HIGH-evidence of menselijke beoordeling."
"LS1000-0642","aanvullende genres","coming-of-age; familieroman","","Aanvullende genres opnieuw inhoudelijk afgewogen; uitsluitend canonieke genres, doelgroep en werkvorm blijven afzonderlijk."
"LS1000-0643","hoofdcategorie NL","Literaire fictie","Literaire & algemene fictie","Canoniek categoriemodel en stabiele NL/EN-labels."
"LS1000-0643","hoofdcategorie EN","Literary Fiction","Literary & General Fiction","NL/EN verwijzen naar dezelfde categorie-ID."
"LS1000-0643","werkvorm","roman","verzameld werk","Werkvorm afzonderlijk inhoudelijk gecorrigeerd; geen genre."
"LS1000-0643","oorspronkelijke publicatiejaar","1730","","Exact oorspronkelijk publicatiejaar onvoldoende vastgesteld; niet afleiden van editie/ontstaan."
"LS1000-0643","classificatiestatus","ZEKER","TWIJFEL","Verzamelde Shakespeare-werken overlappen met geselecteerde toneelstukken; geen individueel Work importeren."
"LS1000-0643","classificatiebasis","AI_KENNIS","AI_KENNIS_HERBEOORDEELD","Redactionele AI-indeling; geen HIGH-evidence of menselijke beoordeling."
"LS1000-0643","aanvullende genres","klassieker; familieroman","","Aanvullende genres opnieuw inhoudelijk afgewogen; uitsluitend canonieke genres, doelgroep en werkvorm blijven afzonderlijk."
"LS1000-0644","hoofdcategorie NL","Literaire fictie","Literaire & algemene fictie","Canoniek categoriemodel en stabiele NL/EN-labels."
"LS1000-0644","hoofdcategorie EN","Literary Fiction","Literary & General Fiction","NL/EN verwijzen naar dezelfde categorie-ID."
"LS1000-0644","classificatiebasis","AI_KENNIS","AI_KENNIS_HERBEOORDEELD","Redactionele AI-indeling; geen HIGH-evidence of menselijke beoordeling."
"LS1000-0644","aanvullende genres","coming-of-age; familieroman","","Aanvullende genres opnieuw inhoudelijk afgewogen; uitsluitend canonieke genres, doelgroep en werkvorm blijven afzonderlijk."
"LS1000-0645","hoofdcategorie NL","Literaire fictie","Fantasy","Inhoudelijke AI-herbeoordeling van dit werk; geen auteur-/titelwoordregel."
"LS1000-0645","hoofdcategorie EN","Literary Fiction","Fantasy","NL/EN verwijzen naar dezelfde categorie-ID."
"LS1000-0645","classificatiebasis","AI_KENNIS","AI_KENNIS_HERBEOORDEELD","Redactionele AI-indeling; geen HIGH-evidence of menselijke beoordeling."
"LS1000-0645","aanvullende genres","coming-of-age","","Aanvullende genres opnieuw inhoudelijk afgewogen; uitsluitend canonieke genres, doelgroep en werkvorm blijven afzonderlijk."
"LS1000-0646","hoofdcategorie NL","Literaire fictie","Thrillers & spanning","Inhoudelijke AI-herbeoordeling van dit werk; geen auteur-/titelwoordregel."
"LS1000-0646","hoofdcategorie EN","Literary Fiction","Thrillers & Suspense","NL/EN verwijzen naar dezelfde categorie-ID."
"LS1000-0646","classificatiebasis","AI_KENNIS","AI_KENNIS_HERBEOORDEELD","Redactionele AI-indeling; geen HIGH-evidence of menselijke beoordeling."
"LS1000-0647","hoofdcategorie NL","Misdaad & thriller","Detectives & misdaadfictie","Inhoudelijke AI-herbeoordeling van dit werk; geen auteur-/titelwoordregel."
"LS1000-0647","hoofdcategorie EN","Crime & Thriller","Mystery & Crime Fiction","NL/EN verwijzen naar dezelfde categorie-ID."
"LS1000-0647","classificatiebasis","AI_KENNIS","AI_KENNIS_HERBEOORDEELD","Redactionele AI-indeling; geen HIGH-evidence of menselijke beoordeling."
"LS1000-0647","aanvullende genres","mysterie","","Aanvullende genres opnieuw inhoudelijk afgewogen; uitsluitend canonieke genres, doelgroep en werkvorm blijven afzonderlijk."
"LS1000-0648","hoofdcategorie NL","Misdaad & thriller","Detectives & misdaadfictie","Inhoudelijke AI-herbeoordeling van dit werk; geen auteur-/titelwoordregel."
"LS1000-0648","hoofdcategorie EN","Crime & Thriller","Mystery & Crime Fiction","NL/EN verwijzen naar dezelfde categorie-ID."
"LS1000-0648","classificatiebasis","AI_KENNIS","AI_KENNIS_HERBEOORDEELD","Redactionele AI-indeling; geen HIGH-evidence of menselijke beoordeling."
"LS1000-0648","aanvullende genres","mysterie","","Aanvullende genres opnieuw inhoudelijk afgewogen; uitsluitend canonieke genres, doelgroep en werkvorm blijven afzonderlijk."
"LS1000-0649","hoofdcategorie NL","Misdaad & thriller","Thrillers & spanning","Canoniek categoriemodel en stabiele NL/EN-labels."
"LS1000-0649","hoofdcategorie EN","Crime & Thriller","Thrillers & Suspense","NL/EN verwijzen naar dezelfde categorie-ID."
"LS1000-0649","classificatiebasis","AI_KENNIS","AI_KENNIS_HERBEOORDEELD","Redactionele AI-indeling; geen HIGH-evidence of menselijke beoordeling."
"LS1000-0649","aanvullende genres","mysterie","","Aanvullende genres opnieuw inhoudelijk afgewogen; uitsluitend canonieke genres, doelgroep en werkvorm blijven afzonderlijk."
"LS1000-0650","hoofdcategorie NL","Misdaad & thriller","Thrillers & spanning","Canoniek categoriemodel en stabiele NL/EN-labels."
"LS1000-0650","hoofdcategorie EN","Crime & Thriller","Thrillers & Suspense","NL/EN verwijzen naar dezelfde categorie-ID."
"LS1000-0650","classificatiebasis","AI_KENNIS","AI_KENNIS_HERBEOORDEELD","Redactionele AI-indeling; geen HIGH-evidence of menselijke beoordeling."
"LS1000-0650","aanvullende genres","mysterie","","Aanvullende genres opnieuw inhoudelijk afgewogen; uitsluitend canonieke genres, doelgroep en werkvorm blijven afzonderlijk."
"LS1000-0651","hoofdcategorie NL","Misdaad & thriller","Detectives & misdaadfictie","Inhoudelijke AI-herbeoordeling van dit werk; geen auteur-/titelwoordregel."
"LS1000-0651","hoofdcategorie EN","Crime & Thriller","Mystery & Crime Fiction","NL/EN verwijzen naar dezelfde categorie-ID."
"LS1000-0651","classificatiebasis","AI_KENNIS; WEB_GECONTROLEERD","AI_KENNIS_HERBEOORDEELD","Redactionele AI-indeling; geen HIGH-evidence of menselijke beoordeling."
"LS1000-0651","aanvullende genres","mysterie","","Aanvullende genres opnieuw inhoudelijk afgewogen; uitsluitend canonieke genres, doelgroep en werkvorm blijven afzonderlijk."
"LS1000-0652","hoofdcategorie NL","Misdaad & thriller","Detectives & misdaadfictie","Inhoudelijke AI-herbeoordeling van dit werk; geen auteur-/titelwoordregel."
"LS1000-0652","hoofdcategorie EN","Crime & Thriller","Mystery & Crime Fiction","NL/EN verwijzen naar dezelfde categorie-ID."
"LS1000-0652","classificatiebasis","AI_KENNIS","AI_KENNIS_HERBEOORDEELD","Redactionele AI-indeling; geen HIGH-evidence of menselijke beoordeling."
"LS1000-0652","aanvullende genres","mysterie","","Aanvullende genres opnieuw inhoudelijk afgewogen; uitsluitend canonieke genres, doelgroep en werkvorm blijven afzonderlijk."
"LS1000-0653","hoofdcategorie NL","Misdaad & thriller","Detectives & misdaadfictie","Inhoudelijke AI-herbeoordeling van dit werk; geen auteur-/titelwoordregel."
"LS1000-0653","hoofdcategorie EN","Crime & Thriller","Mystery & Crime Fiction","NL/EN verwijzen naar dezelfde categorie-ID."
"LS1000-0653","classificatiebasis","AI_KENNIS","AI_KENNIS_HERBEOORDEELD","Redactionele AI-indeling; geen HIGH-evidence of menselijke beoordeling."
"LS1000-0653","aanvullende genres","mysterie","","Aanvullende genres opnieuw inhoudelijk afgewogen; uitsluitend canonieke genres, doelgroep en werkvorm blijven afzonderlijk."
"LS1000-0654","hoofdcategorie NL","Misdaad & thriller","Detectives & misdaadfictie","Inhoudelijke AI-herbeoordeling van dit werk; geen auteur-/titelwoordregel."
"LS1000-0654","hoofdcategorie EN","Crime & Thriller","Mystery & Crime Fiction","NL/EN verwijzen naar dezelfde categorie-ID."
"LS1000-0654","classificatiebasis","AI_KENNIS","AI_KENNIS_HERBEOORDEELD","Redactionele AI-indeling; geen HIGH-evidence of menselijke beoordeling."
"LS1000-0654","aanvullende genres","mysterie","","Aanvullende genres opnieuw inhoudelijk afgewogen; uitsluitend canonieke genres, doelgroep en werkvorm blijven afzonderlijk."
"LS1000-0655","hoofdcategorie NL","Misdaad & thriller","Thrillers & spanning","Canoniek categoriemodel en stabiele NL/EN-labels."
"LS1000-0655","hoofdcategorie EN","Crime & Thriller","Thrillers & Suspense","NL/EN verwijzen naar dezelfde categorie-ID."
"LS1000-0655","classificatiebasis","AI_KENNIS","AI_KENNIS_HERBEOORDEELD","Redactionele AI-indeling; geen HIGH-evidence of menselijke beoordeling."
"LS1000-0655","aanvullende genres","mysterie","","Aanvullende genres opnieuw inhoudelijk afgewogen; uitsluitend canonieke genres, doelgroep en werkvorm blijven afzonderlijk."
"LS1000-0656","hoofdcategorie NL","Misdaad & thriller","Thrillers & spanning","Canoniek categoriemodel en stabiele NL/EN-labels."
"LS1000-0656","hoofdcategorie EN","Crime & Thriller","Thrillers & Suspense","NL/EN verwijzen naar dezelfde categorie-ID."
"LS1000-0656","classificatiebasis","AI_KENNIS","AI_KENNIS_HERBEOORDEELD","Redactionele AI-indeling; geen HIGH-evidence of menselijke beoordeling."
"LS1000-0656","aanvullende genres","mysterie","Fantasy","Aanvullende genres opnieuw inhoudelijk afgewogen; uitsluitend canonieke genres, doelgroep en werkvorm blijven afzonderlijk."
"LS1000-0657","hoofdcategorie NL","Misdaad & thriller","Thrillers & spanning","Canoniek categoriemodel en stabiele NL/EN-labels."
"LS1000-0657","hoofdcategorie EN","Crime & Thriller","Thrillers & Suspense","NL/EN verwijzen naar dezelfde categorie-ID."
"LS1000-0657","classificatiebasis","AI_KENNIS","AI_KENNIS_HERBEOORDEELD","Redactionele AI-indeling; geen HIGH-evidence of menselijke beoordeling."
"LS1000-0657","aanvullende genres","mysterie","","Aanvullende genres opnieuw inhoudelijk afgewogen; uitsluitend canonieke genres, doelgroep en werkvorm blijven afzonderlijk."
"LS1000-0658","hoofdcategorie NL","Misdaad & thriller","Thrillers & spanning","Canoniek categoriemodel en stabiele NL/EN-labels."
"LS1000-0658","hoofdcategorie EN","Crime & Thriller","Thrillers & Suspense","NL/EN verwijzen naar dezelfde categorie-ID."
"LS1000-0658","oorspronkelijke publicatiejaar","2009","2008","AI-bibliografische correctie: oorspronkelijke publicatie in plaats van onjuist bron-/editiejaar; geen wijziging bestaand databasejaar."
"LS1000-0658","classificatiebasis","AI_KENNIS","AI_KENNIS_HERBEOORDEELD","Redactionele AI-indeling; geen HIGH-evidence of menselijke beoordeling."
"LS1000-0658","aanvullende genres","spanning","","Aanvullende genres opnieuw inhoudelijk afgewogen; uitsluitend canonieke genres, doelgroep en werkvorm blijven afzonderlijk."
"LS1000-0659","hoofdcategorie NL","Misdaad & thriller","Maatschappij & actualiteit","Inhoudelijke AI-herbeoordeling van dit werk; geen auteur-/titelwoordregel."
"LS1000-0659","hoofdcategorie EN","Crime & Thriller","Society & Current Affairs","NL/EN verwijzen naar dezelfde categorie-ID."
"LS1000-0659","oorspronkelijke publicatiejaar","2018","2019","AI-bibliografische correctie: oorspronkelijke publicatie in plaats van onjuist bron-/editiejaar; geen wijziging bestaand databasejaar."
"LS1000-0659","classificatiebasis","AI_KENNIS","AI_KENNIS_HERBEOORDEELD","Redactionele AI-indeling; geen HIGH-evidence of menselijke beoordeling."
"LS1000-0659","aanvullende genres","spanning","","Aanvullende genres opnieuw inhoudelijk afgewogen; uitsluitend canonieke genres, doelgroep en werkvorm blijven afzonderlijk."
"LS1000-0660","hoofdcategorie NL","Misdaad & thriller","Thrillers & spanning","Canoniek categoriemodel en stabiele NL/EN-labels."
"LS1000-0660","hoofdcategorie EN","Crime & Thriller","Thrillers & Suspense","NL/EN verwijzen naar dezelfde categorie-ID."
"LS1000-0660","classificatiebasis","AI_KENNIS","AI_KENNIS_HERBEOORDEELD","Redactionele AI-indeling; geen HIGH-evidence of menselijke beoordeling."
"LS1000-0660","aanvullende genres","spanning","","Aanvullende genres opnieuw inhoudelijk afgewogen; uitsluitend canonieke genres, doelgroep en werkvorm blijven afzonderlijk."
"LS1000-0661","hoofdcategorie NL","Misdaad & thriller","Thrillers & spanning","Canoniek categoriemodel en stabiele NL/EN-labels."
"LS1000-0661","hoofdcategorie EN","Crime & Thriller","Thrillers & Suspense","NL/EN verwijzen naar dezelfde categorie-ID."
"LS1000-0661","classificatiebasis","AI_KENNIS","AI_KENNIS_HERBEOORDEELD","Redactionele AI-indeling; geen HIGH-evidence of menselijke beoordeling."
"LS1000-0661","aanvullende genres","spanning","","Aanvullende genres opnieuw inhoudelijk afgewogen; uitsluitend canonieke genres, doelgroep en werkvorm blijven afzonderlijk."
"LS1000-0662","hoofdcategorie NL","Misdaad & thriller","Romantiek","Inhoudelijke AI-herbeoordeling van dit werk; geen auteur-/titelwoordregel."
"LS1000-0662","hoofdcategorie EN","Crime & Thriller","Romance","NL/EN verwijzen naar dezelfde categorie-ID."
"LS1000-0662","oorspronkelijke publicatiejaar","2022","2023","AI-bibliografische correctie: oorspronkelijke publicatie in plaats van onjuist bron-/editiejaar; geen wijziging bestaand databasejaar."
"LS1000-0662","classificatiebasis","AI_KENNIS","AI_KENNIS_HERBEOORDEELD","Redactionele AI-indeling; geen HIGH-evidence of menselijke beoordeling."
"LS1000-0662","aanvullende genres","spanning","","Aanvullende genres opnieuw inhoudelijk afgewogen; uitsluitend canonieke genres, doelgroep en werkvorm blijven afzonderlijk."
"LS1000-0663","hoofdcategorie NL","Misdaad & thriller","Thrillers & spanning","Canoniek categoriemodel en stabiele NL/EN-labels."
"LS1000-0663","hoofdcategorie EN","Crime & Thriller","Thrillers & Suspense","NL/EN verwijzen naar dezelfde categorie-ID."
"LS1000-0663","classificatiebasis","AI_KENNIS","AI_KENNIS_HERBEOORDEELD","Redactionele AI-indeling; geen HIGH-evidence of menselijke beoordeling."
"LS1000-0663","aanvullende genres","spanning","","Aanvullende genres opnieuw inhoudelijk afgewogen; uitsluitend canonieke genres, doelgroep en werkvorm blijven afzonderlijk."
"LS1000-0664","hoofdcategorie NL","Misdaad & thriller","Thrillers & spanning","Canoniek categoriemodel en stabiele NL/EN-labels."
"LS1000-0664","hoofdcategorie EN","Crime & Thriller","Thrillers & Suspense","NL/EN verwijzen naar dezelfde categorie-ID."
"LS1000-0664","oorspronkelijke publicatiejaar","2009","2008","AI-bibliografische correctie: oorspronkelijke publicatie in plaats van onjuist bron-/editiejaar; geen wijziging bestaand databasejaar."
"LS1000-0664","classificatiebasis","AI_KENNIS","AI_KENNIS_HERBEOORDEELD","Redactionele AI-indeling; geen HIGH-evidence of menselijke beoordeling."
"LS1000-0664","aanvullende genres","spanning","","Aanvullende genres opnieuw inhoudelijk afgewogen; uitsluitend canonieke genres, doelgroep en werkvorm blijven afzonderlijk."
"LS1000-0665","hoofdcategorie NL","Misdaad & thriller","Detectives & misdaadfictie","Inhoudelijke AI-herbeoordeling van dit werk; geen auteur-/titelwoordregel."
"LS1000-0665","hoofdcategorie EN","Crime & Thriller","Mystery & Crime Fiction","NL/EN verwijzen naar dezelfde categorie-ID."
"LS1000-0665","classificatiebasis","AI_KENNIS","AI_KENNIS_HERBEOORDEELD","Redactionele AI-indeling; geen HIGH-evidence of menselijke beoordeling."
"LS1000-0665","aanvullende genres","mysterie","","Aanvullende genres opnieuw inhoudelijk afgewogen; uitsluitend canonieke genres, doelgroep en werkvorm blijven afzonderlijk."
"LS1000-0666","hoofdcategorie NL","Misdaad & thriller","Thrillers & spanning","Canoniek categoriemodel en stabiele NL/EN-labels."
"LS1000-0666","hoofdcategorie EN","Crime & Thriller","Thrillers & Suspense","NL/EN verwijzen naar dezelfde categorie-ID."
"LS1000-0666","classificatiebasis","AI_KENNIS","AI_KENNIS_HERBEOORDEELD","Redactionele AI-indeling; geen HIGH-evidence of menselijke beoordeling."
"LS1000-0666","aanvullende genres","spanning","","Aanvullende genres opnieuw inhoudelijk afgewogen; uitsluitend canonieke genres, doelgroep en werkvorm blijven afzonderlijk."
"LS1000-0667","hoofdcategorie NL","Misdaad & thriller","Thrillers & spanning","Canoniek categoriemodel en stabiele NL/EN-labels."
"LS1000-0667","hoofdcategorie EN","Crime & Thriller","Thrillers & Suspense","NL/EN verwijzen naar dezelfde categorie-ID."
"LS1000-0667","oorspronkelijke publicatiejaar","2006","2004","AI-bibliografische correctie: oorspronkelijke publicatie in plaats van onjuist bron-/editiejaar; geen wijziging bestaand databasejaar."
"LS1000-0667","classificatiebasis","AI_KENNIS","AI_KENNIS_HERBEOORDEELD","Redactionele AI-indeling; geen HIGH-evidence of menselijke beoordeling."
"LS1000-0667","aanvullende genres","spanning","","Aanvullende genres opnieuw inhoudelijk afgewogen; uitsluitend canonieke genres, doelgroep en werkvorm blijven afzonderlijk."
"LS1000-0668","hoofdcategorie NL","Misdaad & thriller","Thrillers & spanning","Canoniek categoriemodel en stabiele NL/EN-labels."
"LS1000-0668","hoofdcategorie EN","Crime & Thriller","Thrillers & Suspense","NL/EN verwijzen naar dezelfde categorie-ID."
"LS1000-0668","classificatiebasis","AI_KENNIS","AI_KENNIS_HERBEOORDEELD","Redactionele AI-indeling; geen HIGH-evidence of menselijke beoordeling."
"LS1000-0668","aanvullende genres","spanning","","Aanvullende genres opnieuw inhoudelijk afgewogen; uitsluitend canonieke genres, doelgroep en werkvorm blijven afzonderlijk."
"LS1000-0669","hoofdcategorie NL","Misdaad & thriller","Thrillers & spanning","Canoniek categoriemodel en stabiele NL/EN-labels."
"LS1000-0669","hoofdcategorie EN","Crime & Thriller","Thrillers & Suspense","NL/EN verwijzen naar dezelfde categorie-ID."
"LS1000-0669","classificatiebasis","AI_KENNIS","AI_KENNIS_HERBEOORDEELD","Redactionele AI-indeling; geen HIGH-evidence of menselijke beoordeling."
"LS1000-0669","aanvullende genres","spanning","","Aanvullende genres opnieuw inhoudelijk afgewogen; uitsluitend canonieke genres, doelgroep en werkvorm blijven afzonderlijk."
"LS1000-0670","hoofdcategorie NL","Misdaad & thriller","Thrillers & spanning","Canoniek categoriemodel en stabiele NL/EN-labels."
"LS1000-0670","hoofdcategorie EN","Crime & Thriller","Thrillers & Suspense","NL/EN verwijzen naar dezelfde categorie-ID."
"LS1000-0670","classificatiebasis","AI_KENNIS","AI_KENNIS_HERBEOORDEELD","Redactionele AI-indeling; geen HIGH-evidence of menselijke beoordeling."
"LS1000-0670","aanvullende genres","spanning","","Aanvullende genres opnieuw inhoudelijk afgewogen; uitsluitend canonieke genres, doelgroep en werkvorm blijven afzonderlijk."
"LS1000-0671","hoofdcategorie NL","Misdaad & thriller","Thrillers & spanning","Canoniek categoriemodel en stabiele NL/EN-labels."
"LS1000-0671","hoofdcategorie EN","Crime & Thriller","Thrillers & Suspense","NL/EN verwijzen naar dezelfde categorie-ID."
"LS1000-0671","classificatiebasis","AI_KENNIS","AI_KENNIS_HERBEOORDEELD","Redactionele AI-indeling; geen HIGH-evidence of menselijke beoordeling."
"LS1000-0671","aanvullende genres","spanning","","Aanvullende genres opnieuw inhoudelijk afgewogen; uitsluitend canonieke genres, doelgroep en werkvorm blijven afzonderlijk."
"LS1000-0672","hoofdcategorie NL","Misdaad & thriller","Thrillers & spanning","Canoniek categoriemodel en stabiele NL/EN-labels."
"LS1000-0672","hoofdcategorie EN","Crime & Thriller","Thrillers & Suspense","NL/EN verwijzen naar dezelfde categorie-ID."
"LS1000-0672","classificatiebasis","AI_KENNIS","AI_KENNIS_HERBEOORDEELD","Redactionele AI-indeling; geen HIGH-evidence of menselijke beoordeling."
"LS1000-0672","aanvullende genres","spanning","","Aanvullende genres opnieuw inhoudelijk afgewogen; uitsluitend canonieke genres, doelgroep en werkvorm blijven afzonderlijk."
"LS1000-0673","hoofdcategorie NL","Misdaad & thriller","Thrillers & spanning","Canoniek categoriemodel en stabiele NL/EN-labels."
"LS1000-0673","hoofdcategorie EN","Crime & Thriller","Thrillers & Suspense","NL/EN verwijzen naar dezelfde categorie-ID."
"LS1000-0673","classificatiebasis","AI_KENNIS","AI_KENNIS_HERBEOORDEELD","Redactionele AI-indeling; geen HIGH-evidence of menselijke beoordeling."
"LS1000-0673","aanvullende genres","spanning","","Aanvullende genres opnieuw inhoudelijk afgewogen; uitsluitend canonieke genres, doelgroep en werkvorm blijven afzonderlijk."
"LS1000-0674","hoofdcategorie NL","Misdaad & thriller","Thrillers & spanning","Canoniek categoriemodel en stabiele NL/EN-labels."
"LS1000-0674","hoofdcategorie EN","Crime & Thriller","Thrillers & Suspense","NL/EN verwijzen naar dezelfde categorie-ID."
"LS1000-0674","classificatiebasis","AI_KENNIS","AI_KENNIS_HERBEOORDEELD","Redactionele AI-indeling; geen HIGH-evidence of menselijke beoordeling."
"LS1000-0674","aanvullende genres","spanning","","Aanvullende genres opnieuw inhoudelijk afgewogen; uitsluitend canonieke genres, doelgroep en werkvorm blijven afzonderlijk."
"LS1000-0675","hoofdcategorie NL","Misdaad & thriller","Thrillers & spanning","Canoniek categoriemodel en stabiele NL/EN-labels."
"LS1000-0675","hoofdcategorie EN","Crime & Thriller","Thrillers & Suspense","NL/EN verwijzen naar dezelfde categorie-ID."
"LS1000-0675","classificatiebasis","AI_KENNIS","AI_KENNIS_HERBEOORDEELD","Redactionele AI-indeling; geen HIGH-evidence of menselijke beoordeling."
"LS1000-0675","aanvullende genres","spanning","","Aanvullende genres opnieuw inhoudelijk afgewogen; uitsluitend canonieke genres, doelgroep en werkvorm blijven afzonderlijk."
"LS1000-0676","hoofdcategorie NL","Misdaad & thriller","Thrillers & spanning","Canoniek categoriemodel en stabiele NL/EN-labels."
"LS1000-0676","hoofdcategorie EN","Crime & Thriller","Thrillers & Suspense","NL/EN verwijzen naar dezelfde categorie-ID."
"LS1000-0676","classificatiebasis","AI_KENNIS","AI_KENNIS_HERBEOORDEELD","Redactionele AI-indeling; geen HIGH-evidence of menselijke beoordeling."
"LS1000-0676","aanvullende genres","spanning","","Aanvullende genres opnieuw inhoudelijk afgewogen; uitsluitend canonieke genres, doelgroep en werkvorm blijven afzonderlijk."
"LS1000-0677","hoofdcategorie NL","Misdaad & thriller","Thrillers & spanning","Canoniek categoriemodel en stabiele NL/EN-labels."
"LS1000-0677","hoofdcategorie EN","Crime & Thriller","Thrillers & Suspense","NL/EN verwijzen naar dezelfde categorie-ID."
"LS1000-0677","classificatiebasis","AI_KENNIS","AI_KENNIS_HERBEOORDEELD","Redactionele AI-indeling; geen HIGH-evidence of menselijke beoordeling."
"LS1000-0677","aanvullende genres","mysterie","","Aanvullende genres opnieuw inhoudelijk afgewogen; uitsluitend canonieke genres, doelgroep en werkvorm blijven afzonderlijk."
"LS1000-0678","hoofdcategorie NL","Misdaad & thriller","Thrillers & spanning","Canoniek categoriemodel en stabiele NL/EN-labels."
"LS1000-0678","hoofdcategorie EN","Crime & Thriller","Thrillers & Suspense","NL/EN verwijzen naar dezelfde categorie-ID."
"LS1000-0678","classificatiebasis","AI_KENNIS","AI_KENNIS_HERBEOORDEELD","Redactionele AI-indeling; geen HIGH-evidence of menselijke beoordeling."
"LS1000-0678","aanvullende genres","spanning","","Aanvullende genres opnieuw inhoudelijk afgewogen; uitsluitend canonieke genres, doelgroep en werkvorm blijven afzonderlijk."
"LS1000-0679","hoofdcategorie NL","Misdaad & thriller","Romantiek","Inhoudelijke AI-herbeoordeling van dit werk; geen auteur-/titelwoordregel."
"LS1000-0679","hoofdcategorie EN","Crime & Thriller","Romance","NL/EN verwijzen naar dezelfde categorie-ID."
"LS1000-0679","classificatiebasis","AI_KENNIS","AI_KENNIS_HERBEOORDEELD","Redactionele AI-indeling; geen HIGH-evidence of menselijke beoordeling."
"LS1000-0679","aanvullende genres","mysterie","Thrillers & spanning","Aanvullende genres opnieuw inhoudelijk afgewogen; uitsluitend canonieke genres, doelgroep en werkvorm blijven afzonderlijk."
"LS1000-0680","hoofdcategorie NL","Misdaad & thriller","Detectives & misdaadfictie","Inhoudelijke AI-herbeoordeling van dit werk; geen auteur-/titelwoordregel."
"LS1000-0680","hoofdcategorie EN","Crime & Thriller","Mystery & Crime Fiction","NL/EN verwijzen naar dezelfde categorie-ID."
"LS1000-0680","oorspronkelijke publicatiejaar","2000","2007","AI-bibliografische correctie: oorspronkelijke publicatie in plaats van onjuist bron-/editiejaar; geen wijziging bestaand databasejaar."
"LS1000-0680","classificatiebasis","AI_KENNIS","AI_KENNIS_HERBEOORDEELD","Redactionele AI-indeling; geen HIGH-evidence of menselijke beoordeling."
"LS1000-0680","aanvullende genres","mysterie","","Aanvullende genres opnieuw inhoudelijk afgewogen; uitsluitend canonieke genres, doelgroep en werkvorm blijven afzonderlijk."
"LS1000-0681","hoofdcategorie NL","Misdaad & thriller","Thrillers & spanning","Canoniek categoriemodel en stabiele NL/EN-labels."
"LS1000-0681","hoofdcategorie EN","Crime & Thriller","Thrillers & Suspense","NL/EN verwijzen naar dezelfde categorie-ID."
"LS1000-0681","classificatiebasis","AI_KENNIS","AI_KENNIS_HERBEOORDEELD","Redactionele AI-indeling; geen HIGH-evidence of menselijke beoordeling."
"LS1000-0681","aanvullende genres","mysterie","","Aanvullende genres opnieuw inhoudelijk afgewogen; uitsluitend canonieke genres, doelgroep en werkvorm blijven afzonderlijk."
"LS1000-0682","hoofdcategorie NL","Misdaad & thriller","Thrillers & spanning","Canoniek categoriemodel en stabiele NL/EN-labels."
"LS1000-0682","hoofdcategorie EN","Crime & Thriller","Thrillers & Suspense","NL/EN verwijzen naar dezelfde categorie-ID."
"LS1000-0682","classificatiebasis","AI_KENNIS","AI_KENNIS_HERBEOORDEELD","Redactionele AI-indeling; geen HIGH-evidence of menselijke beoordeling."
"LS1000-0682","aanvullende genres","spanning","","Aanvullende genres opnieuw inhoudelijk afgewogen; uitsluitend canonieke genres, doelgroep en werkvorm blijven afzonderlijk."
"LS1000-0683","hoofdcategorie NL","Misdaad & thriller","Literaire & algemene fictie","Inhoudelijke AI-herbeoordeling van dit werk; geen auteur-/titelwoordregel."
"LS1000-0683","hoofdcategorie EN","Crime & Thriller","Literary & General Fiction","NL/EN verwijzen naar dezelfde categorie-ID."
"LS1000-0683","classificatiebasis","AI_KENNIS","AI_KENNIS_HERBEOORDEELD","Redactionele AI-indeling; geen HIGH-evidence of menselijke beoordeling."
"LS1000-0683","aanvullende genres","mysterie","","Aanvullende genres opnieuw inhoudelijk afgewogen; uitsluitend canonieke genres, doelgroep en werkvorm blijven afzonderlijk."
"LS1000-0684","hoofdcategorie NL","Misdaad & thriller","Detectives & misdaadfictie","Inhoudelijke AI-herbeoordeling van dit werk; geen auteur-/titelwoordregel."
"LS1000-0684","hoofdcategorie EN","Crime & Thriller","Mystery & Crime Fiction","NL/EN verwijzen naar dezelfde categorie-ID."
"LS1000-0684","classificatiebasis","AI_KENNIS; WEB_GECONTROLEERD","AI_KENNIS_HERBEOORDEELD","Redactionele AI-indeling; geen HIGH-evidence of menselijke beoordeling."
"LS1000-0684","aanvullende genres","mysterie","","Aanvullende genres opnieuw inhoudelijk afgewogen; uitsluitend canonieke genres, doelgroep en werkvorm blijven afzonderlijk."
"LS1000-0685","hoofdcategorie NL","Misdaad & thriller","Detectives & misdaadfictie","Inhoudelijke AI-herbeoordeling van dit werk; geen auteur-/titelwoordregel."
"LS1000-0685","hoofdcategorie EN","Crime & Thriller","Mystery & Crime Fiction","NL/EN verwijzen naar dezelfde categorie-ID."
"LS1000-0685","classificatiebasis","AI_KENNIS; WEB_GECONTROLEERD","AI_KENNIS_HERBEOORDEELD","Redactionele AI-indeling; geen HIGH-evidence of menselijke beoordeling."
"LS1000-0685","aanvullende genres","mysterie","","Aanvullende genres opnieuw inhoudelijk afgewogen; uitsluitend canonieke genres, doelgroep en werkvorm blijven afzonderlijk."
"LS1000-0686","hoofdcategorie NL","Misdaad & thriller","Thrillers & spanning","Canoniek categoriemodel en stabiele NL/EN-labels."
"LS1000-0686","hoofdcategorie EN","Crime & Thriller","Thrillers & Suspense","NL/EN verwijzen naar dezelfde categorie-ID."
"LS1000-0686","classificatiebasis","AI_KENNIS","AI_KENNIS_HERBEOORDEELD","Redactionele AI-indeling; geen HIGH-evidence of menselijke beoordeling."
"LS1000-0686","aanvullende genres","mysterie","","Aanvullende genres opnieuw inhoudelijk afgewogen; uitsluitend canonieke genres, doelgroep en werkvorm blijven afzonderlijk."
"LS1000-0687","hoofdcategorie NL","Misdaad & thriller","Waargebeurde misdaad","Inhoudelijke AI-herbeoordeling van dit werk; geen auteur-/titelwoordregel."
"LS1000-0687","hoofdcategorie EN","Crime & Thriller","True Crime","NL/EN verwijzen naar dezelfde categorie-ID."
"LS1000-0687","classificatiebasis","AI_KENNIS","AI_KENNIS_HERBEOORDEELD","Redactionele AI-indeling; geen HIGH-evidence of menselijke beoordeling."
"LS1000-0687","aanvullende genres","spanning","","Aanvullende genres opnieuw inhoudelijk afgewogen; uitsluitend canonieke genres, doelgroep en werkvorm blijven afzonderlijk."
"LS1000-0688","hoofdcategorie NL","Misdaad & thriller","Detectives & misdaadfictie","Inhoudelijke AI-herbeoordeling van dit werk; geen auteur-/titelwoordregel."
"LS1000-0688","hoofdcategorie EN","Crime & Thriller","Mystery & Crime Fiction","NL/EN verwijzen naar dezelfde categorie-ID."
"LS1000-0688","classificatiebasis","AI_KENNIS; WEB_GECONTROLEERD","AI_KENNIS_HERBEOORDEELD","Redactionele AI-indeling; geen HIGH-evidence of menselijke beoordeling."
"LS1000-0688","aanvullende genres","mysterie","","Aanvullende genres opnieuw inhoudelijk afgewogen; uitsluitend canonieke genres, doelgroep en werkvorm blijven afzonderlijk."
"LS1000-0689","hoofdcategorie NL","Misdaad & thriller","Thrillers & spanning","Canoniek categoriemodel en stabiele NL/EN-labels."
"LS1000-0689","hoofdcategorie EN","Crime & Thriller","Thrillers & Suspense","NL/EN verwijzen naar dezelfde categorie-ID."
"LS1000-0689","classificatiebasis","AI_KENNIS","AI_KENNIS_HERBEOORDEELD","Redactionele AI-indeling; geen HIGH-evidence of menselijke beoordeling."
"LS1000-0689","aanvullende genres","spanning","","Aanvullende genres opnieuw inhoudelijk afgewogen; uitsluitend canonieke genres, doelgroep en werkvorm blijven afzonderlijk."
"LS1000-0690","hoofdcategorie NL","Misdaad & thriller","Detectives & misdaadfictie","Inhoudelijke AI-herbeoordeling van dit werk; geen auteur-/titelwoordregel."
"LS1000-0690","hoofdcategorie EN","Crime & Thriller","Mystery & Crime Fiction","NL/EN verwijzen naar dezelfde categorie-ID."
"LS1000-0690","classificatiebasis","AI_KENNIS","AI_KENNIS_HERBEOORDEELD","Redactionele AI-indeling; geen HIGH-evidence of menselijke beoordeling."
"LS1000-0690","aanvullende genres","mysterie","","Aanvullende genres opnieuw inhoudelijk afgewogen; uitsluitend canonieke genres, doelgroep en werkvorm blijven afzonderlijk."
"LS1000-0691","hoofdcategorie NL","Misdaad & thriller","Thrillers & spanning","Canoniek categoriemodel en stabiele NL/EN-labels."
"LS1000-0691","hoofdcategorie EN","Crime & Thriller","Thrillers & Suspense","NL/EN verwijzen naar dezelfde categorie-ID."
"LS1000-0691","oorspronkelijke publicatiejaar","2011","2012","AI-bibliografische correctie: oorspronkelijke publicatie in plaats van onjuist bron-/editiejaar; geen wijziging bestaand databasejaar."
"LS1000-0691","classificatiebasis","AI_KENNIS","AI_KENNIS_HERBEOORDEELD","Redactionele AI-indeling; geen HIGH-evidence of menselijke beoordeling."
"LS1000-0691","aanvullende genres","mysterie","","Aanvullende genres opnieuw inhoudelijk afgewogen; uitsluitend canonieke genres, doelgroep en werkvorm blijven afzonderlijk."
"LS1000-0692","hoofdcategorie NL","Misdaad & thriller","Thrillers & spanning","Canoniek categoriemodel en stabiele NL/EN-labels."
"LS1000-0692","hoofdcategorie EN","Crime & Thriller","Thrillers & Suspense","NL/EN verwijzen naar dezelfde categorie-ID."
"LS1000-0692","classificatiebasis","AI_KENNIS","AI_KENNIS_HERBEOORDEELD","Redactionele AI-indeling; geen HIGH-evidence of menselijke beoordeling."
"LS1000-0692","aanvullende genres","spanning","","Aanvullende genres opnieuw inhoudelijk afgewogen; uitsluitend canonieke genres, doelgroep en werkvorm blijven afzonderlijk."
"LS1000-0693","hoofdcategorie NL","Misdaad & thriller","Detectives & misdaadfictie","Inhoudelijke AI-herbeoordeling van dit werk; geen auteur-/titelwoordregel."
"LS1000-0693","hoofdcategorie EN","Crime & Thriller","Mystery & Crime Fiction","NL/EN verwijzen naar dezelfde categorie-ID."
"LS1000-0693","classificatiebasis","AI_KENNIS","AI_KENNIS_HERBEOORDEELD","Redactionele AI-indeling; geen HIGH-evidence of menselijke beoordeling."
"LS1000-0693","aanvullende genres","mysterie","","Aanvullende genres opnieuw inhoudelijk afgewogen; uitsluitend canonieke genres, doelgroep en werkvorm blijven afzonderlijk."
"LS1000-0694","hoofdcategorie NL","Misdaad & thriller","Thrillers & spanning","Canoniek categoriemodel en stabiele NL/EN-labels."
"LS1000-0694","hoofdcategorie EN","Crime & Thriller","Thrillers & Suspense","NL/EN verwijzen naar dezelfde categorie-ID."
"LS1000-0694","classificatiebasis","AI_KENNIS","AI_KENNIS_HERBEOORDEELD","Redactionele AI-indeling; geen HIGH-evidence of menselijke beoordeling."
"LS1000-0694","aanvullende genres","mysterie","","Aanvullende genres opnieuw inhoudelijk afgewogen; uitsluitend canonieke genres, doelgroep en werkvorm blijven afzonderlijk."
"LS1000-0695","hoofdcategorie NL","Misdaad & thriller","Thrillers & spanning","Canoniek categoriemodel en stabiele NL/EN-labels."
"LS1000-0695","hoofdcategorie EN","Crime & Thriller","Thrillers & Suspense","NL/EN verwijzen naar dezelfde categorie-ID."
"LS1000-0695","classificatiebasis","AI_KENNIS","AI_KENNIS_HERBEOORDEELD","Redactionele AI-indeling; geen HIGH-evidence of menselijke beoordeling."
"LS1000-0695","aanvullende genres","spanning","","Aanvullende genres opnieuw inhoudelijk afgewogen; uitsluitend canonieke genres, doelgroep en werkvorm blijven afzonderlijk."
"LS1000-0696","hoofdcategorie NL","Misdaad & thriller","Thrillers & spanning","Canoniek categoriemodel en stabiele NL/EN-labels."
"LS1000-0696","hoofdcategorie EN","Crime & Thriller","Thrillers & Suspense","NL/EN verwijzen naar dezelfde categorie-ID."
"LS1000-0696","classificatiebasis","AI_KENNIS","AI_KENNIS_HERBEOORDEELD","Redactionele AI-indeling; geen HIGH-evidence of menselijke beoordeling."
"LS1000-0696","aanvullende genres","spanning","","Aanvullende genres opnieuw inhoudelijk afgewogen; uitsluitend canonieke genres, doelgroep en werkvorm blijven afzonderlijk."
"LS1000-0697","hoofdcategorie NL","Misdaad & thriller","Thrillers & spanning","Canoniek categoriemodel en stabiele NL/EN-labels."
"LS1000-0697","hoofdcategorie EN","Crime & Thriller","Thrillers & Suspense","NL/EN verwijzen naar dezelfde categorie-ID."
"LS1000-0697","classificatiebasis","AI_KENNIS","AI_KENNIS_HERBEOORDEELD","Redactionele AI-indeling; geen HIGH-evidence of menselijke beoordeling."
"LS1000-0697","aanvullende genres","spanning","","Aanvullende genres opnieuw inhoudelijk afgewogen; uitsluitend canonieke genres, doelgroep en werkvorm blijven afzonderlijk."
"LS1000-0698","hoofdcategorie NL","Misdaad & thriller","Thrillers & spanning","Canoniek categoriemodel en stabiele NL/EN-labels."
"LS1000-0698","hoofdcategorie EN","Crime & Thriller","Thrillers & Suspense","NL/EN verwijzen naar dezelfde categorie-ID."
"LS1000-0698","classificatiebasis","AI_KENNIS","AI_KENNIS_HERBEOORDEELD","Redactionele AI-indeling; geen HIGH-evidence of menselijke beoordeling."
"LS1000-0698","aanvullende genres","spanning","","Aanvullende genres opnieuw inhoudelijk afgewogen; uitsluitend canonieke genres, doelgroep en werkvorm blijven afzonderlijk."
"LS1000-0699","hoofdcategorie NL","Misdaad & thriller","Thrillers & spanning","Canoniek categoriemodel en stabiele NL/EN-labels."
"LS1000-0699","hoofdcategorie EN","Crime & Thriller","Thrillers & Suspense","NL/EN verwijzen naar dezelfde categorie-ID."
"LS1000-0699","oorspronkelijke publicatiejaar","2001","2005","AI-bibliografische correctie: oorspronkelijke publicatie in plaats van onjuist bron-/editiejaar; geen wijziging bestaand databasejaar."
"LS1000-0699","classificatiebasis","AI_KENNIS","AI_KENNIS_HERBEOORDEELD","Redactionele AI-indeling; geen HIGH-evidence of menselijke beoordeling."
"LS1000-0699","aanvullende genres","mysterie","","Aanvullende genres opnieuw inhoudelijk afgewogen; uitsluitend canonieke genres, doelgroep en werkvorm blijven afzonderlijk."
"LS1000-0700","hoofdcategorie NL","Misdaad & thriller","Thrillers & spanning","Canoniek categoriemodel en stabiele NL/EN-labels."
"LS1000-0700","hoofdcategorie EN","Crime & Thriller","Thrillers & Suspense","NL/EN verwijzen naar dezelfde categorie-ID."
"LS1000-0700","classificatiebasis","AI_KENNIS","AI_KENNIS_HERBEOORDEELD","Redactionele AI-indeling; geen HIGH-evidence of menselijke beoordeling."
"LS1000-0700","aanvullende genres","spanning","","Aanvullende genres opnieuw inhoudelijk afgewogen; uitsluitend canonieke genres, doelgroep en werkvorm blijven afzonderlijk."
"LS1000-0701","hoofdcategorie NL","Misdaad & thriller","Waargebeurde misdaad","Inhoudelijke AI-herbeoordeling van dit werk; geen auteur-/titelwoordregel."
"LS1000-0701","hoofdcategorie EN","Crime & Thriller","True Crime","NL/EN verwijzen naar dezelfde categorie-ID."
"LS1000-0701","classificatiebasis","AI_KENNIS","AI_KENNIS_HERBEOORDEELD","Redactionele AI-indeling; geen HIGH-evidence of menselijke beoordeling."
"LS1000-0701","aanvullende genres","mysterie","","Aanvullende genres opnieuw inhoudelijk afgewogen; uitsluitend canonieke genres, doelgroep en werkvorm blijven afzonderlijk."
"LS1000-0702","hoofdcategorie NL","Misdaad & thriller","Detectives & misdaadfictie","Inhoudelijke AI-herbeoordeling van dit werk; geen auteur-/titelwoordregel."
"LS1000-0702","hoofdcategorie EN","Crime & Thriller","Mystery & Crime Fiction","NL/EN verwijzen naar dezelfde categorie-ID."
"LS1000-0702","oorspronkelijke publicatiejaar","2001","2007","AI-bibliografische correctie: oorspronkelijke publicatie in plaats van onjuist bron-/editiejaar; geen wijziging bestaand databasejaar."
"LS1000-0702","classificatiebasis","AI_KENNIS","AI_KENNIS_HERBEOORDEELD","Redactionele AI-indeling; geen HIGH-evidence of menselijke beoordeling."
"LS1000-0702","aanvullende genres","mysterie","","Aanvullende genres opnieuw inhoudelijk afgewogen; uitsluitend canonieke genres, doelgroep en werkvorm blijven afzonderlijk."
"LS1000-0703","hoofdcategorie NL","Misdaad & thriller","Thrillers & spanning","Canoniek categoriemodel en stabiele NL/EN-labels."
"LS1000-0703","hoofdcategorie EN","Crime & Thriller","Thrillers & Suspense","NL/EN verwijzen naar dezelfde categorie-ID."
"LS1000-0703","classificatiebasis","AI_KENNIS","AI_KENNIS_HERBEOORDEELD","Redactionele AI-indeling; geen HIGH-evidence of menselijke beoordeling."
"LS1000-0703","aanvullende genres","mysterie","","Aanvullende genres opnieuw inhoudelijk afgewogen; uitsluitend canonieke genres, doelgroep en werkvorm blijven afzonderlijk."
"LS1000-0704","hoofdcategorie NL","Misdaad & thriller","Waargebeurde misdaad","Inhoudelijke AI-herbeoordeling van dit werk; geen auteur-/titelwoordregel."
"LS1000-0704","hoofdcategorie EN","Crime & Thriller","True Crime","NL/EN verwijzen naar dezelfde categorie-ID."
"LS1000-0704","classificatiebasis","AI_KENNIS","AI_KENNIS_HERBEOORDEELD","Redactionele AI-indeling; geen HIGH-evidence of menselijke beoordeling."
"LS1000-0704","aanvullende genres","spanning","","Aanvullende genres opnieuw inhoudelijk afgewogen; uitsluitend canonieke genres, doelgroep en werkvorm blijven afzonderlijk."
"LS1000-0705","hoofdcategorie NL","Misdaad & thriller","Detectives & misdaadfictie","Inhoudelijke AI-herbeoordeling van dit werk; geen auteur-/titelwoordregel."
"LS1000-0705","hoofdcategorie EN","Crime & Thriller","Mystery & Crime Fiction","NL/EN verwijzen naar dezelfde categorie-ID."
"LS1000-0705","classificatiebasis","AI_KENNIS","AI_KENNIS_HERBEOORDEELD","Redactionele AI-indeling; geen HIGH-evidence of menselijke beoordeling."
"LS1000-0705","aanvullende genres","mysterie","","Aanvullende genres opnieuw inhoudelijk afgewogen; uitsluitend canonieke genres, doelgroep en werkvorm blijven afzonderlijk."
"LS1000-0706","hoofdcategorie NL","Misdaad & thriller","Thrillers & spanning","Canoniek categoriemodel en stabiele NL/EN-labels."
"LS1000-0706","hoofdcategorie EN","Crime & Thriller","Thrillers & Suspense","NL/EN verwijzen naar dezelfde categorie-ID."
"LS1000-0706","classificatiebasis","AI_KENNIS","AI_KENNIS_HERBEOORDEELD","Redactionele AI-indeling; geen HIGH-evidence of menselijke beoordeling."
"LS1000-0706","aanvullende genres","spanning","","Aanvullende genres opnieuw inhoudelijk afgewogen; uitsluitend canonieke genres, doelgroep en werkvorm blijven afzonderlijk."
"LS1000-0707","hoofdcategorie NL","Misdaad & thriller","Thrillers & spanning","Canoniek categoriemodel en stabiele NL/EN-labels."
"LS1000-0707","hoofdcategorie EN","Crime & Thriller","Thrillers & Suspense","NL/EN verwijzen naar dezelfde categorie-ID."
"LS1000-0707","classificatiebasis","AI_KENNIS","AI_KENNIS_HERBEOORDEELD","Redactionele AI-indeling; geen HIGH-evidence of menselijke beoordeling."
"LS1000-0707","aanvullende genres","spanning","","Aanvullende genres opnieuw inhoudelijk afgewogen; uitsluitend canonieke genres, doelgroep en werkvorm blijven afzonderlijk."
"LS1000-0708","hoofdcategorie NL","Misdaad & thriller","Romantiek","Inhoudelijke AI-herbeoordeling van dit werk; geen auteur-/titelwoordregel."
"LS1000-0708","hoofdcategorie EN","Crime & Thriller","Romance","NL/EN verwijzen naar dezelfde categorie-ID."
"LS1000-0708","classificatiebasis","AI_KENNIS","AI_KENNIS_HERBEOORDEELD","Redactionele AI-indeling; geen HIGH-evidence of menselijke beoordeling."
"LS1000-0708","aanvullende genres","spanning","Thrillers & spanning","Aanvullende genres opnieuw inhoudelijk afgewogen; uitsluitend canonieke genres, doelgroep en werkvorm blijven afzonderlijk."
"LS1000-0709","hoofdcategorie NL","Misdaad & thriller","Detectives & misdaadfictie","Inhoudelijke AI-herbeoordeling van dit werk; geen auteur-/titelwoordregel."
"LS1000-0709","hoofdcategorie EN","Crime & Thriller","Mystery & Crime Fiction","NL/EN verwijzen naar dezelfde categorie-ID."
"LS1000-0709","classificatiebasis","AI_KENNIS","AI_KENNIS_HERBEOORDEELD","Redactionele AI-indeling; geen HIGH-evidence of menselijke beoordeling."
"LS1000-0709","aanvullende genres","mysterie","","Aanvullende genres opnieuw inhoudelijk afgewogen; uitsluitend canonieke genres, doelgroep en werkvorm blijven afzonderlijk."
"LS1000-0710","hoofdcategorie NL","Misdaad & thriller","Detectives & misdaadfictie","Inhoudelijke AI-herbeoordeling van dit werk; geen auteur-/titelwoordregel."
"LS1000-0710","hoofdcategorie EN","Crime & Thriller","Mystery & Crime Fiction","NL/EN verwijzen naar dezelfde categorie-ID."
"LS1000-0710","oorspronkelijke publicatiejaar","1857","2005","AI-bibliografische correctie: oorspronkelijke publicatie in plaats van onjuist bron-/editiejaar; geen wijziging bestaand databasejaar."
"LS1000-0710","beschikbare ISBN- of Work-identifiers","Open Library Work: OL167173W; ISBN-13: 9780466619035","Open Library Work: OL167173W","Ongeldige ISBN-checksum verwijderd; oorspronkelijke waarde: 9780466619035"
"LS1000-0710","classificatiebasis","AI_KENNIS","AI_KENNIS_HERBEOORDEELD","Redactionele AI-indeling; geen HIGH-evidence of menselijke beoordeling."
"LS1000-0710","aanvullende genres","mysterie","","Aanvullende genres opnieuw inhoudelijk afgewogen; uitsluitend canonieke genres, doelgroep en werkvorm blijven afzonderlijk."
"LS1000-0711","hoofdcategorie NL","Misdaad & thriller","Waargebeurde misdaad","Inhoudelijke AI-herbeoordeling van dit werk; geen auteur-/titelwoordregel."
"LS1000-0711","hoofdcategorie EN","Crime & Thriller","True Crime","NL/EN verwijzen naar dezelfde categorie-ID."
"LS1000-0711","classificatiebasis","AI_KENNIS","AI_KENNIS_HERBEOORDEELD","Redactionele AI-indeling; geen HIGH-evidence of menselijke beoordeling."
"LS1000-0711","aanvullende genres","spanning","","Aanvullende genres opnieuw inhoudelijk afgewogen; uitsluitend canonieke genres, doelgroep en werkvorm blijven afzonderlijk."
"LS1000-0712","hoofdcategorie NL","Misdaad & thriller","Thrillers & spanning","Canoniek categoriemodel en stabiele NL/EN-labels."
"LS1000-0712","hoofdcategorie EN","Crime & Thriller","Thrillers & Suspense","NL/EN verwijzen naar dezelfde categorie-ID."
"LS1000-0712","oorspronkelijke publicatiejaar","1918","1919","AI-bibliografische correctie: oorspronkelijke publicatie in plaats van onjuist bron-/editiejaar; geen wijziging bestaand databasejaar."
"LS1000-0712","classificatiebasis","AI_KENNIS; WEB_GECONTROLEERD","AI_KENNIS_HERBEOORDEELD","Redactionele AI-indeling; geen HIGH-evidence of menselijke beoordeling."
"LS1000-0712","aanvullende genres","spanning","","Aanvullende genres opnieuw inhoudelijk afgewogen; uitsluitend canonieke genres, doelgroep en werkvorm blijven afzonderlijk."
"LS1000-0713","hoofdcategorie NL","Misdaad & thriller","Detectives & misdaadfictie","Inhoudelijke AI-herbeoordeling van dit werk; geen auteur-/titelwoordregel."
"LS1000-0713","hoofdcategorie EN","Crime & Thriller","Mystery & Crime Fiction","NL/EN verwijzen naar dezelfde categorie-ID."
"LS1000-0713","classificatiebasis","AI_KENNIS","AI_KENNIS_HERBEOORDEELD","Redactionele AI-indeling; geen HIGH-evidence of menselijke beoordeling."
"LS1000-0713","aanvullende genres","mysterie","","Aanvullende genres opnieuw inhoudelijk afgewogen; uitsluitend canonieke genres, doelgroep en werkvorm blijven afzonderlijk."
"LS1000-0714","hoofdcategorie NL","Misdaad & thriller","Detectives & misdaadfictie","Inhoudelijke AI-herbeoordeling van dit werk; geen auteur-/titelwoordregel."
"LS1000-0714","hoofdcategorie EN","Crime & Thriller","Mystery & Crime Fiction","NL/EN verwijzen naar dezelfde categorie-ID."
"LS1000-0714","oorspronkelijke publicatiejaar","1933","1934","AI-bibliografische correctie: oorspronkelijke publicatie in plaats van onjuist bron-/editiejaar; geen wijziging bestaand databasejaar."
"LS1000-0714","classificatiebasis","AI_KENNIS","AI_KENNIS_HERBEOORDEELD","Redactionele AI-indeling; geen HIGH-evidence of menselijke beoordeling."
"LS1000-0714","aanvullende genres","mysterie","","Aanvullende genres opnieuw inhoudelijk afgewogen; uitsluitend canonieke genres, doelgroep en werkvorm blijven afzonderlijk."
"LS1000-0715","hoofdcategorie NL","Misdaad & thriller","Detectives & misdaadfictie","Inhoudelijke AI-herbeoordeling van dit werk; geen auteur-/titelwoordregel."
"LS1000-0715","hoofdcategorie EN","Crime & Thriller","Mystery & Crime Fiction","NL/EN verwijzen naar dezelfde categorie-ID."
"LS1000-0715","classificatiebasis","AI_KENNIS","AI_KENNIS_HERBEOORDEELD","Redactionele AI-indeling; geen HIGH-evidence of menselijke beoordeling."
"LS1000-0715","aanvullende genres","mysterie","","Aanvullende genres opnieuw inhoudelijk afgewogen; uitsluitend canonieke genres, doelgroep en werkvorm blijven afzonderlijk."
"LS1000-0716","hoofdcategorie NL","Misdaad & thriller","Thrillers & spanning","Canoniek categoriemodel en stabiele NL/EN-labels."
"LS1000-0716","hoofdcategorie EN","Crime & Thriller","Thrillers & Suspense","NL/EN verwijzen naar dezelfde categorie-ID."
"LS1000-0716","classificatiebasis","AI_KENNIS","AI_KENNIS_HERBEOORDEELD","Redactionele AI-indeling; geen HIGH-evidence of menselijke beoordeling."
"LS1000-0716","aanvullende genres","spanning","","Aanvullende genres opnieuw inhoudelijk afgewogen; uitsluitend canonieke genres, doelgroep en werkvorm blijven afzonderlijk."
"LS1000-0717","hoofdcategorie NL","Misdaad & thriller","Detectives & misdaadfictie","Inhoudelijke AI-herbeoordeling van dit werk; geen auteur-/titelwoordregel."
"LS1000-0717","hoofdcategorie EN","Crime & Thriller","Mystery & Crime Fiction","NL/EN verwijzen naar dezelfde categorie-ID."
"LS1000-0717","classificatiebasis","AI_KENNIS; WEB_GECONTROLEERD","AI_KENNIS_HERBEOORDEELD","Redactionele AI-indeling; geen HIGH-evidence of menselijke beoordeling."
"LS1000-0717","aanvullende genres","mysterie","","Aanvullende genres opnieuw inhoudelijk afgewogen; uitsluitend canonieke genres, doelgroep en werkvorm blijven afzonderlijk."
"LS1000-0718","hoofdcategorie NL","Misdaad & thriller","Thrillers & spanning","Canoniek categoriemodel en stabiele NL/EN-labels."
"LS1000-0718","hoofdcategorie EN","Crime & Thriller","Thrillers & Suspense","NL/EN verwijzen naar dezelfde categorie-ID."
"LS1000-0718","classificatiebasis","AI_KENNIS","AI_KENNIS_HERBEOORDEELD","Redactionele AI-indeling; geen HIGH-evidence of menselijke beoordeling."
"LS1000-0718","aanvullende genres","mysterie","","Aanvullende genres opnieuw inhoudelijk afgewogen; uitsluitend canonieke genres, doelgroep en werkvorm blijven afzonderlijk."
"LS1000-0719","hoofdcategorie NL","Misdaad & thriller","Thrillers & spanning","Canoniek categoriemodel en stabiele NL/EN-labels."
"LS1000-0719","hoofdcategorie EN","Crime & Thriller","Thrillers & Suspense","NL/EN verwijzen naar dezelfde categorie-ID."
"LS1000-0719","classificatiebasis","AI_KENNIS","AI_KENNIS_HERBEOORDEELD","Redactionele AI-indeling; geen HIGH-evidence of menselijke beoordeling."
"LS1000-0719","aanvullende genres","mysterie","","Aanvullende genres opnieuw inhoudelijk afgewogen; uitsluitend canonieke genres, doelgroep en werkvorm blijven afzonderlijk."
"LS1000-0720","hoofdcategorie NL","Misdaad & thriller","Thrillers & spanning","Canoniek categoriemodel en stabiele NL/EN-labels."
"LS1000-0720","hoofdcategorie EN","Crime & Thriller","Thrillers & Suspense","NL/EN verwijzen naar dezelfde categorie-ID."
"LS1000-0720","classificatiebasis","AI_KENNIS","AI_KENNIS_HERBEOORDEELD","Redactionele AI-indeling; geen HIGH-evidence of menselijke beoordeling."
"LS1000-0720","aanvullende genres","spanning","","Aanvullende genres opnieuw inhoudelijk afgewogen; uitsluitend canonieke genres, doelgroep en werkvorm blijven afzonderlijk."
"LS1000-0721","hoofdcategorie NL","Misdaad & thriller","Detectives & misdaadfictie","Inhoudelijke AI-herbeoordeling van dit werk; geen auteur-/titelwoordregel."
"LS1000-0721","hoofdcategorie EN","Crime & Thriller","Mystery & Crime Fiction","NL/EN verwijzen naar dezelfde categorie-ID."
"LS1000-0721","classificatiebasis","AI_KENNIS","AI_KENNIS_HERBEOORDEELD","Redactionele AI-indeling; geen HIGH-evidence of menselijke beoordeling."
"LS1000-0721","aanvullende genres","mysterie","","Aanvullende genres opnieuw inhoudelijk afgewogen; uitsluitend canonieke genres, doelgroep en werkvorm blijven afzonderlijk."
"LS1000-0722","hoofdcategorie NL","Misdaad & thriller","Thrillers & spanning","Canoniek categoriemodel en stabiele NL/EN-labels."
"LS1000-0722","hoofdcategorie EN","Crime & Thriller","Thrillers & Suspense","NL/EN verwijzen naar dezelfde categorie-ID."
"LS1000-0722","classificatiebasis","AI_KENNIS","AI_KENNIS_HERBEOORDEELD","Redactionele AI-indeling; geen HIGH-evidence of menselijke beoordeling."
"LS1000-0722","aanvullende genres","spanning","","Aanvullende genres opnieuw inhoudelijk afgewogen; uitsluitend canonieke genres, doelgroep en werkvorm blijven afzonderlijk."
"LS1000-0723","hoofdcategorie NL","Misdaad & thriller","Thrillers & spanning","Canoniek categoriemodel en stabiele NL/EN-labels."
"LS1000-0723","hoofdcategorie EN","Crime & Thriller","Thrillers & Suspense","NL/EN verwijzen naar dezelfde categorie-ID."
"LS1000-0723","oorspronkelijke publicatiejaar","2013","2017","AI-bibliografische correctie: oorspronkelijke publicatie in plaats van onjuist bron-/editiejaar; geen wijziging bestaand databasejaar."
"LS1000-0723","classificatiebasis","AI_KENNIS","AI_KENNIS_HERBEOORDEELD","Redactionele AI-indeling; geen HIGH-evidence of menselijke beoordeling."
"LS1000-0723","aanvullende genres","spanning","","Aanvullende genres opnieuw inhoudelijk afgewogen; uitsluitend canonieke genres, doelgroep en werkvorm blijven afzonderlijk."
"LS1000-0724","hoofdcategorie NL","Misdaad & thriller","Detectives & misdaadfictie","Inhoudelijke AI-herbeoordeling van dit werk; geen auteur-/titelwoordregel."
"LS1000-0724","hoofdcategorie EN","Crime & Thriller","Mystery & Crime Fiction","NL/EN verwijzen naar dezelfde categorie-ID."
"LS1000-0724","classificatiebasis","AI_KENNIS","AI_KENNIS_HERBEOORDEELD","Redactionele AI-indeling; geen HIGH-evidence of menselijke beoordeling."
"LS1000-0724","aanvullende genres","mysterie","","Aanvullende genres opnieuw inhoudelijk afgewogen; uitsluitend canonieke genres, doelgroep en werkvorm blijven afzonderlijk."
"LS1000-0725","hoofdcategorie NL","Misdaad & thriller","Thrillers & spanning","Canoniek categoriemodel en stabiele NL/EN-labels."
"LS1000-0725","hoofdcategorie EN","Crime & Thriller","Thrillers & Suspense","NL/EN verwijzen naar dezelfde categorie-ID."
"LS1000-0725","classificatiebasis","AI_KENNIS","AI_KENNIS_HERBEOORDEELD","Redactionele AI-indeling; geen HIGH-evidence of menselijke beoordeling."
"LS1000-0725","aanvullende genres","mysterie","","Aanvullende genres opnieuw inhoudelijk afgewogen; uitsluitend canonieke genres, doelgroep en werkvorm blijven afzonderlijk."
"LS1000-0726","hoofdcategorie NL","Misdaad & thriller","Thrillers & spanning","Canoniek categoriemodel en stabiele NL/EN-labels."
"LS1000-0726","hoofdcategorie EN","Crime & Thriller","Thrillers & Suspense","NL/EN verwijzen naar dezelfde categorie-ID."
"LS1000-0726","classificatiebasis","AI_KENNIS","AI_KENNIS_HERBEOORDEELD","Redactionele AI-indeling; geen HIGH-evidence of menselijke beoordeling."
"LS1000-0726","aanvullende genres","spanning","","Aanvullende genres opnieuw inhoudelijk afgewogen; uitsluitend canonieke genres, doelgroep en werkvorm blijven afzonderlijk."
"LS1000-0727","hoofdcategorie NL","Misdaad & thriller","Thrillers & spanning","Canoniek categoriemodel en stabiele NL/EN-labels."
"LS1000-0727","hoofdcategorie EN","Crime & Thriller","Thrillers & Suspense","NL/EN verwijzen naar dezelfde categorie-ID."
"LS1000-0727","classificatiebasis","AI_KENNIS","AI_KENNIS_HERBEOORDEELD","Redactionele AI-indeling; geen HIGH-evidence of menselijke beoordeling."
"LS1000-0727","aanvullende genres","spanning","","Aanvullende genres opnieuw inhoudelijk afgewogen; uitsluitend canonieke genres, doelgroep en werkvorm blijven afzonderlijk."
"LS1000-0728","hoofdcategorie NL","Misdaad & thriller","Thrillers & spanning","Canoniek categoriemodel en stabiele NL/EN-labels."
"LS1000-0728","hoofdcategorie EN","Crime & Thriller","Thrillers & Suspense","NL/EN verwijzen naar dezelfde categorie-ID."
"LS1000-0728","classificatiebasis","AI_KENNIS","AI_KENNIS_HERBEOORDEELD","Redactionele AI-indeling; geen HIGH-evidence of menselijke beoordeling."
"LS1000-0728","aanvullende genres","spanning","","Aanvullende genres opnieuw inhoudelijk afgewogen; uitsluitend canonieke genres, doelgroep en werkvorm blijven afzonderlijk."
"LS1000-0729","hoofdcategorie NL","Misdaad & thriller","Romantiek","Inhoudelijke AI-herbeoordeling van dit werk; geen auteur-/titelwoordregel."
"LS1000-0729","hoofdcategorie EN","Crime & Thriller","Romance","NL/EN verwijzen naar dezelfde categorie-ID."
"LS1000-0729","classificatiebasis","AI_KENNIS","AI_KENNIS_HERBEOORDEELD","Redactionele AI-indeling; geen HIGH-evidence of menselijke beoordeling."
"LS1000-0729","aanvullende genres","spanning","","Aanvullende genres opnieuw inhoudelijk afgewogen; uitsluitend canonieke genres, doelgroep en werkvorm blijven afzonderlijk."
"LS1000-0730","hoofdcategorie NL","Misdaad & thriller","Thrillers & spanning","Canoniek categoriemodel en stabiele NL/EN-labels."
"LS1000-0730","hoofdcategorie EN","Crime & Thriller","Thrillers & Suspense","NL/EN verwijzen naar dezelfde categorie-ID."
"LS1000-0730","classificatiebasis","AI_KENNIS","AI_KENNIS_HERBEOORDEELD","Redactionele AI-indeling; geen HIGH-evidence of menselijke beoordeling."
"LS1000-0730","aanvullende genres","spanning","","Aanvullende genres opnieuw inhoudelijk afgewogen; uitsluitend canonieke genres, doelgroep en werkvorm blijven afzonderlijk."
"LS1000-0731","hoofdcategorie NL","Misdaad & thriller","Thrillers & spanning","Canoniek categoriemodel en stabiele NL/EN-labels."
"LS1000-0731","hoofdcategorie EN","Crime & Thriller","Thrillers & Suspense","NL/EN verwijzen naar dezelfde categorie-ID."
"LS1000-0731","classificatiebasis","AI_KENNIS","AI_KENNIS_HERBEOORDEELD","Redactionele AI-indeling; geen HIGH-evidence of menselijke beoordeling."
"LS1000-0731","aanvullende genres","spanning","","Aanvullende genres opnieuw inhoudelijk afgewogen; uitsluitend canonieke genres, doelgroep en werkvorm blijven afzonderlijk."
"LS1000-0732","hoofdcategorie NL","Misdaad & thriller","Detectives & misdaadfictie","Inhoudelijke AI-herbeoordeling van dit werk; geen auteur-/titelwoordregel."
"LS1000-0732","hoofdcategorie EN","Crime & Thriller","Mystery & Crime Fiction","NL/EN verwijzen naar dezelfde categorie-ID."
"LS1000-0732","classificatiebasis","AI_KENNIS","AI_KENNIS_HERBEOORDEELD","Redactionele AI-indeling; geen HIGH-evidence of menselijke beoordeling."
"LS1000-0732","aanvullende genres","mysterie","","Aanvullende genres opnieuw inhoudelijk afgewogen; uitsluitend canonieke genres, doelgroep en werkvorm blijven afzonderlijk."
"LS1000-0733","hoofdcategorie NL","Misdaad & thriller","Detectives & misdaadfictie","Inhoudelijke AI-herbeoordeling van dit werk; geen auteur-/titelwoordregel."
"LS1000-0733","hoofdcategorie EN","Crime & Thriller","Mystery & Crime Fiction","NL/EN verwijzen naar dezelfde categorie-ID."
"LS1000-0733","oorspronkelijke publicatiejaar","1922","","Exact oorspronkelijk publicatiejaar onvoldoende vastgesteld; niet afleiden van editie/ontstaan."
"LS1000-0733","classificatiebasis","AI_KENNIS; WEB_GECONTROLEERD","AI_KENNIS_HERBEOORDEELD","Redactionele AI-indeling; geen HIGH-evidence of menselijke beoordeling."
"LS1000-0733","aanvullende genres","mysterie","","Aanvullende genres opnieuw inhoudelijk afgewogen; uitsluitend canonieke genres, doelgroep en werkvorm blijven afzonderlijk."
"LS1000-0734","hoofdcategorie NL","Misdaad & thriller","Thrillers & spanning","Canoniek categoriemodel en stabiele NL/EN-labels."
"LS1000-0734","hoofdcategorie EN","Crime & Thriller","Thrillers & Suspense","NL/EN verwijzen naar dezelfde categorie-ID."
"LS1000-0734","oorspronkelijke publicatiejaar","2011","2005","AI-bibliografische correctie: oorspronkelijke publicatie in plaats van onjuist bron-/editiejaar; geen wijziging bestaand databasejaar."
"LS1000-0734","classificatiebasis","AI_KENNIS","AI_KENNIS_HERBEOORDEELD","Redactionele AI-indeling; geen HIGH-evidence of menselijke beoordeling."
"LS1000-0734","aanvullende genres","spanning","","Aanvullende genres opnieuw inhoudelijk afgewogen; uitsluitend canonieke genres, doelgroep en werkvorm blijven afzonderlijk."
"LS1000-0735","hoofdcategorie NL","Misdaad & thriller","Thrillers & spanning","Canoniek categoriemodel en stabiele NL/EN-labels."
"LS1000-0735","hoofdcategorie EN","Crime & Thriller","Thrillers & Suspense","NL/EN verwijzen naar dezelfde categorie-ID."
"LS1000-0735","classificatiebasis","AI_KENNIS","AI_KENNIS_HERBEOORDEELD","Redactionele AI-indeling; geen HIGH-evidence of menselijke beoordeling."
"LS1000-0735","aanvullende genres","spanning","","Aanvullende genres opnieuw inhoudelijk afgewogen; uitsluitend canonieke genres, doelgroep en werkvorm blijven afzonderlijk."
"LS1000-0736","hoofdcategorie NL","Misdaad & thriller","Waargebeurde misdaad","Inhoudelijke AI-herbeoordeling van dit werk; geen auteur-/titelwoordregel."
"LS1000-0736","hoofdcategorie EN","Crime & Thriller","True Crime","NL/EN verwijzen naar dezelfde categorie-ID."
"LS1000-0736","classificatiebasis","AI_KENNIS","AI_KENNIS_HERBEOORDEELD","Redactionele AI-indeling; geen HIGH-evidence of menselijke beoordeling."
"LS1000-0736","aanvullende genres","spanning","","Aanvullende genres opnieuw inhoudelijk afgewogen; uitsluitend canonieke genres, doelgroep en werkvorm blijven afzonderlijk."
"LS1000-0737","hoofdcategorie NL","Misdaad & thriller","Thrillers & spanning","Canoniek categoriemodel en stabiele NL/EN-labels."
"LS1000-0737","hoofdcategorie EN","Crime & Thriller","Thrillers & Suspense","NL/EN verwijzen naar dezelfde categorie-ID."
"LS1000-0737","classificatiebasis","AI_KENNIS","AI_KENNIS_HERBEOORDEELD","Redactionele AI-indeling; geen HIGH-evidence of menselijke beoordeling."
"LS1000-0737","aanvullende genres","spanning","","Aanvullende genres opnieuw inhoudelijk afgewogen; uitsluitend canonieke genres, doelgroep en werkvorm blijven afzonderlijk."
"LS1000-0738","hoofdcategorie NL","Misdaad & thriller","Thrillers & spanning","Canoniek categoriemodel en stabiele NL/EN-labels."
"LS1000-0738","hoofdcategorie EN","Crime & Thriller","Thrillers & Suspense","NL/EN verwijzen naar dezelfde categorie-ID."
"LS1000-0738","classificatiebasis","AI_KENNIS","AI_KENNIS_HERBEOORDEELD","Redactionele AI-indeling; geen HIGH-evidence of menselijke beoordeling."
"LS1000-0738","aanvullende genres","spanning","","Aanvullende genres opnieuw inhoudelijk afgewogen; uitsluitend canonieke genres, doelgroep en werkvorm blijven afzonderlijk."
"LS1000-0739","hoofdcategorie NL","Misdaad & thriller","Detectives & misdaadfictie","Inhoudelijke AI-herbeoordeling van dit werk; geen auteur-/titelwoordregel."
"LS1000-0739","hoofdcategorie EN","Crime & Thriller","Mystery & Crime Fiction","NL/EN verwijzen naar dezelfde categorie-ID."
"LS1000-0739","classificatiebasis","AI_KENNIS","AI_KENNIS_HERBEOORDEELD","Redactionele AI-indeling; geen HIGH-evidence of menselijke beoordeling."
"LS1000-0739","aanvullende genres","mysterie","","Aanvullende genres opnieuw inhoudelijk afgewogen; uitsluitend canonieke genres, doelgroep en werkvorm blijven afzonderlijk."
"LS1000-0740","hoofdcategorie NL","Misdaad & thriller","Thrillers & spanning","Canoniek categoriemodel en stabiele NL/EN-labels."
"LS1000-0740","hoofdcategorie EN","Crime & Thriller","Thrillers & Suspense","NL/EN verwijzen naar dezelfde categorie-ID."
"LS1000-0740","classificatiebasis","AI_KENNIS","AI_KENNIS_HERBEOORDEELD","Redactionele AI-indeling; geen HIGH-evidence of menselijke beoordeling."
"LS1000-0740","aanvullende genres","spanning","","Aanvullende genres opnieuw inhoudelijk afgewogen; uitsluitend canonieke genres, doelgroep en werkvorm blijven afzonderlijk."
"LS1000-0741","hoofdcategorie NL","Misdaad & thriller","Thrillers & spanning","Canoniek categoriemodel en stabiele NL/EN-labels."
"LS1000-0741","hoofdcategorie EN","Crime & Thriller","Thrillers & Suspense","NL/EN verwijzen naar dezelfde categorie-ID."
"LS1000-0741","classificatiebasis","AI_KENNIS","AI_KENNIS_HERBEOORDEELD","Redactionele AI-indeling; geen HIGH-evidence of menselijke beoordeling."
"LS1000-0741","aanvullende genres","spanning","","Aanvullende genres opnieuw inhoudelijk afgewogen; uitsluitend canonieke genres, doelgroep en werkvorm blijven afzonderlijk."
"LS1000-0742","hoofdcategorie NL","Misdaad & thriller","Waargebeurde misdaad","Inhoudelijke AI-herbeoordeling van dit werk; geen auteur-/titelwoordregel."
"LS1000-0742","hoofdcategorie EN","Crime & Thriller","True Crime","NL/EN verwijzen naar dezelfde categorie-ID."
"LS1000-0742","classificatiebasis","AI_KENNIS","AI_KENNIS_HERBEOORDEELD","Redactionele AI-indeling; geen HIGH-evidence of menselijke beoordeling."
"LS1000-0742","aanvullende genres","spanning","","Aanvullende genres opnieuw inhoudelijk afgewogen; uitsluitend canonieke genres, doelgroep en werkvorm blijven afzonderlijk."
"LS1000-0743","hoofdcategorie NL","Misdaad & thriller","Literaire & algemene fictie","Inhoudelijke AI-herbeoordeling van dit werk; geen auteur-/titelwoordregel."
"LS1000-0743","hoofdcategorie EN","Crime & Thriller","Literary & General Fiction","NL/EN verwijzen naar dezelfde categorie-ID."
"LS1000-0743","classificatiebasis","AI_KENNIS","AI_KENNIS_HERBEOORDEELD","Redactionele AI-indeling; geen HIGH-evidence of menselijke beoordeling."
"LS1000-0743","aanvullende genres","spanning","","Aanvullende genres opnieuw inhoudelijk afgewogen; uitsluitend canonieke genres, doelgroep en werkvorm blijven afzonderlijk."
"LS1000-0744","hoofdcategorie NL","Misdaad & thriller","Thrillers & spanning","Canoniek categoriemodel en stabiele NL/EN-labels."
"LS1000-0744","hoofdcategorie EN","Crime & Thriller","Thrillers & Suspense","NL/EN verwijzen naar dezelfde categorie-ID."
"LS1000-0744","classificatiebasis","AI_KENNIS","AI_KENNIS_HERBEOORDEELD","Redactionele AI-indeling; geen HIGH-evidence of menselijke beoordeling."
"LS1000-0744","aanvullende genres","mysterie","","Aanvullende genres opnieuw inhoudelijk afgewogen; uitsluitend canonieke genres, doelgroep en werkvorm blijven afzonderlijk."
"LS1000-0745","hoofdcategorie NL","Misdaad & thriller","Thrillers & spanning","Canoniek categoriemodel en stabiele NL/EN-labels."
"LS1000-0745","hoofdcategorie EN","Crime & Thriller","Thrillers & Suspense","NL/EN verwijzen naar dezelfde categorie-ID."
"LS1000-0745","oorspronkelijke publicatiejaar","2004","2003","AI-bibliografische correctie: oorspronkelijke publicatie in plaats van onjuist bron-/editiejaar; geen wijziging bestaand databasejaar."
"LS1000-0745","classificatiebasis","AI_KENNIS","AI_KENNIS_HERBEOORDEELD","Redactionele AI-indeling; geen HIGH-evidence of menselijke beoordeling."
"LS1000-0745","aanvullende genres","spanning","","Aanvullende genres opnieuw inhoudelijk afgewogen; uitsluitend canonieke genres, doelgroep en werkvorm blijven afzonderlijk."
"LS1000-0746","hoofdcategorie NL","Misdaad & thriller","Thrillers & spanning","Canoniek categoriemodel en stabiele NL/EN-labels."
"LS1000-0746","hoofdcategorie EN","Crime & Thriller","Thrillers & Suspense","NL/EN verwijzen naar dezelfde categorie-ID."
"LS1000-0746","classificatiebasis","AI_KENNIS","AI_KENNIS_HERBEOORDEELD","Redactionele AI-indeling; geen HIGH-evidence of menselijke beoordeling."
"LS1000-0746","aanvullende genres","mysterie","","Aanvullende genres opnieuw inhoudelijk afgewogen; uitsluitend canonieke genres, doelgroep en werkvorm blijven afzonderlijk."
"LS1000-0747","hoofdcategorie NL","Misdaad & thriller","Waargebeurde misdaad","Inhoudelijke AI-herbeoordeling van dit werk; geen auteur-/titelwoordregel."
"LS1000-0747","hoofdcategorie EN","Crime & Thriller","True Crime","NL/EN verwijzen naar dezelfde categorie-ID."
"LS1000-0747","classificatiebasis","AI_KENNIS","AI_KENNIS_HERBEOORDEELD","Redactionele AI-indeling; geen HIGH-evidence of menselijke beoordeling."
"LS1000-0747","aanvullende genres","spanning","","Aanvullende genres opnieuw inhoudelijk afgewogen; uitsluitend canonieke genres, doelgroep en werkvorm blijven afzonderlijk."
"LS1000-0748","hoofdcategorie NL","Misdaad & thriller","Thrillers & spanning","Canoniek categoriemodel en stabiele NL/EN-labels."
"LS1000-0748","hoofdcategorie EN","Crime & Thriller","Thrillers & Suspense","NL/EN verwijzen naar dezelfde categorie-ID."
"LS1000-0748","classificatiebasis","AI_KENNIS","AI_KENNIS_HERBEOORDEELD","Redactionele AI-indeling; geen HIGH-evidence of menselijke beoordeling."
"LS1000-0748","aanvullende genres","mysterie","","Aanvullende genres opnieuw inhoudelijk afgewogen; uitsluitend canonieke genres, doelgroep en werkvorm blijven afzonderlijk."
"LS1000-0749","hoofdcategorie NL","Misdaad & thriller","Thrillers & spanning","Canoniek categoriemodel en stabiele NL/EN-labels."
"LS1000-0749","hoofdcategorie EN","Crime & Thriller","Thrillers & Suspense","NL/EN verwijzen naar dezelfde categorie-ID."
"LS1000-0749","oorspronkelijke publicatiejaar","2001","2003","AI-bibliografische correctie: oorspronkelijke publicatie in plaats van onjuist bron-/editiejaar; geen wijziging bestaand databasejaar."
"LS1000-0749","classificatiebasis","AI_KENNIS","AI_KENNIS_HERBEOORDEELD","Redactionele AI-indeling; geen HIGH-evidence of menselijke beoordeling."
"LS1000-0749","aanvullende genres","mysterie","","Aanvullende genres opnieuw inhoudelijk afgewogen; uitsluitend canonieke genres, doelgroep en werkvorm blijven afzonderlijk."
"LS1000-0750","hoofdcategorie NL","Misdaad & thriller","Detectives & misdaadfictie","Inhoudelijke AI-herbeoordeling van dit werk; geen auteur-/titelwoordregel."
"LS1000-0750","hoofdcategorie EN","Crime & Thriller","Mystery & Crime Fiction","NL/EN verwijzen naar dezelfde categorie-ID."
"LS1000-0750","classificatiebasis","AI_KENNIS","AI_KENNIS_HERBEOORDEELD","Redactionele AI-indeling; geen HIGH-evidence of menselijke beoordeling."
"LS1000-0750","aanvullende genres","mysterie","","Aanvullende genres opnieuw inhoudelijk afgewogen; uitsluitend canonieke genres, doelgroep en werkvorm blijven afzonderlijk."
"LS1000-0751","hoofdcategorie NL","Misdaad & thriller","Detectives & misdaadfictie","Inhoudelijke AI-herbeoordeling van dit werk; geen auteur-/titelwoordregel."
"LS1000-0751","hoofdcategorie EN","Crime & Thriller","Mystery & Crime Fiction","NL/EN verwijzen naar dezelfde categorie-ID."
"LS1000-0751","classificatiebasis","AI_KENNIS","AI_KENNIS_HERBEOORDEELD","Redactionele AI-indeling; geen HIGH-evidence of menselijke beoordeling."
"LS1000-0751","aanvullende genres","mysterie","","Aanvullende genres opnieuw inhoudelijk afgewogen; uitsluitend canonieke genres, doelgroep en werkvorm blijven afzonderlijk."
"LS1000-0752","hoofdcategorie NL","Misdaad & thriller","Detectives & misdaadfictie","Inhoudelijke AI-herbeoordeling van dit werk; geen auteur-/titelwoordregel."
"LS1000-0752","hoofdcategorie EN","Crime & Thriller","Mystery & Crime Fiction","NL/EN verwijzen naar dezelfde categorie-ID."
"LS1000-0752","oorspronkelijke publicatiejaar","1996","1997","AI-bibliografische correctie: oorspronkelijke publicatie in plaats van onjuist bron-/editiejaar; geen wijziging bestaand databasejaar."
"LS1000-0752","classificatiebasis","AI_KENNIS","AI_KENNIS_HERBEOORDEELD","Redactionele AI-indeling; geen HIGH-evidence of menselijke beoordeling."
"LS1000-0752","aanvullende genres","mysterie","","Aanvullende genres opnieuw inhoudelijk afgewogen; uitsluitend canonieke genres, doelgroep en werkvorm blijven afzonderlijk."
"LS1000-0753","hoofdcategorie NL","Misdaad & thriller","Thrillers & spanning","Canoniek categoriemodel en stabiele NL/EN-labels."
"LS1000-0753","hoofdcategorie EN","Crime & Thriller","Thrillers & Suspense","NL/EN verwijzen naar dezelfde categorie-ID."
"LS1000-0753","classificatiebasis","AI_KENNIS","AI_KENNIS_HERBEOORDEELD","Redactionele AI-indeling; geen HIGH-evidence of menselijke beoordeling."
"LS1000-0753","aanvullende genres","spanning","","Aanvullende genres opnieuw inhoudelijk afgewogen; uitsluitend canonieke genres, doelgroep en werkvorm blijven afzonderlijk."
"LS1000-0754","hoofdcategorie NL","Misdaad & thriller","Detectives & misdaadfictie","Inhoudelijke AI-herbeoordeling van dit werk; geen auteur-/titelwoordregel."
"LS1000-0754","hoofdcategorie EN","Crime & Thriller","Mystery & Crime Fiction","NL/EN verwijzen naar dezelfde categorie-ID."
"LS1000-0754","classificatiebasis","AI_KENNIS; WEB_GECONTROLEERD","AI_KENNIS_HERBEOORDEELD","Redactionele AI-indeling; geen HIGH-evidence of menselijke beoordeling."
"LS1000-0754","aanvullende genres","mysterie","","Aanvullende genres opnieuw inhoudelijk afgewogen; uitsluitend canonieke genres, doelgroep en werkvorm blijven afzonderlijk."
"LS1000-0755","hoofdcategorie NL","Misdaad & thriller","Thrillers & spanning","Canoniek categoriemodel en stabiele NL/EN-labels."
"LS1000-0755","hoofdcategorie EN","Crime & Thriller","Thrillers & Suspense","NL/EN verwijzen naar dezelfde categorie-ID."
"LS1000-0755","classificatiebasis","AI_KENNIS","AI_KENNIS_HERBEOORDEELD","Redactionele AI-indeling; geen HIGH-evidence of menselijke beoordeling."
"LS1000-0755","aanvullende genres","mysterie","","Aanvullende genres opnieuw inhoudelijk afgewogen; uitsluitend canonieke genres, doelgroep en werkvorm blijven afzonderlijk."
"LS1000-0756","hoofdcategorie NL","Misdaad & thriller","Thrillers & spanning","Canoniek categoriemodel en stabiele NL/EN-labels."
"LS1000-0756","hoofdcategorie EN","Crime & Thriller","Thrillers & Suspense","NL/EN verwijzen naar dezelfde categorie-ID."
"LS1000-0756","classificatiebasis","AI_KENNIS","AI_KENNIS_HERBEOORDEELD","Redactionele AI-indeling; geen HIGH-evidence of menselijke beoordeling."
"LS1000-0756","aanvullende genres","spanning","","Aanvullende genres opnieuw inhoudelijk afgewogen; uitsluitend canonieke genres, doelgroep en werkvorm blijven afzonderlijk."
"LS1000-0757","hoofdcategorie NL","Misdaad & thriller","Thrillers & spanning","Canoniek categoriemodel en stabiele NL/EN-labels."
"LS1000-0757","hoofdcategorie EN","Crime & Thriller","Thrillers & Suspense","NL/EN verwijzen naar dezelfde categorie-ID."
"LS1000-0757","classificatiebasis","AI_KENNIS","AI_KENNIS_HERBEOORDEELD","Redactionele AI-indeling; geen HIGH-evidence of menselijke beoordeling."
"LS1000-0757","aanvullende genres","mysterie","","Aanvullende genres opnieuw inhoudelijk afgewogen; uitsluitend canonieke genres, doelgroep en werkvorm blijven afzonderlijk."
"LS1000-0758","hoofdcategorie NL","Misdaad & thriller","Wetenschap & natuur","Inhoudelijke AI-herbeoordeling van dit werk; geen auteur-/titelwoordregel."
"LS1000-0758","hoofdcategorie EN","Crime & Thriller","Science & Nature","NL/EN verwijzen naar dezelfde categorie-ID."
"LS1000-0758","classificatiebasis","AI_KENNIS","AI_KENNIS_HERBEOORDEELD","Redactionele AI-indeling; geen HIGH-evidence of menselijke beoordeling."
"LS1000-0758","aanvullende genres","mysterie","","Aanvullende genres opnieuw inhoudelijk afgewogen; uitsluitend canonieke genres, doelgroep en werkvorm blijven afzonderlijk."
"LS1000-0759","hoofdcategorie NL","Misdaad & thriller","Thrillers & spanning","Canoniek categoriemodel en stabiele NL/EN-labels."
"LS1000-0759","hoofdcategorie EN","Crime & Thriller","Thrillers & Suspense","NL/EN verwijzen naar dezelfde categorie-ID."
"LS1000-0759","classificatiebasis","AI_KENNIS","AI_KENNIS_HERBEOORDEELD","Redactionele AI-indeling; geen HIGH-evidence of menselijke beoordeling."
"LS1000-0759","aanvullende genres","mysterie","","Aanvullende genres opnieuw inhoudelijk afgewogen; uitsluitend canonieke genres, doelgroep en werkvorm blijven afzonderlijk."
"LS1000-0760","hoofdcategorie NL","Misdaad & thriller","Thrillers & spanning","Canoniek categoriemodel en stabiele NL/EN-labels."
"LS1000-0760","hoofdcategorie EN","Crime & Thriller","Thrillers & Suspense","NL/EN verwijzen naar dezelfde categorie-ID."
"LS1000-0760","classificatiebasis","AI_KENNIS","AI_KENNIS_HERBEOORDEELD","Redactionele AI-indeling; geen HIGH-evidence of menselijke beoordeling."
"LS1000-0760","aanvullende genres","mysterie","","Aanvullende genres opnieuw inhoudelijk afgewogen; uitsluitend canonieke genres, doelgroep en werkvorm blijven afzonderlijk."
"LS1000-0761","hoofdcategorie NL","Misdaad & thriller","Detectives & misdaadfictie","Inhoudelijke AI-herbeoordeling van dit werk; geen auteur-/titelwoordregel."
"LS1000-0761","hoofdcategorie EN","Crime & Thriller","Mystery & Crime Fiction","NL/EN verwijzen naar dezelfde categorie-ID."
"LS1000-0761","classificatiebasis","AI_KENNIS","AI_KENNIS_HERBEOORDEELD","Redactionele AI-indeling; geen HIGH-evidence of menselijke beoordeling."
"LS1000-0761","aanvullende genres","mysterie","","Aanvullende genres opnieuw inhoudelijk afgewogen; uitsluitend canonieke genres, doelgroep en werkvorm blijven afzonderlijk."
"LS1000-0762","hoofdcategorie NL","Misdaad & thriller","Detectives & misdaadfictie","Inhoudelijke AI-herbeoordeling van dit werk; geen auteur-/titelwoordregel."
"LS1000-0762","hoofdcategorie EN","Crime & Thriller","Mystery & Crime Fiction","NL/EN verwijzen naar dezelfde categorie-ID."
"LS1000-0762","classificatiebasis","AI_KENNIS","AI_KENNIS_HERBEOORDEELD","Redactionele AI-indeling; geen HIGH-evidence of menselijke beoordeling."
"LS1000-0762","aanvullende genres","mysterie","","Aanvullende genres opnieuw inhoudelijk afgewogen; uitsluitend canonieke genres, doelgroep en werkvorm blijven afzonderlijk."
"LS1000-0763","hoofdcategorie NL","Misdaad & thriller","Detectives & misdaadfictie","Inhoudelijke AI-herbeoordeling van dit werk; geen auteur-/titelwoordregel."
"LS1000-0763","hoofdcategorie EN","Crime & Thriller","Mystery & Crime Fiction","NL/EN verwijzen naar dezelfde categorie-ID."
"LS1000-0763","classificatiebasis","AI_KENNIS","AI_KENNIS_HERBEOORDEELD","Redactionele AI-indeling; geen HIGH-evidence of menselijke beoordeling."
"LS1000-0763","aanvullende genres","mysterie","","Aanvullende genres opnieuw inhoudelijk afgewogen; uitsluitend canonieke genres, doelgroep en werkvorm blijven afzonderlijk."
"LS1000-0764","hoofdcategorie NL","Misdaad & thriller","Detectives & misdaadfictie","Inhoudelijke AI-herbeoordeling van dit werk; geen auteur-/titelwoordregel."
"LS1000-0764","hoofdcategorie EN","Crime & Thriller","Mystery & Crime Fiction","NL/EN verwijzen naar dezelfde categorie-ID."
"LS1000-0764","classificatiebasis","AI_KENNIS","AI_KENNIS_HERBEOORDEELD","Redactionele AI-indeling; geen HIGH-evidence of menselijke beoordeling."
"LS1000-0764","aanvullende genres","mysterie","","Aanvullende genres opnieuw inhoudelijk afgewogen; uitsluitend canonieke genres, doelgroep en werkvorm blijven afzonderlijk."
"LS1000-0765","hoofdcategorie NL","Misdaad & thriller","Detectives & misdaadfictie","Inhoudelijke AI-herbeoordeling van dit werk; geen auteur-/titelwoordregel."
"LS1000-0765","hoofdcategorie EN","Crime & Thriller","Mystery & Crime Fiction","NL/EN verwijzen naar dezelfde categorie-ID."
"LS1000-0765","oorspronkelijke publicatiejaar","1845","1843","AI-bibliografische correctie: oorspronkelijke publicatie in plaats van onjuist bron-/editiejaar; geen wijziging bestaand databasejaar."
"LS1000-0765","classificatiebasis","AI_KENNIS; WEB_GECONTROLEERD","AI_KENNIS_HERBEOORDEELD","Redactionele AI-indeling; geen HIGH-evidence of menselijke beoordeling."
"LS1000-0765","aanvullende genres","mysterie","","Aanvullende genres opnieuw inhoudelijk afgewogen; uitsluitend canonieke genres, doelgroep en werkvorm blijven afzonderlijk."
"LS1000-0766","hoofdcategorie NL","Misdaad & thriller","Thrillers & spanning","Canoniek categoriemodel en stabiele NL/EN-labels."
"LS1000-0766","hoofdcategorie EN","Crime & Thriller","Thrillers & Suspense","NL/EN verwijzen naar dezelfde categorie-ID."
"LS1000-0766","classificatiebasis","AI_KENNIS","AI_KENNIS_HERBEOORDEELD","Redactionele AI-indeling; geen HIGH-evidence of menselijke beoordeling."
"LS1000-0766","aanvullende genres","spanning","","Aanvullende genres opnieuw inhoudelijk afgewogen; uitsluitend canonieke genres, doelgroep en werkvorm blijven afzonderlijk."
"LS1000-0767","hoofdcategorie NL","Misdaad & thriller","Fantasy","Inhoudelijke AI-herbeoordeling van dit werk; geen auteur-/titelwoordregel."
"LS1000-0767","hoofdcategorie EN","Crime & Thriller","Fantasy","NL/EN verwijzen naar dezelfde categorie-ID."
"LS1000-0767","classificatiebasis","AI_KENNIS; WEB_GECONTROLEERD","AI_KENNIS_HERBEOORDEELD","Redactionele AI-indeling; geen HIGH-evidence of menselijke beoordeling."
"LS1000-0767","aanvullende genres","mysterie","","Aanvullende genres opnieuw inhoudelijk afgewogen; uitsluitend canonieke genres, doelgroep en werkvorm blijven afzonderlijk."
"LS1000-0768","hoofdcategorie NL","Misdaad & thriller","Thrillers & spanning","Canoniek categoriemodel en stabiele NL/EN-labels."
"LS1000-0768","hoofdcategorie EN","Crime & Thriller","Thrillers & Suspense","NL/EN verwijzen naar dezelfde categorie-ID."
"LS1000-0768","classificatiebasis","AI_KENNIS","AI_KENNIS_HERBEOORDEELD","Redactionele AI-indeling; geen HIGH-evidence of menselijke beoordeling."
"LS1000-0768","aanvullende genres","mysterie","","Aanvullende genres opnieuw inhoudelijk afgewogen; uitsluitend canonieke genres, doelgroep en werkvorm blijven afzonderlijk."
"LS1000-0769","hoofdcategorie NL","Misdaad & thriller","Thrillers & spanning","Canoniek categoriemodel en stabiele NL/EN-labels."
"LS1000-0769","hoofdcategorie EN","Crime & Thriller","Thrillers & Suspense","NL/EN verwijzen naar dezelfde categorie-ID."
"LS1000-0769","classificatiebasis","AI_KENNIS","AI_KENNIS_HERBEOORDEELD","Redactionele AI-indeling; geen HIGH-evidence of menselijke beoordeling."
"LS1000-0769","aanvullende genres","mysterie","","Aanvullende genres opnieuw inhoudelijk afgewogen; uitsluitend canonieke genres, doelgroep en werkvorm blijven afzonderlijk."
"LS1000-0770","hoofdcategorie NL","Misdaad & thriller","Thrillers & spanning","Canoniek categoriemodel en stabiele NL/EN-labels."
"LS1000-0770","hoofdcategorie EN","Crime & Thriller","Thrillers & Suspense","NL/EN verwijzen naar dezelfde categorie-ID."
"LS1000-0770","classificatiebasis","AI_KENNIS","AI_KENNIS_HERBEOORDEELD","Redactionele AI-indeling; geen HIGH-evidence of menselijke beoordeling."
"LS1000-0770","aanvullende genres","mysterie","","Aanvullende genres opnieuw inhoudelijk afgewogen; uitsluitend canonieke genres, doelgroep en werkvorm blijven afzonderlijk."
"LS1000-0771","hoofdcategorie NL","Misdaad & thriller","Thrillers & spanning","Canoniek categoriemodel en stabiele NL/EN-labels."
"LS1000-0771","hoofdcategorie EN","Crime & Thriller","Thrillers & Suspense","NL/EN verwijzen naar dezelfde categorie-ID."
"LS1000-0771","classificatiebasis","AI_KENNIS","AI_KENNIS_HERBEOORDEELD","Redactionele AI-indeling; geen HIGH-evidence of menselijke beoordeling."
"LS1000-0771","aanvullende genres","mysterie","","Aanvullende genres opnieuw inhoudelijk afgewogen; uitsluitend canonieke genres, doelgroep en werkvorm blijven afzonderlijk."
"LS1000-0772","hoofdcategorie NL","Misdaad & thriller","Thrillers & spanning","Canoniek categoriemodel en stabiele NL/EN-labels."
"LS1000-0772","hoofdcategorie EN","Crime & Thriller","Thrillers & Suspense","NL/EN verwijzen naar dezelfde categorie-ID."
"LS1000-0772","classificatiebasis","AI_KENNIS","AI_KENNIS_HERBEOORDEELD","Redactionele AI-indeling; geen HIGH-evidence of menselijke beoordeling."
"LS1000-0772","aanvullende genres","spanning","","Aanvullende genres opnieuw inhoudelijk afgewogen; uitsluitend canonieke genres, doelgroep en werkvorm blijven afzonderlijk."
"LS1000-0773","hoofdcategorie NL","Misdaad & thriller","Thrillers & spanning","Canoniek categoriemodel en stabiele NL/EN-labels."
"LS1000-0773","hoofdcategorie EN","Crime & Thriller","Thrillers & Suspense","NL/EN verwijzen naar dezelfde categorie-ID."
"LS1000-0773","classificatiebasis","AI_KENNIS","AI_KENNIS_HERBEOORDEELD","Redactionele AI-indeling; geen HIGH-evidence of menselijke beoordeling."
"LS1000-0773","aanvullende genres","spanning","","Aanvullende genres opnieuw inhoudelijk afgewogen; uitsluitend canonieke genres, doelgroep en werkvorm blijven afzonderlijk."
"LS1000-0774","hoofdcategorie NL","Misdaad & thriller","Thrillers & spanning","Canoniek categoriemodel en stabiele NL/EN-labels."
"LS1000-0774","hoofdcategorie EN","Crime & Thriller","Thrillers & Suspense","NL/EN verwijzen naar dezelfde categorie-ID."
"LS1000-0774","classificatiebasis","AI_KENNIS","AI_KENNIS_HERBEOORDEELD","Redactionele AI-indeling; geen HIGH-evidence of menselijke beoordeling."
"LS1000-0774","aanvullende genres","mysterie","","Aanvullende genres opnieuw inhoudelijk afgewogen; uitsluitend canonieke genres, doelgroep en werkvorm blijven afzonderlijk."
"LS1000-0775","hoofdcategorie NL","Misdaad & thriller","Waargebeurde misdaad","Inhoudelijke AI-herbeoordeling van dit werk; geen auteur-/titelwoordregel."
"LS1000-0775","hoofdcategorie EN","Crime & Thriller","True Crime","NL/EN verwijzen naar dezelfde categorie-ID."
"LS1000-0775","classificatiebasis","AI_KENNIS","AI_KENNIS_HERBEOORDEELD","Redactionele AI-indeling; geen HIGH-evidence of menselijke beoordeling."
"LS1000-0775","aanvullende genres","spanning","","Aanvullende genres opnieuw inhoudelijk afgewogen; uitsluitend canonieke genres, doelgroep en werkvorm blijven afzonderlijk."
"LS1000-0776","hoofdcategorie NL","Misdaad & thriller","Detectives & misdaadfictie","Inhoudelijke AI-herbeoordeling van dit werk; geen auteur-/titelwoordregel."
"LS1000-0776","hoofdcategorie EN","Crime & Thriller","Mystery & Crime Fiction","NL/EN verwijzen naar dezelfde categorie-ID."
"LS1000-0776","oorspronkelijke publicatiejaar","2019","2022","AI-bibliografische correctie: oorspronkelijke publicatie in plaats van onjuist bron-/editiejaar; geen wijziging bestaand databasejaar."
"LS1000-0776","classificatiebasis","AI_KENNIS","AI_KENNIS_HERBEOORDEELD","Redactionele AI-indeling; geen HIGH-evidence of menselijke beoordeling."
"LS1000-0776","aanvullende genres","mysterie","","Aanvullende genres opnieuw inhoudelijk afgewogen; uitsluitend canonieke genres, doelgroep en werkvorm blijven afzonderlijk."
"LS1000-0777","hoofdcategorie NL","Misdaad & thriller","Detectives & misdaadfictie","Inhoudelijke AI-herbeoordeling van dit werk; geen auteur-/titelwoordregel."
"LS1000-0777","hoofdcategorie EN","Crime & Thriller","Mystery & Crime Fiction","NL/EN verwijzen naar dezelfde categorie-ID."
"LS1000-0777","classificatiebasis","AI_KENNIS","AI_KENNIS_HERBEOORDEELD","Redactionele AI-indeling; geen HIGH-evidence of menselijke beoordeling."
"LS1000-0777","aanvullende genres","mysterie","","Aanvullende genres opnieuw inhoudelijk afgewogen; uitsluitend canonieke genres, doelgroep en werkvorm blijven afzonderlijk."
"LS1000-0778","hoofdcategorie NL","Misdaad & thriller","Detectives & misdaadfictie","Inhoudelijke AI-herbeoordeling van dit werk; geen auteur-/titelwoordregel."
"LS1000-0778","hoofdcategorie EN","Crime & Thriller","Mystery & Crime Fiction","NL/EN verwijzen naar dezelfde categorie-ID."
"LS1000-0778","classificatiebasis","AI_KENNIS","AI_KENNIS_HERBEOORDEELD","Redactionele AI-indeling; geen HIGH-evidence of menselijke beoordeling."
"LS1000-0778","aanvullende genres","mysterie","","Aanvullende genres opnieuw inhoudelijk afgewogen; uitsluitend canonieke genres, doelgroep en werkvorm blijven afzonderlijk."
"LS1000-0779","hoofdcategorie NL","Misdaad & thriller","Detectives & misdaadfictie","Inhoudelijke AI-herbeoordeling van dit werk; geen auteur-/titelwoordregel."
"LS1000-0779","hoofdcategorie EN","Crime & Thriller","Mystery & Crime Fiction","NL/EN verwijzen naar dezelfde categorie-ID."
"LS1000-0779","classificatiebasis","AI_KENNIS","AI_KENNIS_HERBEOORDEELD","Redactionele AI-indeling; geen HIGH-evidence of menselijke beoordeling."
"LS1000-0779","aanvullende genres","mysterie","","Aanvullende genres opnieuw inhoudelijk afgewogen; uitsluitend canonieke genres, doelgroep en werkvorm blijven afzonderlijk."
"LS1000-0780","hoofdcategorie NL","Misdaad & thriller","Detectives & misdaadfictie","Inhoudelijke AI-herbeoordeling van dit werk; geen auteur-/titelwoordregel."
"LS1000-0780","hoofdcategorie EN","Crime & Thriller","Mystery & Crime Fiction","NL/EN verwijzen naar dezelfde categorie-ID."
"LS1000-0780","classificatiebasis","AI_KENNIS","AI_KENNIS_HERBEOORDEELD","Redactionele AI-indeling; geen HIGH-evidence of menselijke beoordeling."
"LS1000-0780","aanvullende genres","mysterie","Historische fictie","Aanvullende genres opnieuw inhoudelijk afgewogen; uitsluitend canonieke genres, doelgroep en werkvorm blijven afzonderlijk."
"LS1000-0781","hoofdcategorie NL","Misdaad & thriller","Thrillers & spanning","Canoniek categoriemodel en stabiele NL/EN-labels."
"LS1000-0781","hoofdcategorie EN","Crime & Thriller","Thrillers & Suspense","NL/EN verwijzen naar dezelfde categorie-ID."
"LS1000-0781","classificatiebasis","AI_KENNIS","AI_KENNIS_HERBEOORDEELD","Redactionele AI-indeling; geen HIGH-evidence of menselijke beoordeling."
"LS1000-0781","aanvullende genres","mysterie","","Aanvullende genres opnieuw inhoudelijk afgewogen; uitsluitend canonieke genres, doelgroep en werkvorm blijven afzonderlijk."
"LS1000-0782","hoofdcategorie NL","Misdaad & thriller","Detectives & misdaadfictie","Inhoudelijke AI-herbeoordeling van dit werk; geen auteur-/titelwoordregel."
"LS1000-0782","hoofdcategorie EN","Crime & Thriller","Mystery & Crime Fiction","NL/EN verwijzen naar dezelfde categorie-ID."
"LS1000-0782","classificatiebasis","AI_KENNIS; WEB_GECONTROLEERD","AI_KENNIS_HERBEOORDEELD","Redactionele AI-indeling; geen HIGH-evidence of menselijke beoordeling."
"LS1000-0782","aanvullende genres","mysterie","","Aanvullende genres opnieuw inhoudelijk afgewogen; uitsluitend canonieke genres, doelgroep en werkvorm blijven afzonderlijk."
"LS1000-0783","hoofdcategorie NL","Misdaad & thriller","Waargebeurde misdaad","Inhoudelijke AI-herbeoordeling van dit werk; geen auteur-/titelwoordregel."
"LS1000-0783","hoofdcategorie EN","Crime & Thriller","True Crime","NL/EN verwijzen naar dezelfde categorie-ID."
"LS1000-0783","classificatiebasis","AI_KENNIS","AI_KENNIS_HERBEOORDEELD","Redactionele AI-indeling; geen HIGH-evidence of menselijke beoordeling."
"LS1000-0783","aanvullende genres","mysterie","","Aanvullende genres opnieuw inhoudelijk afgewogen; uitsluitend canonieke genres, doelgroep en werkvorm blijven afzonderlijk."
"LS1000-0784","hoofdcategorie NL","Misdaad & thriller","Thrillers & spanning","Canoniek categoriemodel en stabiele NL/EN-labels."
"LS1000-0784","hoofdcategorie EN","Crime & Thriller","Thrillers & Suspense","NL/EN verwijzen naar dezelfde categorie-ID."
"LS1000-0784","classificatiebasis","AI_KENNIS","AI_KENNIS_HERBEOORDEELD","Redactionele AI-indeling; geen HIGH-evidence of menselijke beoordeling."
"LS1000-0784","aanvullende genres","mysterie","","Aanvullende genres opnieuw inhoudelijk afgewogen; uitsluitend canonieke genres, doelgroep en werkvorm blijven afzonderlijk."
"LS1000-0785","hoofdcategorie NL","Misdaad & thriller","Thrillers & spanning","Canoniek categoriemodel en stabiele NL/EN-labels."
"LS1000-0785","hoofdcategorie EN","Crime & Thriller","Thrillers & Suspense","NL/EN verwijzen naar dezelfde categorie-ID."
"LS1000-0785","classificatiebasis","AI_KENNIS","AI_KENNIS_HERBEOORDEELD","Redactionele AI-indeling; geen HIGH-evidence of menselijke beoordeling."
"LS1000-0785","aanvullende genres","mysterie","","Aanvullende genres opnieuw inhoudelijk afgewogen; uitsluitend canonieke genres, doelgroep en werkvorm blijven afzonderlijk."
"LS1000-0786","hoofdcategorie NL","Misdaad & thriller","Waargebeurde misdaad","Inhoudelijke AI-herbeoordeling van dit werk; geen auteur-/titelwoordregel."
"LS1000-0786","hoofdcategorie EN","Crime & Thriller","True Crime","NL/EN verwijzen naar dezelfde categorie-ID."
"LS1000-0786","classificatiebasis","AI_KENNIS","AI_KENNIS_HERBEOORDEELD","Redactionele AI-indeling; geen HIGH-evidence of menselijke beoordeling."
"LS1000-0786","aanvullende genres","spanning","","Aanvullende genres opnieuw inhoudelijk afgewogen; uitsluitend canonieke genres, doelgroep en werkvorm blijven afzonderlijk."
"LS1000-0787","hoofdcategorie NL","Misdaad & thriller","Detectives & misdaadfictie","Inhoudelijke AI-herbeoordeling van dit werk; geen auteur-/titelwoordregel."
"LS1000-0787","hoofdcategorie EN","Crime & Thriller","Mystery & Crime Fiction","NL/EN verwijzen naar dezelfde categorie-ID."
"LS1000-0787","classificatiebasis","AI_KENNIS","AI_KENNIS_HERBEOORDEELD","Redactionele AI-indeling; geen HIGH-evidence of menselijke beoordeling."
"LS1000-0787","aanvullende genres","mysterie","","Aanvullende genres opnieuw inhoudelijk afgewogen; uitsluitend canonieke genres, doelgroep en werkvorm blijven afzonderlijk."
"LS1000-0788","hoofdcategorie NL","Misdaad & thriller","Detectives & misdaadfictie","Inhoudelijke AI-herbeoordeling van dit werk; geen auteur-/titelwoordregel."
"LS1000-0788","hoofdcategorie EN","Crime & Thriller","Mystery & Crime Fiction","NL/EN verwijzen naar dezelfde categorie-ID."
"LS1000-0788","classificatiebasis","AI_KENNIS; WEB_GECONTROLEERD","AI_KENNIS_HERBEOORDEELD","Redactionele AI-indeling; geen HIGH-evidence of menselijke beoordeling."
"LS1000-0788","aanvullende genres","mysterie","","Aanvullende genres opnieuw inhoudelijk afgewogen; uitsluitend canonieke genres, doelgroep en werkvorm blijven afzonderlijk."
"LS1000-0789","hoofdcategorie NL","Misdaad & thriller","Thrillers & spanning","Canoniek categoriemodel en stabiele NL/EN-labels."
"LS1000-0789","hoofdcategorie EN","Crime & Thriller","Thrillers & Suspense","NL/EN verwijzen naar dezelfde categorie-ID."
"LS1000-0789","classificatiebasis","AI_KENNIS","AI_KENNIS_HERBEOORDEELD","Redactionele AI-indeling; geen HIGH-evidence of menselijke beoordeling."
"LS1000-0789","aanvullende genres","mysterie","","Aanvullende genres opnieuw inhoudelijk afgewogen; uitsluitend canonieke genres, doelgroep en werkvorm blijven afzonderlijk."
"LS1000-0790","hoofdcategorie NL","Misdaad & thriller","Detectives & misdaadfictie","Inhoudelijke AI-herbeoordeling van dit werk; geen auteur-/titelwoordregel."
"LS1000-0790","hoofdcategorie EN","Crime & Thriller","Mystery & Crime Fiction","NL/EN verwijzen naar dezelfde categorie-ID."
"LS1000-0790","classificatiebasis","AI_KENNIS","AI_KENNIS_HERBEOORDEELD","Redactionele AI-indeling; geen HIGH-evidence of menselijke beoordeling."
"LS1000-0790","aanvullende genres","mysterie","","Aanvullende genres opnieuw inhoudelijk afgewogen; uitsluitend canonieke genres, doelgroep en werkvorm blijven afzonderlijk."
"LS1000-0791","hoofdcategorie NL","Misdaad & thriller","Thrillers & spanning","Canoniek categoriemodel en stabiele NL/EN-labels."
"LS1000-0791","hoofdcategorie EN","Crime & Thriller","Thrillers & Suspense","NL/EN verwijzen naar dezelfde categorie-ID."
"LS1000-0791","classificatiebasis","AI_KENNIS; WEB_GECONTROLEERD","AI_KENNIS_HERBEOORDEELD","Redactionele AI-indeling; geen HIGH-evidence of menselijke beoordeling."
"LS1000-0791","aanvullende genres","mysterie","","Aanvullende genres opnieuw inhoudelijk afgewogen; uitsluitend canonieke genres, doelgroep en werkvorm blijven afzonderlijk."
"LS1000-0792","hoofdcategorie NL","Misdaad & thriller","Thrillers & spanning","Canoniek categoriemodel en stabiele NL/EN-labels."
"LS1000-0792","hoofdcategorie EN","Crime & Thriller","Thrillers & Suspense","NL/EN verwijzen naar dezelfde categorie-ID."
"LS1000-0792","classificatiebasis","AI_KENNIS","AI_KENNIS_HERBEOORDEELD","Redactionele AI-indeling; geen HIGH-evidence of menselijke beoordeling."
"LS1000-0792","aanvullende genres","mysterie","","Aanvullende genres opnieuw inhoudelijk afgewogen; uitsluitend canonieke genres, doelgroep en werkvorm blijven afzonderlijk."
"LS1000-0793","hoofdcategorie NL","Misdaad & thriller","Thrillers & spanning","Canoniek categoriemodel en stabiele NL/EN-labels."
"LS1000-0793","hoofdcategorie EN","Crime & Thriller","Thrillers & Suspense","NL/EN verwijzen naar dezelfde categorie-ID."
"LS1000-0793","oorspronkelijke publicatiejaar","2018","2019","AI-bibliografische correctie: oorspronkelijke publicatie in plaats van onjuist bron-/editiejaar; geen wijziging bestaand databasejaar."
"LS1000-0793","classificatiebasis","AI_KENNIS","AI_KENNIS_HERBEOORDEELD","Redactionele AI-indeling; geen HIGH-evidence of menselijke beoordeling."
"LS1000-0793","aanvullende genres","spanning","","Aanvullende genres opnieuw inhoudelijk afgewogen; uitsluitend canonieke genres, doelgroep en werkvorm blijven afzonderlijk."
"LS1000-0794","hoofdcategorie NL","Misdaad & thriller","Detectives & misdaadfictie","Inhoudelijke AI-herbeoordeling van dit werk; geen auteur-/titelwoordregel."
"LS1000-0794","hoofdcategorie EN","Crime & Thriller","Mystery & Crime Fiction","NL/EN verwijzen naar dezelfde categorie-ID."
"LS1000-0794","classificatiebasis","AI_KENNIS","AI_KENNIS_HERBEOORDEELD","Redactionele AI-indeling; geen HIGH-evidence of menselijke beoordeling."
"LS1000-0794","aanvullende genres","mysterie","","Aanvullende genres opnieuw inhoudelijk afgewogen; uitsluitend canonieke genres, doelgroep en werkvorm blijven afzonderlijk."
"LS1000-0795","hoofdcategorie NL","Misdaad & thriller","Thrillers & spanning","Canoniek categoriemodel en stabiele NL/EN-labels."
"LS1000-0795","hoofdcategorie EN","Crime & Thriller","Thrillers & Suspense","NL/EN verwijzen naar dezelfde categorie-ID."
"LS1000-0795","oorspronkelijke publicatiejaar","1962","1963","AI-bibliografische correctie: oorspronkelijke publicatie in plaats van onjuist bron-/editiejaar; geen wijziging bestaand databasejaar."
"LS1000-0795","classificatiebasis","AI_KENNIS","AI_KENNIS_HERBEOORDEELD","Redactionele AI-indeling; geen HIGH-evidence of menselijke beoordeling."
"LS1000-0795","aanvullende genres","mysterie","","Aanvullende genres opnieuw inhoudelijk afgewogen; uitsluitend canonieke genres, doelgroep en werkvorm blijven afzonderlijk."
"LS1000-0796","hoofdcategorie NL","Misdaad & thriller","Thrillers & spanning","Canoniek categoriemodel en stabiele NL/EN-labels."
"LS1000-0796","hoofdcategorie EN","Crime & Thriller","Thrillers & Suspense","NL/EN verwijzen naar dezelfde categorie-ID."
"LS1000-0796","classificatiebasis","AI_KENNIS","AI_KENNIS_HERBEOORDEELD","Redactionele AI-indeling; geen HIGH-evidence of menselijke beoordeling."
"LS1000-0796","aanvullende genres","mysterie","","Aanvullende genres opnieuw inhoudelijk afgewogen; uitsluitend canonieke genres, doelgroep en werkvorm blijven afzonderlijk."
"LS1000-0797","hoofdcategorie NL","Misdaad & thriller","Thrillers & spanning","Canoniek categoriemodel en stabiele NL/EN-labels."
"LS1000-0797","hoofdcategorie EN","Crime & Thriller","Thrillers & Suspense","NL/EN verwijzen naar dezelfde categorie-ID."
"LS1000-0797","classificatiebasis","AI_KENNIS","AI_KENNIS_HERBEOORDEELD","Redactionele AI-indeling; geen HIGH-evidence of menselijke beoordeling."
"LS1000-0797","aanvullende genres","mysterie","","Aanvullende genres opnieuw inhoudelijk afgewogen; uitsluitend canonieke genres, doelgroep en werkvorm blijven afzonderlijk."
"LS1000-0798","hoofdcategorie NL","Misdaad & thriller","Detectives & misdaadfictie","Inhoudelijke AI-herbeoordeling van dit werk; geen auteur-/titelwoordregel."
"LS1000-0798","hoofdcategorie EN","Crime & Thriller","Mystery & Crime Fiction","NL/EN verwijzen naar dezelfde categorie-ID."
"LS1000-0798","classificatiebasis","AI_KENNIS","AI_KENNIS_HERBEOORDEELD","Redactionele AI-indeling; geen HIGH-evidence of menselijke beoordeling."
"LS1000-0798","aanvullende genres","mysterie","","Aanvullende genres opnieuw inhoudelijk afgewogen; uitsluitend canonieke genres, doelgroep en werkvorm blijven afzonderlijk."
"LS1000-0799","hoofdcategorie NL","Misdaad & thriller","Thrillers & spanning","Canoniek categoriemodel en stabiele NL/EN-labels."
"LS1000-0799","hoofdcategorie EN","Crime & Thriller","Thrillers & Suspense","NL/EN verwijzen naar dezelfde categorie-ID."
"LS1000-0799","classificatiebasis","AI_KENNIS","AI_KENNIS_HERBEOORDEELD","Redactionele AI-indeling; geen HIGH-evidence of menselijke beoordeling."
"LS1000-0799","aanvullende genres","mysterie","","Aanvullende genres opnieuw inhoudelijk afgewogen; uitsluitend canonieke genres, doelgroep en werkvorm blijven afzonderlijk."
"LS1000-0800","hoofdcategorie NL","Misdaad & thriller","Thrillers & spanning","Canoniek categoriemodel en stabiele NL/EN-labels."
"LS1000-0800","hoofdcategorie EN","Crime & Thriller","Thrillers & Suspense","NL/EN verwijzen naar dezelfde categorie-ID."
"LS1000-0800","oorspronkelijke publicatiejaar","2017","2018","AI-bibliografische correctie: oorspronkelijke publicatie in plaats van onjuist bron-/editiejaar; geen wijziging bestaand databasejaar."
"LS1000-0800","classificatiebasis","AI_KENNIS","AI_KENNIS_HERBEOORDEELD","Redactionele AI-indeling; geen HIGH-evidence of menselijke beoordeling."
"LS1000-0800","aanvullende genres","spanning","","Aanvullende genres opnieuw inhoudelijk afgewogen; uitsluitend canonieke genres, doelgroep en werkvorm blijven afzonderlijk."
"LS1000-0801","hoofdcategorie NL","Misdaad & thriller","Thrillers & spanning","Canoniek categoriemodel en stabiele NL/EN-labels."
"LS1000-0801","hoofdcategorie EN","Crime & Thriller","Thrillers & Suspense","NL/EN verwijzen naar dezelfde categorie-ID."
"LS1000-0801","classificatiebasis","AI_KENNIS","AI_KENNIS_HERBEOORDEELD","Redactionele AI-indeling; geen HIGH-evidence of menselijke beoordeling."
"LS1000-0801","aanvullende genres","mysterie","","Aanvullende genres opnieuw inhoudelijk afgewogen; uitsluitend canonieke genres, doelgroep en werkvorm blijven afzonderlijk."
"LS1000-0802","hoofdcategorie NL","Misdaad & thriller","Detectives & misdaadfictie","Inhoudelijke AI-herbeoordeling van dit werk; geen auteur-/titelwoordregel."
"LS1000-0802","hoofdcategorie EN","Crime & Thriller","Mystery & Crime Fiction","NL/EN verwijzen naar dezelfde categorie-ID."
"LS1000-0802","oorspronkelijke publicatiejaar","1897","1896","AI-bibliografische correctie: oorspronkelijke publicatie in plaats van onjuist bron-/editiejaar; geen wijziging bestaand databasejaar."
"LS1000-0802","classificatiebasis","AI_KENNIS; WEB_GECONTROLEERD","AI_KENNIS_HERBEOORDEELD","Redactionele AI-indeling; geen HIGH-evidence of menselijke beoordeling."
"LS1000-0802","aanvullende genres","mysterie","","Aanvullende genres opnieuw inhoudelijk afgewogen; uitsluitend canonieke genres, doelgroep en werkvorm blijven afzonderlijk."
"LS1000-0803","hoofdcategorie NL","Misdaad & thriller","Thrillers & spanning","Canoniek categoriemodel en stabiele NL/EN-labels."
"LS1000-0803","hoofdcategorie EN","Crime & Thriller","Thrillers & Suspense","NL/EN verwijzen naar dezelfde categorie-ID."
"LS1000-0803","classificatiebasis","AI_KENNIS","AI_KENNIS_HERBEOORDEELD","Redactionele AI-indeling; geen HIGH-evidence of menselijke beoordeling."
"LS1000-0803","aanvullende genres","spanning","","Aanvullende genres opnieuw inhoudelijk afgewogen; uitsluitend canonieke genres, doelgroep en werkvorm blijven afzonderlijk."
"LS1000-0804","hoofdcategorie NL","Misdaad & thriller","Detectives & misdaadfictie","Inhoudelijke AI-herbeoordeling van dit werk; geen auteur-/titelwoordregel."
"LS1000-0804","hoofdcategorie EN","Crime & Thriller","Mystery & Crime Fiction","NL/EN verwijzen naar dezelfde categorie-ID."
"LS1000-0804","classificatiebasis","AI_KENNIS","AI_KENNIS_HERBEOORDEELD","Redactionele AI-indeling; geen HIGH-evidence of menselijke beoordeling."
"LS1000-0804","aanvullende genres","mysterie","","Aanvullende genres opnieuw inhoudelijk afgewogen; uitsluitend canonieke genres, doelgroep en werkvorm blijven afzonderlijk."
"LS1000-0805","hoofdcategorie NL","Misdaad & thriller","Thrillers & spanning","Canoniek categoriemodel en stabiele NL/EN-labels."
"LS1000-0805","hoofdcategorie EN","Crime & Thriller","Thrillers & Suspense","NL/EN verwijzen naar dezelfde categorie-ID."
"LS1000-0805","classificatiebasis","AI_KENNIS","AI_KENNIS_HERBEOORDEELD","Redactionele AI-indeling; geen HIGH-evidence of menselijke beoordeling."
"LS1000-0805","aanvullende genres","mysterie","","Aanvullende genres opnieuw inhoudelijk afgewogen; uitsluitend canonieke genres, doelgroep en werkvorm blijven afzonderlijk."
"LS1000-0806","hoofdcategorie NL","Misdaad & thriller","Thrillers & spanning","Canoniek categoriemodel en stabiele NL/EN-labels."
"LS1000-0806","hoofdcategorie EN","Crime & Thriller","Thrillers & Suspense","NL/EN verwijzen naar dezelfde categorie-ID."
"LS1000-0806","classificatiebasis","AI_KENNIS","AI_KENNIS_HERBEOORDEELD","Redactionele AI-indeling; geen HIGH-evidence of menselijke beoordeling."
"LS1000-0806","aanvullende genres","spanning","","Aanvullende genres opnieuw inhoudelijk afgewogen; uitsluitend canonieke genres, doelgroep en werkvorm blijven afzonderlijk."
"LS1000-0807","hoofdcategorie NL","Misdaad & thriller","Thrillers & spanning","Canoniek categoriemodel en stabiele NL/EN-labels."
"LS1000-0807","hoofdcategorie EN","Crime & Thriller","Thrillers & Suspense","NL/EN verwijzen naar dezelfde categorie-ID."
"LS1000-0807","classificatiebasis","AI_KENNIS","AI_KENNIS_HERBEOORDEELD","Redactionele AI-indeling; geen HIGH-evidence of menselijke beoordeling."
"LS1000-0807","aanvullende genres","spanning","","Aanvullende genres opnieuw inhoudelijk afgewogen; uitsluitend canonieke genres, doelgroep en werkvorm blijven afzonderlijk."
"LS1000-0808","hoofdcategorie NL","Misdaad & thriller","Thrillers & spanning","Canoniek categoriemodel en stabiele NL/EN-labels."
"LS1000-0808","hoofdcategorie EN","Crime & Thriller","Thrillers & Suspense","NL/EN verwijzen naar dezelfde categorie-ID."
"LS1000-0808","classificatiebasis","AI_KENNIS","AI_KENNIS_HERBEOORDEELD","Redactionele AI-indeling; geen HIGH-evidence of menselijke beoordeling."
"LS1000-0808","aanvullende genres","spanning","","Aanvullende genres opnieuw inhoudelijk afgewogen; uitsluitend canonieke genres, doelgroep en werkvorm blijven afzonderlijk."
"LS1000-0809","hoofdcategorie NL","Misdaad & thriller","Literaire & algemene fictie","Inhoudelijke AI-herbeoordeling van dit werk; geen auteur-/titelwoordregel."
"LS1000-0809","hoofdcategorie EN","Crime & Thriller","Literary & General Fiction","NL/EN verwijzen naar dezelfde categorie-ID."
"LS1000-0809","classificatiebasis","AI_KENNIS","AI_KENNIS_HERBEOORDEELD","Redactionele AI-indeling; geen HIGH-evidence of menselijke beoordeling."
"LS1000-0809","aanvullende genres","spanning","","Aanvullende genres opnieuw inhoudelijk afgewogen; uitsluitend canonieke genres, doelgroep en werkvorm blijven afzonderlijk."
"LS1000-0810","hoofdcategorie NL","Misdaad & thriller","Detectives & misdaadfictie","Inhoudelijke AI-herbeoordeling van dit werk; geen auteur-/titelwoordregel."
"LS1000-0810","hoofdcategorie EN","Crime & Thriller","Mystery & Crime Fiction","NL/EN verwijzen naar dezelfde categorie-ID."
"LS1000-0810","classificatiebasis","AI_KENNIS","AI_KENNIS_HERBEOORDEELD","Redactionele AI-indeling; geen HIGH-evidence of menselijke beoordeling."
"LS1000-0810","aanvullende genres","mysterie","","Aanvullende genres opnieuw inhoudelijk afgewogen; uitsluitend canonieke genres, doelgroep en werkvorm blijven afzonderlijk."
"LS1000-0811","hoofdcategorie NL","Misdaad & thriller","Thrillers & spanning","Canoniek categoriemodel en stabiele NL/EN-labels."
"LS1000-0811","hoofdcategorie EN","Crime & Thriller","Thrillers & Suspense","NL/EN verwijzen naar dezelfde categorie-ID."
"LS1000-0811","classificatiebasis","AI_KENNIS","AI_KENNIS_HERBEOORDEELD","Redactionele AI-indeling; geen HIGH-evidence of menselijke beoordeling."
"LS1000-0811","aanvullende genres","mysterie","","Aanvullende genres opnieuw inhoudelijk afgewogen; uitsluitend canonieke genres, doelgroep en werkvorm blijven afzonderlijk."
"LS1000-0812","hoofdcategorie NL","Misdaad & thriller","Detectives & misdaadfictie","Inhoudelijke AI-herbeoordeling van dit werk; geen auteur-/titelwoordregel."
"LS1000-0812","hoofdcategorie EN","Crime & Thriller","Mystery & Crime Fiction","NL/EN verwijzen naar dezelfde categorie-ID."
"LS1000-0812","classificatiebasis","AI_KENNIS; WEB_GECONTROLEERD","AI_KENNIS_HERBEOORDEELD","Redactionele AI-indeling; geen HIGH-evidence of menselijke beoordeling."
"LS1000-0812","aanvullende genres","mysterie","","Aanvullende genres opnieuw inhoudelijk afgewogen; uitsluitend canonieke genres, doelgroep en werkvorm blijven afzonderlijk."
"LS1000-0813","hoofdcategorie NL","Misdaad & thriller","Thrillers & spanning","Canoniek categoriemodel en stabiele NL/EN-labels."
"LS1000-0813","hoofdcategorie EN","Crime & Thriller","Thrillers & Suspense","NL/EN verwijzen naar dezelfde categorie-ID."
"LS1000-0813","classificatiebasis","AI_KENNIS","AI_KENNIS_HERBEOORDEELD","Redactionele AI-indeling; geen HIGH-evidence of menselijke beoordeling."
"LS1000-0813","aanvullende genres","mysterie","","Aanvullende genres opnieuw inhoudelijk afgewogen; uitsluitend canonieke genres, doelgroep en werkvorm blijven afzonderlijk."
"LS1000-0814","hoofdcategorie NL","Misdaad & thriller","Thrillers & spanning","Canoniek categoriemodel en stabiele NL/EN-labels."
"LS1000-0814","hoofdcategorie EN","Crime & Thriller","Thrillers & Suspense","NL/EN verwijzen naar dezelfde categorie-ID."
"LS1000-0814","classificatiebasis","AI_KENNIS","AI_KENNIS_HERBEOORDEELD","Redactionele AI-indeling; geen HIGH-evidence of menselijke beoordeling."
"LS1000-0814","aanvullende genres","spanning","","Aanvullende genres opnieuw inhoudelijk afgewogen; uitsluitend canonieke genres, doelgroep en werkvorm blijven afzonderlijk."
"LS1000-0815","hoofdcategorie NL","Romantiek","Literaire & algemene fictie","Inhoudelijke AI-herbeoordeling van dit werk; geen auteur-/titelwoordregel."
"LS1000-0815","hoofdcategorie EN","Romance","Literary & General Fiction","NL/EN verwijzen naar dezelfde categorie-ID."
"LS1000-0815","oorspronkelijke publicatiejaar","1905","1908","AI-bibliografische correctie: oorspronkelijke publicatie in plaats van onjuist bron-/editiejaar; geen wijziging bestaand databasejaar."
"LS1000-0815","classificatiebasis","AI_KENNIS","AI_KENNIS_HERBEOORDEELD","Redactionele AI-indeling; geen HIGH-evidence of menselijke beoordeling."
"LS1000-0815","aanvullende genres","liefdesroman","","Aanvullende genres opnieuw inhoudelijk afgewogen; uitsluitend canonieke genres, doelgroep en werkvorm blijven afzonderlijk."
"LS1000-0816","classificatiebasis","AI_KENNIS","AI_KENNIS_HERBEOORDEELD","Redactionele AI-indeling; geen HIGH-evidence of menselijke beoordeling."
"LS1000-0816","aanvullende genres","liefdesroman","","Aanvullende genres opnieuw inhoudelijk afgewogen; uitsluitend canonieke genres, doelgroep en werkvorm blijven afzonderlijk."
"LS1000-0817","oorspronkelijke publicatiejaar","2014","2015","AI-bibliografische correctie: oorspronkelijke publicatie in plaats van onjuist bron-/editiejaar; geen wijziging bestaand databasejaar."
"LS1000-0817","classificatiebasis","AI_KENNIS","AI_KENNIS_HERBEOORDEELD","Redactionele AI-indeling; geen HIGH-evidence of menselijke beoordeling."
"LS1000-0817","aanvullende genres","liefdesroman","","Aanvullende genres opnieuw inhoudelijk afgewogen; uitsluitend canonieke genres, doelgroep en werkvorm blijven afzonderlijk."
"LS1000-0818","oorspronkelijke publicatiejaar","2014","2015","AI-bibliografische correctie: oorspronkelijke publicatie in plaats van onjuist bron-/editiejaar; geen wijziging bestaand databasejaar."
"LS1000-0818","classificatiebasis","AI_KENNIS","AI_KENNIS_HERBEOORDEELD","Redactionele AI-indeling; geen HIGH-evidence of menselijke beoordeling."
"LS1000-0818","aanvullende genres","coming-of-age; liefdesroman","","Aanvullende genres opnieuw inhoudelijk afgewogen; uitsluitend canonieke genres, doelgroep en werkvorm blijven afzonderlijk."
"LS1000-0819","classificatiebasis","AI_KENNIS","AI_KENNIS_HERBEOORDEELD","Redactionele AI-indeling; geen HIGH-evidence of menselijke beoordeling."
"LS1000-0819","aanvullende genres","liefdesroman","","Aanvullende genres opnieuw inhoudelijk afgewogen; uitsluitend canonieke genres, doelgroep en werkvorm blijven afzonderlijk."
"LS1000-0820","classificatiebasis","AI_KENNIS","AI_KENNIS_HERBEOORDEELD","Redactionele AI-indeling; geen HIGH-evidence of menselijke beoordeling."
"LS1000-0820","aanvullende genres","liefdesroman","","Aanvullende genres opnieuw inhoudelijk afgewogen; uitsluitend canonieke genres, doelgroep en werkvorm blijven afzonderlijk."
"LS1000-0821","classificatiebasis","AI_KENNIS","AI_KENNIS_HERBEOORDEELD","Redactionele AI-indeling; geen HIGH-evidence of menselijke beoordeling."
"LS1000-0821","aanvullende genres","coming-of-age; liefdesroman","","Aanvullende genres opnieuw inhoudelijk afgewogen; uitsluitend canonieke genres, doelgroep en werkvorm blijven afzonderlijk."
"LS1000-0822","classificatiebasis","AI_KENNIS","AI_KENNIS_HERBEOORDEELD","Redactionele AI-indeling; geen HIGH-evidence of menselijke beoordeling."
"LS1000-0822","aanvullende genres","liefdesroman","Fantasy","Aanvullende genres opnieuw inhoudelijk afgewogen; uitsluitend canonieke genres, doelgroep en werkvorm blijven afzonderlijk."
"LS1000-0823","classificatiebasis","AI_KENNIS","AI_KENNIS_HERBEOORDEELD","Redactionele AI-indeling; geen HIGH-evidence of menselijke beoordeling."
"LS1000-0823","aanvullende genres","liefdesroman","","Aanvullende genres opnieuw inhoudelijk afgewogen; uitsluitend canonieke genres, doelgroep en werkvorm blijven afzonderlijk."
"LS1000-0824","classificatiebasis","AI_KENNIS","AI_KENNIS_HERBEOORDEELD","Redactionele AI-indeling; geen HIGH-evidence of menselijke beoordeling."
"LS1000-0824","aanvullende genres","liefdesroman","","Aanvullende genres opnieuw inhoudelijk afgewogen; uitsluitend canonieke genres, doelgroep en werkvorm blijven afzonderlijk."
"LS1000-0825","classificatiebasis","AI_KENNIS","AI_KENNIS_HERBEOORDEELD","Redactionele AI-indeling; geen HIGH-evidence of menselijke beoordeling."
"LS1000-0825","aanvullende genres","liefdesroman","","Aanvullende genres opnieuw inhoudelijk afgewogen; uitsluitend canonieke genres, doelgroep en werkvorm blijven afzonderlijk."
"LS1000-0826","hoofdcategorie NL","Romantiek","Fantasy","Inhoudelijke AI-herbeoordeling van dit werk; geen auteur-/titelwoordregel."
"LS1000-0826","hoofdcategorie EN","Romance","Fantasy","NL/EN verwijzen naar dezelfde categorie-ID."
"LS1000-0826","classificatiebasis","AI_KENNIS","AI_KENNIS_HERBEOORDEELD","Redactionele AI-indeling; geen HIGH-evidence of menselijke beoordeling."
"LS1000-0826","aanvullende genres","liefdesroman","","Aanvullende genres opnieuw inhoudelijk afgewogen; uitsluitend canonieke genres, doelgroep en werkvorm blijven afzonderlijk."
"LS1000-0827","hoofdcategorie NL","Romantiek","Literaire & algemene fictie","Inhoudelijke AI-herbeoordeling van dit werk; geen auteur-/titelwoordregel."
"LS1000-0827","hoofdcategorie EN","Romance","Literary & General Fiction","NL/EN verwijzen naar dezelfde categorie-ID."
"LS1000-0827","classificatiebasis","AI_KENNIS","AI_KENNIS_HERBEOORDEELD","Redactionele AI-indeling; geen HIGH-evidence of menselijke beoordeling."
"LS1000-0827","aanvullende genres","liefdesroman","","Aanvullende genres opnieuw inhoudelijk afgewogen; uitsluitend canonieke genres, doelgroep en werkvorm blijven afzonderlijk."
"LS1000-0828","classificatiebasis","AI_KENNIS","AI_KENNIS_HERBEOORDEELD","Redactionele AI-indeling; geen HIGH-evidence of menselijke beoordeling."
"LS1000-0828","aanvullende genres","liefdesroman","","Aanvullende genres opnieuw inhoudelijk afgewogen; uitsluitend canonieke genres, doelgroep en werkvorm blijven afzonderlijk."
"LS1000-0829","classificatiebasis","AI_KENNIS","AI_KENNIS_HERBEOORDEELD","Redactionele AI-indeling; geen HIGH-evidence of menselijke beoordeling."
"LS1000-0829","aanvullende genres","liefdesroman","","Aanvullende genres opnieuw inhoudelijk afgewogen; uitsluitend canonieke genres, doelgroep en werkvorm blijven afzonderlijk."
"LS1000-0830","classificatiebasis","AI_KENNIS","AI_KENNIS_HERBEOORDEELD","Redactionele AI-indeling; geen HIGH-evidence of menselijke beoordeling."
"LS1000-0830","aanvullende genres","liefdesroman","","Aanvullende genres opnieuw inhoudelijk afgewogen; uitsluitend canonieke genres, doelgroep en werkvorm blijven afzonderlijk."
"LS1000-0831","oorspronkelijke publicatiejaar","1902","2001","AI-bibliografische correctie: oorspronkelijke publicatie in plaats van onjuist bron-/editiejaar; geen wijziging bestaand databasejaar."
"LS1000-0831","classificatiebasis","AI_KENNIS","AI_KENNIS_HERBEOORDEELD","Redactionele AI-indeling; geen HIGH-evidence of menselijke beoordeling."
"LS1000-0831","aanvullende genres","liefdesroman","","Aanvullende genres opnieuw inhoudelijk afgewogen; uitsluitend canonieke genres, doelgroep en werkvorm blijven afzonderlijk."
"LS1000-0832","classificatiebasis","AI_KENNIS","AI_KENNIS_HERBEOORDEELD","Redactionele AI-indeling; geen HIGH-evidence of menselijke beoordeling."
"LS1000-0832","aanvullende genres","liefdesroman","Fantasy","Aanvullende genres opnieuw inhoudelijk afgewogen; uitsluitend canonieke genres, doelgroep en werkvorm blijven afzonderlijk."
"LS1000-0833","hoofdcategorie NL","Romantiek","Literaire & algemene fictie","Inhoudelijke AI-herbeoordeling van dit werk; geen auteur-/titelwoordregel."
"LS1000-0833","hoofdcategorie EN","Romance","Literary & General Fiction","NL/EN verwijzen naar dezelfde categorie-ID."
"LS1000-0833","classificatiebasis","AI_KENNIS","AI_KENNIS_HERBEOORDEELD","Redactionele AI-indeling; geen HIGH-evidence of menselijke beoordeling."
"LS1000-0833","aanvullende genres","liefdesroman","","Aanvullende genres opnieuw inhoudelijk afgewogen; uitsluitend canonieke genres, doelgroep en werkvorm blijven afzonderlijk."
"LS1000-0834","classificatiebasis","AI_KENNIS","AI_KENNIS_HERBEOORDEELD","Redactionele AI-indeling; geen HIGH-evidence of menselijke beoordeling."
"LS1000-0834","aanvullende genres","liefdesroman","","Aanvullende genres opnieuw inhoudelijk afgewogen; uitsluitend canonieke genres, doelgroep en werkvorm blijven afzonderlijk."
"LS1000-0835","classificatiebasis","AI_KENNIS","AI_KENNIS_HERBEOORDEELD","Redactionele AI-indeling; geen HIGH-evidence of menselijke beoordeling."
"LS1000-0835","aanvullende genres","liefdesroman","","Aanvullende genres opnieuw inhoudelijk afgewogen; uitsluitend canonieke genres, doelgroep en werkvorm blijven afzonderlijk."
"LS1000-0836","classificatiebasis","AI_KENNIS","AI_KENNIS_HERBEOORDEELD","Redactionele AI-indeling; geen HIGH-evidence of menselijke beoordeling."
"LS1000-0836","aanvullende genres","coming-of-age; liefdesroman","","Aanvullende genres opnieuw inhoudelijk afgewogen; uitsluitend canonieke genres, doelgroep en werkvorm blijven afzonderlijk."
"LS1000-0837","classificatiebasis","AI_KENNIS","AI_KENNIS_HERBEOORDEELD","Redactionele AI-indeling; geen HIGH-evidence of menselijke beoordeling."
"LS1000-0837","aanvullende genres","liefdesroman","Fantasy","Aanvullende genres opnieuw inhoudelijk afgewogen; uitsluitend canonieke genres, doelgroep en werkvorm blijven afzonderlijk."
"LS1000-0838","classificatiebasis","AI_KENNIS","AI_KENNIS_HERBEOORDEELD","Redactionele AI-indeling; geen HIGH-evidence of menselijke beoordeling."
"LS1000-0838","aanvullende genres","liefdesroman","","Aanvullende genres opnieuw inhoudelijk afgewogen; uitsluitend canonieke genres, doelgroep en werkvorm blijven afzonderlijk."
"LS1000-0839","oorspronkelijke publicatiejaar","2011","2012","AI-bibliografische correctie: oorspronkelijke publicatie in plaats van onjuist bron-/editiejaar; geen wijziging bestaand databasejaar."
"LS1000-0839","classificatiebasis","AI_KENNIS","AI_KENNIS_HERBEOORDEELD","Redactionele AI-indeling; geen HIGH-evidence of menselijke beoordeling."
"LS1000-0839","aanvullende genres","liefdesroman","","Aanvullende genres opnieuw inhoudelijk afgewogen; uitsluitend canonieke genres, doelgroep en werkvorm blijven afzonderlijk."
"LS1000-0840","oorspronkelijke publicatiejaar","2000","2011","AI-bibliografische correctie: oorspronkelijke publicatie in plaats van onjuist bron-/editiejaar; geen wijziging bestaand databasejaar."
"LS1000-0840","classificatiebasis","AI_KENNIS","AI_KENNIS_HERBEOORDEELD","Redactionele AI-indeling; geen HIGH-evidence of menselijke beoordeling."
"LS1000-0840","aanvullende genres","liefdesroman","","Aanvullende genres opnieuw inhoudelijk afgewogen; uitsluitend canonieke genres, doelgroep en werkvorm blijven afzonderlijk."
"LS1000-0841","hoofdcategorie NL","Romantiek","Literaire & algemene fictie","Inhoudelijke AI-herbeoordeling van dit werk; geen auteur-/titelwoordregel."
"LS1000-0841","hoofdcategorie EN","Romance","Literary & General Fiction","NL/EN verwijzen naar dezelfde categorie-ID."
"LS1000-0841","classificatiebasis","AI_KENNIS; WEB_GECONTROLEERD","AI_KENNIS_HERBEOORDEELD","Redactionele AI-indeling; geen HIGH-evidence of menselijke beoordeling."
"LS1000-0841","aanvullende genres","liefdesroman","","Aanvullende genres opnieuw inhoudelijk afgewogen; uitsluitend canonieke genres, doelgroep en werkvorm blijven afzonderlijk."
"LS1000-0842","hoofdcategorie NL","Romantiek","Literaire & algemene fictie","Inhoudelijke AI-herbeoordeling van dit werk; geen auteur-/titelwoordregel."
"LS1000-0842","hoofdcategorie EN","Romance","Literary & General Fiction","NL/EN verwijzen naar dezelfde categorie-ID."
"LS1000-0842","classificatiebasis","AI_KENNIS","AI_KENNIS_HERBEOORDEELD","Redactionele AI-indeling; geen HIGH-evidence of menselijke beoordeling."
"LS1000-0842","aanvullende genres","liefdesroman","","Aanvullende genres opnieuw inhoudelijk afgewogen; uitsluitend canonieke genres, doelgroep en werkvorm blijven afzonderlijk."
"LS1000-0843","classificatiebasis","AI_KENNIS","AI_KENNIS_HERBEOORDEELD","Redactionele AI-indeling; geen HIGH-evidence of menselijke beoordeling."
"LS1000-0843","aanvullende genres","liefdesroman","","Aanvullende genres opnieuw inhoudelijk afgewogen; uitsluitend canonieke genres, doelgroep en werkvorm blijven afzonderlijk."
"LS1000-0844","classificatiebasis","AI_KENNIS","AI_KENNIS_HERBEOORDEELD","Redactionele AI-indeling; geen HIGH-evidence of menselijke beoordeling."
"LS1000-0844","aanvullende genres","liefdesroman","","Aanvullende genres opnieuw inhoudelijk afgewogen; uitsluitend canonieke genres, doelgroep en werkvorm blijven afzonderlijk."
"LS1000-0845","classificatiebasis","AI_KENNIS","AI_KENNIS_HERBEOORDEELD","Redactionele AI-indeling; geen HIGH-evidence of menselijke beoordeling."
"LS1000-0845","aanvullende genres","liefdesroman","","Aanvullende genres opnieuw inhoudelijk afgewogen; uitsluitend canonieke genres, doelgroep en werkvorm blijven afzonderlijk."
"LS1000-0846","classificatiebasis","AI_KENNIS","AI_KENNIS_HERBEOORDEELD","Redactionele AI-indeling; geen HIGH-evidence of menselijke beoordeling."
"LS1000-0846","aanvullende genres","liefdesroman","","Aanvullende genres opnieuw inhoudelijk afgewogen; uitsluitend canonieke genres, doelgroep en werkvorm blijven afzonderlijk."
"LS1000-0847","hoofdcategorie NL","Romantiek","Literaire & algemene fictie","Inhoudelijke AI-herbeoordeling van dit werk; geen auteur-/titelwoordregel."
"LS1000-0847","hoofdcategorie EN","Romance","Literary & General Fiction","NL/EN verwijzen naar dezelfde categorie-ID."
"LS1000-0847","classificatiebasis","AI_KENNIS","AI_KENNIS_HERBEOORDEELD","Redactionele AI-indeling; geen HIGH-evidence of menselijke beoordeling."
"LS1000-0847","aanvullende genres","coming-of-age; liefdesroman","","Aanvullende genres opnieuw inhoudelijk afgewogen; uitsluitend canonieke genres, doelgroep en werkvorm blijven afzonderlijk."
"LS1000-0848","classificatiebasis","AI_KENNIS","AI_KENNIS_HERBEOORDEELD","Redactionele AI-indeling; geen HIGH-evidence of menselijke beoordeling."
"LS1000-0848","aanvullende genres","liefdesroman","","Aanvullende genres opnieuw inhoudelijk afgewogen; uitsluitend canonieke genres, doelgroep en werkvorm blijven afzonderlijk."
"LS1000-0849","classificatiebasis","AI_KENNIS","AI_KENNIS_HERBEOORDEELD","Redactionele AI-indeling; geen HIGH-evidence of menselijke beoordeling."
"LS1000-0849","aanvullende genres","liefdesroman","Fantasy","Aanvullende genres opnieuw inhoudelijk afgewogen; uitsluitend canonieke genres, doelgroep en werkvorm blijven afzonderlijk."
"LS1000-0850","classificatiebasis","AI_KENNIS","AI_KENNIS_HERBEOORDEELD","Redactionele AI-indeling; geen HIGH-evidence of menselijke beoordeling."
"LS1000-0850","aanvullende genres","liefdesroman","","Aanvullende genres opnieuw inhoudelijk afgewogen; uitsluitend canonieke genres, doelgroep en werkvorm blijven afzonderlijk."
"LS1000-0851","oorspronkelijke publicatiejaar","2013","2012","AI-bibliografische correctie: oorspronkelijke publicatie in plaats van onjuist bron-/editiejaar; geen wijziging bestaand databasejaar."
"LS1000-0851","classificatiebasis","AI_KENNIS","AI_KENNIS_HERBEOORDEELD","Redactionele AI-indeling; geen HIGH-evidence of menselijke beoordeling."
"LS1000-0851","aanvullende genres","liefdesroman","","Aanvullende genres opnieuw inhoudelijk afgewogen; uitsluitend canonieke genres, doelgroep en werkvorm blijven afzonderlijk."
"LS1000-0852","classificatiebasis","AI_KENNIS","AI_KENNIS_HERBEOORDEELD","Redactionele AI-indeling; geen HIGH-evidence of menselijke beoordeling."
"LS1000-0852","aanvullende genres","liefdesroman","","Aanvullende genres opnieuw inhoudelijk afgewogen; uitsluitend canonieke genres, doelgroep en werkvorm blijven afzonderlijk."
"LS1000-0853","hoofdcategorie NL","Romantiek","Literaire & algemene fictie","Inhoudelijke AI-herbeoordeling van dit werk; geen auteur-/titelwoordregel."
"LS1000-0853","hoofdcategorie EN","Romance","Literary & General Fiction","NL/EN verwijzen naar dezelfde categorie-ID."
"LS1000-0853","classificatiebasis","AI_KENNIS","AI_KENNIS_HERBEOORDEELD","Redactionele AI-indeling; geen HIGH-evidence of menselijke beoordeling."
"LS1000-0853","aanvullende genres","liefdesroman","","Aanvullende genres opnieuw inhoudelijk afgewogen; uitsluitend canonieke genres, doelgroep en werkvorm blijven afzonderlijk."
"LS1000-0854","classificatiebasis","AI_KENNIS","AI_KENNIS_HERBEOORDEELD","Redactionele AI-indeling; geen HIGH-evidence of menselijke beoordeling."
"LS1000-0854","aanvullende genres","liefdesroman","","Aanvullende genres opnieuw inhoudelijk afgewogen; uitsluitend canonieke genres, doelgroep en werkvorm blijven afzonderlijk."
"LS1000-0855","oorspronkelijke publicatiejaar","2012","2016","AI-bibliografische correctie: oorspronkelijke publicatie in plaats van onjuist bron-/editiejaar; geen wijziging bestaand databasejaar."
"LS1000-0855","classificatiebasis","AI_KENNIS","AI_KENNIS_HERBEOORDEELD","Redactionele AI-indeling; geen HIGH-evidence of menselijke beoordeling."
"LS1000-0855","aanvullende genres","liefdesroman","","Aanvullende genres opnieuw inhoudelijk afgewogen; uitsluitend canonieke genres, doelgroep en werkvorm blijven afzonderlijk."
"LS1000-0856","hoofdcategorie NL","Romantiek","Literaire & algemene fictie","Inhoudelijke AI-herbeoordeling van dit werk; geen auteur-/titelwoordregel."
"LS1000-0856","hoofdcategorie EN","Romance","Literary & General Fiction","NL/EN verwijzen naar dezelfde categorie-ID."
"LS1000-0856","classificatiebasis","AI_KENNIS; WEB_GECONTROLEERD","AI_KENNIS_HERBEOORDEELD","Redactionele AI-indeling; geen HIGH-evidence of menselijke beoordeling."
"LS1000-0856","aanvullende genres","liefdesroman","","Aanvullende genres opnieuw inhoudelijk afgewogen; uitsluitend canonieke genres, doelgroep en werkvorm blijven afzonderlijk."
"LS1000-0857","classificatiebasis","AI_KENNIS","AI_KENNIS_HERBEOORDEELD","Redactionele AI-indeling; geen HIGH-evidence of menselijke beoordeling."
"LS1000-0857","aanvullende genres","liefdesroman","","Aanvullende genres opnieuw inhoudelijk afgewogen; uitsluitend canonieke genres, doelgroep en werkvorm blijven afzonderlijk."
"LS1000-0858","classificatiebasis","AI_KENNIS","AI_KENNIS_HERBEOORDEELD","Redactionele AI-indeling; geen HIGH-evidence of menselijke beoordeling."
"LS1000-0858","aanvullende genres","liefdesroman","","Aanvullende genres opnieuw inhoudelijk afgewogen; uitsluitend canonieke genres, doelgroep en werkvorm blijven afzonderlijk."
"LS1000-0859","hoofdcategorie NL","Romantiek","Literaire & algemene fictie","Inhoudelijke AI-herbeoordeling van dit werk; geen auteur-/titelwoordregel."
"LS1000-0859","hoofdcategorie EN","Romance","Literary & General Fiction","NL/EN verwijzen naar dezelfde categorie-ID."
"LS1000-0859","oorspronkelijke publicatiejaar","2007","2003","AI-bibliografische correctie: oorspronkelijke publicatie in plaats van onjuist bron-/editiejaar; geen wijziging bestaand databasejaar."
"LS1000-0859","classificatiebasis","AI_KENNIS","AI_KENNIS_HERBEOORDEELD","Redactionele AI-indeling; geen HIGH-evidence of menselijke beoordeling."
"LS1000-0859","aanvullende genres","liefdesroman","","Aanvullende genres opnieuw inhoudelijk afgewogen; uitsluitend canonieke genres, doelgroep en werkvorm blijven afzonderlijk."
"LS1000-0860","hoofdcategorie NL","Romantiek","Feelgood","Inhoudelijke AI-herbeoordeling van dit werk; geen auteur-/titelwoordregel."
"LS1000-0860","hoofdcategorie EN","Romance","Feel-Good Fiction","NL/EN verwijzen naar dezelfde categorie-ID."
"LS1000-0860","classificatiebasis","AI_KENNIS","AI_KENNIS_HERBEOORDEELD","Redactionele AI-indeling; geen HIGH-evidence of menselijke beoordeling."
"LS1000-0860","aanvullende genres","liefdesroman","","Aanvullende genres opnieuw inhoudelijk afgewogen; uitsluitend canonieke genres, doelgroep en werkvorm blijven afzonderlijk."
"LS1000-0861","classificatiebasis","AI_KENNIS","AI_KENNIS_HERBEOORDEELD","Redactionele AI-indeling; geen HIGH-evidence of menselijke beoordeling."
"LS1000-0861","aanvullende genres","liefdesroman","","Aanvullende genres opnieuw inhoudelijk afgewogen; uitsluitend canonieke genres, doelgroep en werkvorm blijven afzonderlijk."
"LS1000-0862","hoofdcategorie NL","Romantiek","Literaire & algemene fictie","Inhoudelijke AI-herbeoordeling van dit werk; geen auteur-/titelwoordregel."
"LS1000-0862","hoofdcategorie EN","Romance","Literary & General Fiction","NL/EN verwijzen naar dezelfde categorie-ID."
"LS1000-0862","classificatiebasis","AI_KENNIS","AI_KENNIS_HERBEOORDEELD","Redactionele AI-indeling; geen HIGH-evidence of menselijke beoordeling."
"LS1000-0862","aanvullende genres","liefdesroman","","Aanvullende genres opnieuw inhoudelijk afgewogen; uitsluitend canonieke genres, doelgroep en werkvorm blijven afzonderlijk."
"LS1000-0863","oorspronkelijke publicatiejaar","2015","","Exact oorspronkelijk publicatiejaar onvoldoende vastgesteld; niet afleiden van editie/ontstaan."
"LS1000-0863","classificatiestatus","ZEKER","TWIJFEL","Doorlopende webroman/edities en oorspronkelijke publicatie onvoldoende afgebakend."
"LS1000-0863","classificatiebasis","AI_KENNIS","AI_KENNIS_HERBEOORDEELD","Redactionele AI-indeling; geen HIGH-evidence of menselijke beoordeling."
"LS1000-0863","aanvullende genres","liefdesroman","","Aanvullende genres opnieuw inhoudelijk afgewogen; uitsluitend canonieke genres, doelgroep en werkvorm blijven afzonderlijk."
"LS1000-0864","classificatiebasis","AI_KENNIS","AI_KENNIS_HERBEOORDEELD","Redactionele AI-indeling; geen HIGH-evidence of menselijke beoordeling."
"LS1000-0864","aanvullende genres","liefdesroman","","Aanvullende genres opnieuw inhoudelijk afgewogen; uitsluitend canonieke genres, doelgroep en werkvorm blijven afzonderlijk."
"LS1000-0865","oorspronkelijke publicatiejaar","2023","2022","AI-bibliografische correctie: oorspronkelijke publicatie in plaats van onjuist bron-/editiejaar; geen wijziging bestaand databasejaar."
"LS1000-0865","classificatiebasis","AI_KENNIS","AI_KENNIS_HERBEOORDEELD","Redactionele AI-indeling; geen HIGH-evidence of menselijke beoordeling."
"LS1000-0865","aanvullende genres","liefdesroman","","Aanvullende genres opnieuw inhoudelijk afgewogen; uitsluitend canonieke genres, doelgroep en werkvorm blijven afzonderlijk."
"LS1000-0866","classificatiebasis","AI_KENNIS","AI_KENNIS_HERBEOORDEELD","Redactionele AI-indeling; geen HIGH-evidence of menselijke beoordeling."
"LS1000-0866","aanvullende genres","liefdesroman","Sciencefiction","Aanvullende genres opnieuw inhoudelijk afgewogen; uitsluitend canonieke genres, doelgroep en werkvorm blijven afzonderlijk."
"LS1000-0867","classificatiebasis","AI_KENNIS","AI_KENNIS_HERBEOORDEELD","Redactionele AI-indeling; geen HIGH-evidence of menselijke beoordeling."
"LS1000-0867","aanvullende genres","liefdesroman","","Aanvullende genres opnieuw inhoudelijk afgewogen; uitsluitend canonieke genres, doelgroep en werkvorm blijven afzonderlijk."
"LS1000-0868","hoofdcategorie NL","Romantiek","Literaire & algemene fictie","Inhoudelijke AI-herbeoordeling van dit werk; geen auteur-/titelwoordregel."
"LS1000-0868","hoofdcategorie EN","Romance","Literary & General Fiction","NL/EN verwijzen naar dezelfde categorie-ID."
"LS1000-0868","classificatiebasis","AI_KENNIS","AI_KENNIS_HERBEOORDEELD","Redactionele AI-indeling; geen HIGH-evidence of menselijke beoordeling."
"LS1000-0868","aanvullende genres","liefdesroman","","Aanvullende genres opnieuw inhoudelijk afgewogen; uitsluitend canonieke genres, doelgroep en werkvorm blijven afzonderlijk."
"LS1000-0869","hoofdcategorie NL","Romantiek","Literaire & algemene fictie","Inhoudelijke AI-herbeoordeling van dit werk; geen auteur-/titelwoordregel."
"LS1000-0869","hoofdcategorie EN","Romance","Literary & General Fiction","NL/EN verwijzen naar dezelfde categorie-ID."
"LS1000-0869","classificatiebasis","AI_KENNIS","AI_KENNIS_HERBEOORDEELD","Redactionele AI-indeling; geen HIGH-evidence of menselijke beoordeling."
"LS1000-0869","aanvullende genres","liefdesroman","","Aanvullende genres opnieuw inhoudelijk afgewogen; uitsluitend canonieke genres, doelgroep en werkvorm blijven afzonderlijk."
"LS1000-0870","hoofdcategorie NL","Romantiek","Literaire & algemene fictie","Inhoudelijke AI-herbeoordeling van dit werk; geen auteur-/titelwoordregel."
"LS1000-0870","hoofdcategorie EN","Romance","Literary & General Fiction","NL/EN verwijzen naar dezelfde categorie-ID."
"LS1000-0870","classificatiebasis","AI_KENNIS","AI_KENNIS_HERBEOORDEELD","Redactionele AI-indeling; geen HIGH-evidence of menselijke beoordeling."
"LS1000-0870","aanvullende genres","liefdesroman","","Aanvullende genres opnieuw inhoudelijk afgewogen; uitsluitend canonieke genres, doelgroep en werkvorm blijven afzonderlijk."
"LS1000-0871","classificatiebasis","AI_KENNIS","AI_KENNIS_HERBEOORDEELD","Redactionele AI-indeling; geen HIGH-evidence of menselijke beoordeling."
"LS1000-0871","aanvullende genres","liefdesroman","","Aanvullende genres opnieuw inhoudelijk afgewogen; uitsluitend canonieke genres, doelgroep en werkvorm blijven afzonderlijk."
"LS1000-0872","hoofdcategorie NL","Romantiek","Detectives & misdaadfictie","Inhoudelijke AI-herbeoordeling van dit werk; geen auteur-/titelwoordregel."
"LS1000-0872","hoofdcategorie EN","Romance","Mystery & Crime Fiction","NL/EN verwijzen naar dezelfde categorie-ID."
"LS1000-0872","oorspronkelijke publicatiejaar","2014","2017","AI-bibliografische correctie: oorspronkelijke publicatie in plaats van onjuist bron-/editiejaar; geen wijziging bestaand databasejaar."
"LS1000-0872","classificatiebasis","AI_KENNIS","AI_KENNIS_HERBEOORDEELD","Redactionele AI-indeling; geen HIGH-evidence of menselijke beoordeling."
"LS1000-0872","aanvullende genres","coming-of-age; liefdesroman","","Aanvullende genres opnieuw inhoudelijk afgewogen; uitsluitend canonieke genres, doelgroep en werkvorm blijven afzonderlijk."
"LS1000-0873","hoofdcategorie NL","Romantiek","Feelgood","Inhoudelijke AI-herbeoordeling van dit werk; geen auteur-/titelwoordregel."
"LS1000-0873","hoofdcategorie EN","Romance","Feel-Good Fiction","NL/EN verwijzen naar dezelfde categorie-ID."
"LS1000-0873","oorspronkelijke publicatiejaar","2020","2019","AI-bibliografische correctie: oorspronkelijke publicatie in plaats van onjuist bron-/editiejaar; geen wijziging bestaand databasejaar."
"LS1000-0873","classificatiebasis","AI_KENNIS","AI_KENNIS_HERBEOORDEELD","Redactionele AI-indeling; geen HIGH-evidence of menselijke beoordeling."
"LS1000-0873","aanvullende genres","liefdesroman","","Aanvullende genres opnieuw inhoudelijk afgewogen; uitsluitend canonieke genres, doelgroep en werkvorm blijven afzonderlijk."
"LS1000-0874","classificatiebasis","AI_KENNIS","AI_KENNIS_HERBEOORDEELD","Redactionele AI-indeling; geen HIGH-evidence of menselijke beoordeling."
"LS1000-0874","aanvullende genres","liefdesroman","Historische fictie; Fantasy","Aanvullende genres opnieuw inhoudelijk afgewogen; uitsluitend canonieke genres, doelgroep en werkvorm blijven afzonderlijk."
"LS1000-0875","hoofdcategorie NL","Romantiek","Literaire & algemene fictie","Inhoudelijke AI-herbeoordeling van dit werk; geen auteur-/titelwoordregel."
"LS1000-0875","hoofdcategorie EN","Romance","Literary & General Fiction","NL/EN verwijzen naar dezelfde categorie-ID."
"LS1000-0875","classificatiebasis","AI_KENNIS","AI_KENNIS_HERBEOORDEELD","Redactionele AI-indeling; geen HIGH-evidence of menselijke beoordeling."
"LS1000-0875","aanvullende genres","coming-of-age; liefdesroman","","Aanvullende genres opnieuw inhoudelijk afgewogen; uitsluitend canonieke genres, doelgroep en werkvorm blijven afzonderlijk."
"LS1000-0876","oorspronkelijke publicatiejaar","1789","1817","Uitgegeven december 1817; titelblad vermeldt 1818."
"LS1000-0876","classificatiebasis","AI_KENNIS","AI_KENNIS_HERBEOORDEELD","Redactionele AI-indeling; geen HIGH-evidence of menselijke beoordeling."
"LS1000-0876","aanvullende genres","liefdesroman","","Aanvullende genres opnieuw inhoudelijk afgewogen; uitsluitend canonieke genres, doelgroep en werkvorm blijven afzonderlijk."
"LS1000-0877","hoofdcategorie NL","Romantiek","Feelgood","Inhoudelijke AI-herbeoordeling van dit werk; geen auteur-/titelwoordregel."
"LS1000-0877","hoofdcategorie EN","Romance","Feel-Good Fiction","NL/EN verwijzen naar dezelfde categorie-ID."
"LS1000-0877","oorspronkelijke publicatiejaar","2016","2014","AI-bibliografische correctie: oorspronkelijke publicatie in plaats van onjuist bron-/editiejaar; geen wijziging bestaand databasejaar."
"LS1000-0877","classificatiebasis","AI_KENNIS","AI_KENNIS_HERBEOORDEELD","Redactionele AI-indeling; geen HIGH-evidence of menselijke beoordeling."
"LS1000-0877","aanvullende genres","liefdesroman","","Aanvullende genres opnieuw inhoudelijk afgewogen; uitsluitend canonieke genres, doelgroep en werkvorm blijven afzonderlijk."
"LS1000-0878","hoofdcategorie NL","Romantiek","Literaire & algemene fictie","Inhoudelijke AI-herbeoordeling van dit werk; geen auteur-/titelwoordregel."
"LS1000-0878","hoofdcategorie EN","Romance","Literary & General Fiction","NL/EN verwijzen naar dezelfde categorie-ID."
"LS1000-0878","classificatiebasis","AI_KENNIS; WEB_GECONTROLEERD","AI_KENNIS_HERBEOORDEELD","Redactionele AI-indeling; geen HIGH-evidence of menselijke beoordeling."
"LS1000-0878","aanvullende genres","liefdesroman","","Aanvullende genres opnieuw inhoudelijk afgewogen; uitsluitend canonieke genres, doelgroep en werkvorm blijven afzonderlijk."
"LS1000-0879","classificatiebasis","AI_KENNIS","AI_KENNIS_HERBEOORDEELD","Redactionele AI-indeling; geen HIGH-evidence of menselijke beoordeling."
"LS1000-0879","aanvullende genres","liefdesroman","","Aanvullende genres opnieuw inhoudelijk afgewogen; uitsluitend canonieke genres, doelgroep en werkvorm blijven afzonderlijk."
"LS1000-0880","classificatiebasis","AI_KENNIS","AI_KENNIS_HERBEOORDEELD","Redactionele AI-indeling; geen HIGH-evidence of menselijke beoordeling."
"LS1000-0880","aanvullende genres","liefdesroman","","Aanvullende genres opnieuw inhoudelijk afgewogen; uitsluitend canonieke genres, doelgroep en werkvorm blijven afzonderlijk."
"LS1000-0881","hoofdcategorie NL","Romantiek","Thrillers & spanning","Inhoudelijke AI-herbeoordeling van dit werk; geen auteur-/titelwoordregel."
"LS1000-0881","hoofdcategorie EN","Romance","Thrillers & Suspense","NL/EN verwijzen naar dezelfde categorie-ID."
"LS1000-0881","classificatiebasis","AI_KENNIS","AI_KENNIS_HERBEOORDEELD","Redactionele AI-indeling; geen HIGH-evidence of menselijke beoordeling."
"LS1000-0881","aanvullende genres","liefdesroman","","Aanvullende genres opnieuw inhoudelijk afgewogen; uitsluitend canonieke genres, doelgroep en werkvorm blijven afzonderlijk."
"LS1000-0882","classificatiebasis","AI_KENNIS","AI_KENNIS_HERBEOORDEELD","Redactionele AI-indeling; geen HIGH-evidence of menselijke beoordeling."
"LS1000-0882","aanvullende genres","liefdesroman","","Aanvullende genres opnieuw inhoudelijk afgewogen; uitsluitend canonieke genres, doelgroep en werkvorm blijven afzonderlijk."
"LS1000-0883","classificatiebasis","AI_KENNIS","AI_KENNIS_HERBEOORDEELD","Redactionele AI-indeling; geen HIGH-evidence of menselijke beoordeling."
"LS1000-0883","aanvullende genres","liefdesroman","","Aanvullende genres opnieuw inhoudelijk afgewogen; uitsluitend canonieke genres, doelgroep en werkvorm blijven afzonderlijk."
"LS1000-0884","classificatiebasis","AI_KENNIS","AI_KENNIS_HERBEOORDEELD","Redactionele AI-indeling; geen HIGH-evidence of menselijke beoordeling."
"LS1000-0884","aanvullende genres","liefdesroman","","Aanvullende genres opnieuw inhoudelijk afgewogen; uitsluitend canonieke genres, doelgroep en werkvorm blijven afzonderlijk."
"LS1000-0885","classificatiebasis","AI_KENNIS","AI_KENNIS_HERBEOORDEELD","Redactionele AI-indeling; geen HIGH-evidence of menselijke beoordeling."
"LS1000-0885","aanvullende genres","liefdesroman","","Aanvullende genres opnieuw inhoudelijk afgewogen; uitsluitend canonieke genres, doelgroep en werkvorm blijven afzonderlijk."
"LS1000-0886","oorspronkelijke publicatiejaar","2010","2012","AI-bibliografische correctie: oorspronkelijke publicatie in plaats van onjuist bron-/editiejaar; geen wijziging bestaand databasejaar."
"LS1000-0886","classificatiebasis","AI_KENNIS","AI_KENNIS_HERBEOORDEELD","Redactionele AI-indeling; geen HIGH-evidence of menselijke beoordeling."
"LS1000-0886","aanvullende genres","liefdesroman","","Aanvullende genres opnieuw inhoudelijk afgewogen; uitsluitend canonieke genres, doelgroep en werkvorm blijven afzonderlijk."
"LS1000-0887","hoofdcategorie NL","Romantiek","Thrillers & spanning","Inhoudelijke AI-herbeoordeling van dit werk; geen auteur-/titelwoordregel."
"LS1000-0887","hoofdcategorie EN","Romance","Thrillers & Suspense","NL/EN verwijzen naar dezelfde categorie-ID."
"LS1000-0887","classificatiebasis","AI_KENNIS; WEB_GECONTROLEERD","AI_KENNIS_HERBEOORDEELD","Redactionele AI-indeling; geen HIGH-evidence of menselijke beoordeling."
"LS1000-0887","aanvullende genres","liefdesroman","","Aanvullende genres opnieuw inhoudelijk afgewogen; uitsluitend canonieke genres, doelgroep en werkvorm blijven afzonderlijk."
"LS1000-0888","classificatiebasis","AI_KENNIS","AI_KENNIS_HERBEOORDEELD","Redactionele AI-indeling; geen HIGH-evidence of menselijke beoordeling."
"LS1000-0888","aanvullende genres","liefdesroman","","Aanvullende genres opnieuw inhoudelijk afgewogen; uitsluitend canonieke genres, doelgroep en werkvorm blijven afzonderlijk."
"LS1000-0889","hoofdcategorie NL","Romantiek","Literaire & algemene fictie","Inhoudelijke AI-herbeoordeling van dit werk; geen auteur-/titelwoordregel."
"LS1000-0889","hoofdcategorie EN","Romance","Literary & General Fiction","NL/EN verwijzen naar dezelfde categorie-ID."
"LS1000-0889","classificatiebasis","AI_KENNIS","AI_KENNIS_HERBEOORDEELD","Redactionele AI-indeling; geen HIGH-evidence of menselijke beoordeling."
"LS1000-0889","aanvullende genres","coming-of-age; liefdesroman","","Aanvullende genres opnieuw inhoudelijk afgewogen; uitsluitend canonieke genres, doelgroep en werkvorm blijven afzonderlijk."
"LS1000-0890","classificatiebasis","AI_KENNIS","AI_KENNIS_HERBEOORDEELD","Redactionele AI-indeling; geen HIGH-evidence of menselijke beoordeling."
"LS1000-0890","aanvullende genres","liefdesroman","","Aanvullende genres opnieuw inhoudelijk afgewogen; uitsluitend canonieke genres, doelgroep en werkvorm blijven afzonderlijk."
"LS1000-0891","hoofdcategorie NL","Romantiek","Literaire & algemene fictie","Inhoudelijke AI-herbeoordeling van dit werk; geen auteur-/titelwoordregel."
"LS1000-0891","hoofdcategorie EN","Romance","Literary & General Fiction","NL/EN verwijzen naar dezelfde categorie-ID."
"LS1000-0891","oorspronkelijke publicatiejaar","1914","1915","AI-bibliografische correctie: oorspronkelijke publicatie in plaats van onjuist bron-/editiejaar; geen wijziging bestaand databasejaar."
"LS1000-0891","classificatiebasis","AI_KENNIS; WEB_GECONTROLEERD","AI_KENNIS_HERBEOORDEELD","Redactionele AI-indeling; geen HIGH-evidence of menselijke beoordeling."
"LS1000-0891","aanvullende genres","liefdesroman","","Aanvullende genres opnieuw inhoudelijk afgewogen; uitsluitend canonieke genres, doelgroep en werkvorm blijven afzonderlijk."
"LS1000-0892","hoofdcategorie NL","Romantiek","Fantasy","Inhoudelijke AI-herbeoordeling van dit werk; geen auteur-/titelwoordregel."
"LS1000-0892","hoofdcategorie EN","Romance","Fantasy","NL/EN verwijzen naar dezelfde categorie-ID."
"LS1000-0892","classificatiebasis","AI_KENNIS","AI_KENNIS_HERBEOORDEELD","Redactionele AI-indeling; geen HIGH-evidence of menselijke beoordeling."
"LS1000-0892","aanvullende genres","liefdesroman","Romantiek","Aanvullende genres opnieuw inhoudelijk afgewogen; uitsluitend canonieke genres, doelgroep en werkvorm blijven afzonderlijk."
"LS1000-0893","classificatiebasis","AI_KENNIS","AI_KENNIS_HERBEOORDEELD","Redactionele AI-indeling; geen HIGH-evidence of menselijke beoordeling."
"LS1000-0893","aanvullende genres","liefdesroman","","Aanvullende genres opnieuw inhoudelijk afgewogen; uitsluitend canonieke genres, doelgroep en werkvorm blijven afzonderlijk."
"LS1000-0894","hoofdcategorie NL","Romantiek","Fantasy","Inhoudelijke AI-herbeoordeling van dit werk; geen auteur-/titelwoordregel."
"LS1000-0894","hoofdcategorie EN","Romance","Fantasy","NL/EN verwijzen naar dezelfde categorie-ID."
"LS1000-0894","classificatiebasis","AI_KENNIS","AI_KENNIS_HERBEOORDEELD","Redactionele AI-indeling; geen HIGH-evidence of menselijke beoordeling."
"LS1000-0894","aanvullende genres","liefdesroman","Romantiek","Aanvullende genres opnieuw inhoudelijk afgewogen; uitsluitend canonieke genres, doelgroep en werkvorm blijven afzonderlijk."
"LS1000-0895","classificatiebasis","AI_KENNIS; WEB_GECONTROLEERD","AI_KENNIS_HERBEOORDEELD","Redactionele AI-indeling; geen HIGH-evidence of menselijke beoordeling."
"LS1000-0895","aanvullende genres","liefdesroman","","Aanvullende genres opnieuw inhoudelijk afgewogen; uitsluitend canonieke genres, doelgroep en werkvorm blijven afzonderlijk."
"LS1000-0896","classificatiebasis","AI_KENNIS","AI_KENNIS_HERBEOORDEELD","Redactionele AI-indeling; geen HIGH-evidence of menselijke beoordeling."
"LS1000-0896","aanvullende genres","liefdesroman","","Aanvullende genres opnieuw inhoudelijk afgewogen; uitsluitend canonieke genres, doelgroep en werkvorm blijven afzonderlijk."
"LS1000-0897","classificatiebasis","AI_KENNIS","AI_KENNIS_HERBEOORDEELD","Redactionele AI-indeling; geen HIGH-evidence of menselijke beoordeling."
"LS1000-0897","aanvullende genres","liefdesroman","","Aanvullende genres opnieuw inhoudelijk afgewogen; uitsluitend canonieke genres, doelgroep en werkvorm blijven afzonderlijk."
"LS1000-0898","hoofdcategorie NL","Romantiek","Literaire & algemene fictie","Inhoudelijke AI-herbeoordeling van dit werk; geen auteur-/titelwoordregel."
"LS1000-0898","hoofdcategorie EN","Romance","Literary & General Fiction","NL/EN verwijzen naar dezelfde categorie-ID."
"LS1000-0898","classificatiebasis","AI_KENNIS","AI_KENNIS_HERBEOORDEELD","Redactionele AI-indeling; geen HIGH-evidence of menselijke beoordeling."
"LS1000-0898","aanvullende genres","liefdesroman","","Aanvullende genres opnieuw inhoudelijk afgewogen; uitsluitend canonieke genres, doelgroep en werkvorm blijven afzonderlijk."
"LS1000-0899","classificatiebasis","AI_KENNIS","AI_KENNIS_HERBEOORDEELD","Redactionele AI-indeling; geen HIGH-evidence of menselijke beoordeling."
"LS1000-0899","aanvullende genres","liefdesroman","Fantasy","Aanvullende genres opnieuw inhoudelijk afgewogen; uitsluitend canonieke genres, doelgroep en werkvorm blijven afzonderlijk."
"LS1000-0900","classificatiebasis","AI_KENNIS","AI_KENNIS_HERBEOORDEELD","Redactionele AI-indeling; geen HIGH-evidence of menselijke beoordeling."
"LS1000-0900","aanvullende genres","liefdesroman","","Aanvullende genres opnieuw inhoudelijk afgewogen; uitsluitend canonieke genres, doelgroep en werkvorm blijven afzonderlijk."
"LS1000-0901","classificatiebasis","AI_KENNIS","AI_KENNIS_HERBEOORDEELD","Redactionele AI-indeling; geen HIGH-evidence of menselijke beoordeling."
"LS1000-0901","aanvullende genres","liefdesroman","","Aanvullende genres opnieuw inhoudelijk afgewogen; uitsluitend canonieke genres, doelgroep en werkvorm blijven afzonderlijk."
"LS1000-0902","classificatiebasis","AI_KENNIS","AI_KENNIS_HERBEOORDEELD","Redactionele AI-indeling; geen HIGH-evidence of menselijke beoordeling."
"LS1000-0902","aanvullende genres","liefdesroman","Sciencefiction","Aanvullende genres opnieuw inhoudelijk afgewogen; uitsluitend canonieke genres, doelgroep en werkvorm blijven afzonderlijk."
"LS1000-0903","classificatiebasis","AI_KENNIS","AI_KENNIS_HERBEOORDEELD","Redactionele AI-indeling; geen HIGH-evidence of menselijke beoordeling."
"LS1000-0903","aanvullende genres","liefdesroman","","Aanvullende genres opnieuw inhoudelijk afgewogen; uitsluitend canonieke genres, doelgroep en werkvorm blijven afzonderlijk."
"LS1000-0904","hoofdcategorie NL","Romantiek","Literaire & algemene fictie","Inhoudelijke AI-herbeoordeling van dit werk; geen auteur-/titelwoordregel."
"LS1000-0904","hoofdcategorie EN","Romance","Literary & General Fiction","NL/EN verwijzen naar dezelfde categorie-ID."
"LS1000-0904","classificatiebasis","AI_KENNIS; WEB_GECONTROLEERD","AI_KENNIS_HERBEOORDEELD","Redactionele AI-indeling; geen HIGH-evidence of menselijke beoordeling."
"LS1000-0904","aanvullende genres","liefdesroman","","Aanvullende genres opnieuw inhoudelijk afgewogen; uitsluitend canonieke genres, doelgroep en werkvorm blijven afzonderlijk."
"LS1000-0905","classificatiebasis","AI_KENNIS","AI_KENNIS_HERBEOORDEELD","Redactionele AI-indeling; geen HIGH-evidence of menselijke beoordeling."
"LS1000-0905","aanvullende genres","liefdesroman","","Aanvullende genres opnieuw inhoudelijk afgewogen; uitsluitend canonieke genres, doelgroep en werkvorm blijven afzonderlijk."
"LS1000-0906","classificatiebasis","AI_KENNIS","AI_KENNIS_HERBEOORDEELD","Redactionele AI-indeling; geen HIGH-evidence of menselijke beoordeling."
"LS1000-0906","aanvullende genres","liefdesroman","","Aanvullende genres opnieuw inhoudelijk afgewogen; uitsluitend canonieke genres, doelgroep en werkvorm blijven afzonderlijk."
"LS1000-0907","classificatiebasis","AI_KENNIS","AI_KENNIS_HERBEOORDEELD","Redactionele AI-indeling; geen HIGH-evidence of menselijke beoordeling."
"LS1000-0907","aanvullende genres","liefdesroman","","Aanvullende genres opnieuw inhoudelijk afgewogen; uitsluitend canonieke genres, doelgroep en werkvorm blijven afzonderlijk."
"LS1000-0908","classificatiebasis","AI_KENNIS","AI_KENNIS_HERBEOORDEELD","Redactionele AI-indeling; geen HIGH-evidence of menselijke beoordeling."
"LS1000-0908","aanvullende genres","coming-of-age; liefdesroman","","Aanvullende genres opnieuw inhoudelijk afgewogen; uitsluitend canonieke genres, doelgroep en werkvorm blijven afzonderlijk."
"LS1000-0909","classificatiebasis","AI_KENNIS","AI_KENNIS_HERBEOORDEELD","Redactionele AI-indeling; geen HIGH-evidence of menselijke beoordeling."
"LS1000-0909","aanvullende genres","liefdesroman","","Aanvullende genres opnieuw inhoudelijk afgewogen; uitsluitend canonieke genres, doelgroep en werkvorm blijven afzonderlijk."
"LS1000-0910","classificatiebasis","AI_KENNIS","AI_KENNIS_HERBEOORDEELD","Redactionele AI-indeling; geen HIGH-evidence of menselijke beoordeling."
"LS1000-0910","aanvullende genres","liefdesroman","","Aanvullende genres opnieuw inhoudelijk afgewogen; uitsluitend canonieke genres, doelgroep en werkvorm blijven afzonderlijk."
"LS1000-0911","classificatiebasis","AI_KENNIS","AI_KENNIS_HERBEOORDEELD","Redactionele AI-indeling; geen HIGH-evidence of menselijke beoordeling."
"LS1000-0911","aanvullende genres","liefdesroman","","Aanvullende genres opnieuw inhoudelijk afgewogen; uitsluitend canonieke genres, doelgroep en werkvorm blijven afzonderlijk."
"LS1000-0912","classificatiebasis","AI_KENNIS","AI_KENNIS_HERBEOORDEELD","Redactionele AI-indeling; geen HIGH-evidence of menselijke beoordeling."
"LS1000-0912","aanvullende genres","liefdesroman","","Aanvullende genres opnieuw inhoudelijk afgewogen; uitsluitend canonieke genres, doelgroep en werkvorm blijven afzonderlijk."
"LS1000-0913","classificatiebasis","AI_KENNIS","AI_KENNIS_HERBEOORDEELD","Redactionele AI-indeling; geen HIGH-evidence of menselijke beoordeling."
"LS1000-0913","aanvullende genres","liefdesroman","","Aanvullende genres opnieuw inhoudelijk afgewogen; uitsluitend canonieke genres, doelgroep en werkvorm blijven afzonderlijk."
"LS1000-0914","classificatiebasis","AI_KENNIS","AI_KENNIS_HERBEOORDEELD","Redactionele AI-indeling; geen HIGH-evidence of menselijke beoordeling."
"LS1000-0914","aanvullende genres","liefdesroman","","Aanvullende genres opnieuw inhoudelijk afgewogen; uitsluitend canonieke genres, doelgroep en werkvorm blijven afzonderlijk."
"LS1000-0915","classificatiebasis","AI_KENNIS","AI_KENNIS_HERBEOORDEELD","Redactionele AI-indeling; geen HIGH-evidence of menselijke beoordeling."
"LS1000-0915","aanvullende genres","coming-of-age; liefdesroman","","Aanvullende genres opnieuw inhoudelijk afgewogen; uitsluitend canonieke genres, doelgroep en werkvorm blijven afzonderlijk."
"LS1000-0916","hoofdcategorie NL","Romantiek","Feelgood","Inhoudelijke AI-herbeoordeling van dit werk; geen auteur-/titelwoordregel."
"LS1000-0916","hoofdcategorie EN","Romance","Feel-Good Fiction","NL/EN verwijzen naar dezelfde categorie-ID."
"LS1000-0916","classificatiebasis","AI_KENNIS","AI_KENNIS_HERBEOORDEELD","Redactionele AI-indeling; geen HIGH-evidence of menselijke beoordeling."
"LS1000-0916","aanvullende genres","liefdesroman","","Aanvullende genres opnieuw inhoudelijk afgewogen; uitsluitend canonieke genres, doelgroep en werkvorm blijven afzonderlijk."
"LS1000-0917","classificatiebasis","AI_KENNIS","AI_KENNIS_HERBEOORDEELD","Redactionele AI-indeling; geen HIGH-evidence of menselijke beoordeling."
"LS1000-0917","aanvullende genres","liefdesroman","","Aanvullende genres opnieuw inhoudelijk afgewogen; uitsluitend canonieke genres, doelgroep en werkvorm blijven afzonderlijk."
"LS1000-0918","oorspronkelijke publicatiejaar","1980","1988","AI-bibliografische correctie: oorspronkelijke publicatie in plaats van onjuist bron-/editiejaar; geen wijziging bestaand databasejaar."
"LS1000-0918","classificatiebasis","AI_KENNIS","AI_KENNIS_HERBEOORDEELD","Redactionele AI-indeling; geen HIGH-evidence of menselijke beoordeling."
"LS1000-0918","aanvullende genres","liefdesroman","","Aanvullende genres opnieuw inhoudelijk afgewogen; uitsluitend canonieke genres, doelgroep en werkvorm blijven afzonderlijk."
"LS1000-0919","classificatiebasis","AI_KENNIS","AI_KENNIS_HERBEOORDEELD","Redactionele AI-indeling; geen HIGH-evidence of menselijke beoordeling."
"LS1000-0919","aanvullende genres","liefdesroman","","Aanvullende genres opnieuw inhoudelijk afgewogen; uitsluitend canonieke genres, doelgroep en werkvorm blijven afzonderlijk."
"LS1000-0920","classificatiebasis","AI_KENNIS","AI_KENNIS_HERBEOORDEELD","Redactionele AI-indeling; geen HIGH-evidence of menselijke beoordeling."
"LS1000-0920","aanvullende genres","klassieker; dystopie","","Aanvullende genres opnieuw inhoudelijk afgewogen; uitsluitend canonieke genres, doelgroep en werkvorm blijven afzonderlijk."
"LS1000-0921","classificatiebasis","AI_KENNIS","AI_KENNIS_HERBEOORDEELD","Redactionele AI-indeling; geen HIGH-evidence of menselijke beoordeling."
"LS1000-0921","aanvullende genres","dystopie","","Aanvullende genres opnieuw inhoudelijk afgewogen; uitsluitend canonieke genres, doelgroep en werkvorm blijven afzonderlijk."
"LS1000-0922","classificatiebasis","AI_KENNIS","AI_KENNIS_HERBEOORDEELD","Redactionele AI-indeling; geen HIGH-evidence of menselijke beoordeling."
"LS1000-0922","aanvullende genres","coming-of-age; speculatieve fictie","Fantasy","Aanvullende genres opnieuw inhoudelijk afgewogen; uitsluitend canonieke genres, doelgroep en werkvorm blijven afzonderlijk."
"LS1000-0923","hoofdcategorie NL","Sciencefiction","Fantasy","Inhoudelijke AI-herbeoordeling van dit werk; geen auteur-/titelwoordregel."
"LS1000-0923","hoofdcategorie EN","Science Fiction","Fantasy","NL/EN verwijzen naar dezelfde categorie-ID."
"LS1000-0923","classificatiebasis","AI_KENNIS","AI_KENNIS_HERBEOORDEELD","Redactionele AI-indeling; geen HIGH-evidence of menselijke beoordeling."
"LS1000-0923","aanvullende genres","coming-of-age; speculatieve fictie","","Aanvullende genres opnieuw inhoudelijk afgewogen; uitsluitend canonieke genres, doelgroep en werkvorm blijven afzonderlijk."
"LS1000-0924","classificatiebasis","AI_KENNIS","AI_KENNIS_HERBEOORDEELD","Redactionele AI-indeling; geen HIGH-evidence of menselijke beoordeling."
"LS1000-0924","aanvullende genres","dystopie","","Aanvullende genres opnieuw inhoudelijk afgewogen; uitsluitend canonieke genres, doelgroep en werkvorm blijven afzonderlijk."
"LS1000-0925","classificatiebasis","AI_KENNIS","AI_KENNIS_HERBEOORDEELD","Redactionele AI-indeling; geen HIGH-evidence of menselijke beoordeling."
"LS1000-0925","aanvullende genres","dystopie","","Aanvullende genres opnieuw inhoudelijk afgewogen; uitsluitend canonieke genres, doelgroep en werkvorm blijven afzonderlijk."
"LS1000-0926","oorspronkelijke publicatiejaar","2010","2011","AI-bibliografische correctie: oorspronkelijke publicatie in plaats van onjuist bron-/editiejaar; geen wijziging bestaand databasejaar."
"LS1000-0926","classificatiebasis","AI_KENNIS","AI_KENNIS_HERBEOORDEELD","Redactionele AI-indeling; geen HIGH-evidence of menselijke beoordeling."
"LS1000-0926","aanvullende genres","dystopie","","Aanvullende genres opnieuw inhoudelijk afgewogen; uitsluitend canonieke genres, doelgroep en werkvorm blijven afzonderlijk."
"LS1000-0927","hoofdcategorie NL","Sciencefiction","Literaire & algemene fictie","Inhoudelijke AI-herbeoordeling van dit werk; geen auteur-/titelwoordregel."
"LS1000-0927","hoofdcategorie EN","Science Fiction","Literary & General Fiction","NL/EN verwijzen naar dezelfde categorie-ID."
"LS1000-0927","classificatiebasis","AI_KENNIS","AI_KENNIS_HERBEOORDEELD","Redactionele AI-indeling; geen HIGH-evidence of menselijke beoordeling."
"LS1000-0927","aanvullende genres","speculatieve fictie","","Aanvullende genres opnieuw inhoudelijk afgewogen; uitsluitend canonieke genres, doelgroep en werkvorm blijven afzonderlijk."
"LS1000-0928","classificatiebasis","AI_KENNIS; WEB_GECONTROLEERD","AI_KENNIS_HERBEOORDEELD","Redactionele AI-indeling; geen HIGH-evidence of menselijke beoordeling."
"LS1000-0928","aanvullende genres","speculatieve fictie","","Aanvullende genres opnieuw inhoudelijk afgewogen; uitsluitend canonieke genres, doelgroep en werkvorm blijven afzonderlijk."
"LS1000-0929","classificatiebasis","AI_KENNIS","AI_KENNIS_HERBEOORDEELD","Redactionele AI-indeling; geen HIGH-evidence of menselijke beoordeling."
"LS1000-0929","aanvullende genres","speculatieve fictie","","Aanvullende genres opnieuw inhoudelijk afgewogen; uitsluitend canonieke genres, doelgroep en werkvorm blijven afzonderlijk."
"LS1000-0930","oorspronkelijke publicatiejaar","2011","2012","AI-bibliografische correctie: oorspronkelijke publicatie in plaats van onjuist bron-/editiejaar; geen wijziging bestaand databasejaar."
"LS1000-0930","classificatiebasis","AI_KENNIS","AI_KENNIS_HERBEOORDEELD","Redactionele AI-indeling; geen HIGH-evidence of menselijke beoordeling."
"LS1000-0930","aanvullende genres","dystopie","","Aanvullende genres opnieuw inhoudelijk afgewogen; uitsluitend canonieke genres, doelgroep en werkvorm blijven afzonderlijk."
"LS1000-0931","oorspronkelijke publicatiejaar","2019","2021","AI-bibliografische correctie: oorspronkelijke publicatie in plaats van onjuist bron-/editiejaar; geen wijziging bestaand databasejaar."
"LS1000-0931","classificatiebasis","AI_KENNIS","AI_KENNIS_HERBEOORDEELD","Redactionele AI-indeling; geen HIGH-evidence of menselijke beoordeling."
"LS1000-0931","aanvullende genres","dystopie","","Aanvullende genres opnieuw inhoudelijk afgewogen; uitsluitend canonieke genres, doelgroep en werkvorm blijven afzonderlijk."
"LS1000-0932","oorspronkelijke publicatiejaar","1974","1973","AI-bibliografische correctie: oorspronkelijke publicatie in plaats van onjuist bron-/editiejaar; geen wijziging bestaand databasejaar."
"LS1000-0932","classificatiebasis","AI_KENNIS","AI_KENNIS_HERBEOORDEELD","Redactionele AI-indeling; geen HIGH-evidence of menselijke beoordeling."
"LS1000-0932","aanvullende genres","coming-of-age; speculatieve fictie","Historische fictie","Aanvullende genres opnieuw inhoudelijk afgewogen; uitsluitend canonieke genres, doelgroep en werkvorm blijven afzonderlijk."
"LS1000-0933","oorspronkelijke publicatiejaar","2009","2011","AI-bibliografische correctie: oorspronkelijke publicatie in plaats van onjuist bron-/editiejaar; geen wijziging bestaand databasejaar."
"LS1000-0933","classificatiebasis","AI_KENNIS","AI_KENNIS_HERBEOORDEELD","Redactionele AI-indeling; geen HIGH-evidence of menselijke beoordeling."
"LS1000-0933","aanvullende genres","speculatieve fictie","","Aanvullende genres opnieuw inhoudelijk afgewogen; uitsluitend canonieke genres, doelgroep en werkvorm blijven afzonderlijk."
"LS1000-0934","hoofdcategorie NL","Sciencefiction","Literaire & algemene fictie","Inhoudelijke AI-herbeoordeling van dit werk; geen auteur-/titelwoordregel."
"LS1000-0934","hoofdcategorie EN","Science Fiction","Literary & General Fiction","NL/EN verwijzen naar dezelfde categorie-ID."
"LS1000-0934","classificatiebasis","AI_KENNIS","AI_KENNIS + GERICHTE_BRONCONTROLE","Redactionele AI-indeling; geen HIGH-evidence of menselijke beoordeling."
"LS1000-0934","aanvullende genres","klassieker; speculatieve fictie","","Aanvullende genres opnieuw inhoudelijk afgewogen; uitsluitend canonieke genres, doelgroep en werkvorm blijven afzonderlijk."
"LS1000-0935","classificatiebasis","AI_KENNIS","AI_KENNIS_HERBEOORDEELD","Redactionele AI-indeling; geen HIGH-evidence of menselijke beoordeling."
"LS1000-0935","aanvullende genres","speculatieve fictie","","Aanvullende genres opnieuw inhoudelijk afgewogen; uitsluitend canonieke genres, doelgroep en werkvorm blijven afzonderlijk."
"LS1000-0936","hoofdcategorie NL","Sciencefiction","Literaire & algemene fictie","Inhoudelijke AI-herbeoordeling van dit werk; geen auteur-/titelwoordregel."
"LS1000-0936","hoofdcategorie EN","Science Fiction","Literary & General Fiction","NL/EN verwijzen naar dezelfde categorie-ID."
"LS1000-0936","oorspronkelijke publicatiejaar","1967","1966","AI-bibliografische correctie: oorspronkelijke publicatie in plaats van onjuist bron-/editiejaar; geen wijziging bestaand databasejaar."
"LS1000-0936","classificatiebasis","AI_KENNIS","AI_KENNIS_HERBEOORDEELD","Redactionele AI-indeling; geen HIGH-evidence of menselijke beoordeling."
"LS1000-0936","aanvullende genres","speculatieve fictie","","Aanvullende genres opnieuw inhoudelijk afgewogen; uitsluitend canonieke genres, doelgroep en werkvorm blijven afzonderlijk."
"LS1000-0937","hoofdcategorie NL","Sciencefiction","Romantiek","Inhoudelijke AI-herbeoordeling van dit werk; geen auteur-/titelwoordregel."
"LS1000-0937","hoofdcategorie EN","Science Fiction","Romance","NL/EN verwijzen naar dezelfde categorie-ID."
"LS1000-0937","classificatiebasis","AI_KENNIS","AI_KENNIS_HERBEOORDEELD","Redactionele AI-indeling; geen HIGH-evidence of menselijke beoordeling."
"LS1000-0937","aanvullende genres","speculatieve fictie","Sciencefiction","Aanvullende genres opnieuw inhoudelijk afgewogen; uitsluitend canonieke genres, doelgroep en werkvorm blijven afzonderlijk."
"LS1000-0938","hoofdcategorie NL","Sciencefiction","Literaire & algemene fictie","Inhoudelijke AI-herbeoordeling van dit werk; geen auteur-/titelwoordregel."
"LS1000-0938","hoofdcategorie EN","Science Fiction","Literary & General Fiction","NL/EN verwijzen naar dezelfde categorie-ID."
"LS1000-0938","classificatiebasis","AI_KENNIS","AI_KENNIS_HERBEOORDEELD","Redactionele AI-indeling; geen HIGH-evidence of menselijke beoordeling."
"LS1000-0938","aanvullende genres","speculatieve fictie","","Aanvullende genres opnieuw inhoudelijk afgewogen; uitsluitend canonieke genres, doelgroep en werkvorm blijven afzonderlijk."
"LS1000-0939","classificatiebasis","AI_KENNIS","AI_KENNIS_HERBEOORDEELD","Redactionele AI-indeling; geen HIGH-evidence of menselijke beoordeling."
"LS1000-0939","aanvullende genres","speculatieve fictie","","Aanvullende genres opnieuw inhoudelijk afgewogen; uitsluitend canonieke genres, doelgroep en werkvorm blijven afzonderlijk."
"LS1000-0940","classificatiebasis","AI_KENNIS","AI_KENNIS_HERBEOORDEELD","Redactionele AI-indeling; geen HIGH-evidence of menselijke beoordeling."
"LS1000-0940","aanvullende genres","dystopie","","Aanvullende genres opnieuw inhoudelijk afgewogen; uitsluitend canonieke genres, doelgroep en werkvorm blijven afzonderlijk."
"LS1000-0941","classificatiebasis","AI_KENNIS","AI_KENNIS_HERBEOORDEELD","Redactionele AI-indeling; geen HIGH-evidence of menselijke beoordeling."
"LS1000-0941","aanvullende genres","speculatieve fictie","","Aanvullende genres opnieuw inhoudelijk afgewogen; uitsluitend canonieke genres, doelgroep en werkvorm blijven afzonderlijk."
"LS1000-0942","classificatiebasis","AI_KENNIS","AI_KENNIS_HERBEOORDEELD","Redactionele AI-indeling; geen HIGH-evidence of menselijke beoordeling."
"LS1000-0942","aanvullende genres","coming-of-age; dystopie","","Aanvullende genres opnieuw inhoudelijk afgewogen; uitsluitend canonieke genres, doelgroep en werkvorm blijven afzonderlijk."
"LS1000-0943","classificatiebasis","AI_KENNIS","AI_KENNIS_HERBEOORDEELD","Redactionele AI-indeling; geen HIGH-evidence of menselijke beoordeling."
"LS1000-0943","aanvullende genres","dystopie","","Aanvullende genres opnieuw inhoudelijk afgewogen; uitsluitend canonieke genres, doelgroep en werkvorm blijven afzonderlijk."
"LS1000-0944","classificatiebasis","AI_KENNIS","AI_KENNIS_HERBEOORDEELD","Redactionele AI-indeling; geen HIGH-evidence of menselijke beoordeling."
"LS1000-0944","aanvullende genres","coming-of-age; dystopie","","Aanvullende genres opnieuw inhoudelijk afgewogen; uitsluitend canonieke genres, doelgroep en werkvorm blijven afzonderlijk."
"LS1000-0945","classificatiebasis","AI_KENNIS; WEB_GECONTROLEERD","AI_KENNIS_HERBEOORDEELD","Redactionele AI-indeling; geen HIGH-evidence of menselijke beoordeling."
"LS1000-0945","aanvullende genres","speculatieve fictie","","Aanvullende genres opnieuw inhoudelijk afgewogen; uitsluitend canonieke genres, doelgroep en werkvorm blijven afzonderlijk."
"LS1000-0946","classificatiebasis","AI_KENNIS","AI_KENNIS_HERBEOORDEELD","Redactionele AI-indeling; geen HIGH-evidence of menselijke beoordeling."
"LS1000-0946","aanvullende genres","speculatieve fictie","","Aanvullende genres opnieuw inhoudelijk afgewogen; uitsluitend canonieke genres, doelgroep en werkvorm blijven afzonderlijk."
"LS1000-0947","classificatiebasis","AI_KENNIS","AI_KENNIS_HERBEOORDEELD","Redactionele AI-indeling; geen HIGH-evidence of menselijke beoordeling."
"LS1000-0947","aanvullende genres","coming-of-age; dystopie","","Aanvullende genres opnieuw inhoudelijk afgewogen; uitsluitend canonieke genres, doelgroep en werkvorm blijven afzonderlijk."
"LS1000-0948","classificatiebasis","AI_KENNIS; WEB_GECONTROLEERD","AI_KENNIS_HERBEOORDEELD","Redactionele AI-indeling; geen HIGH-evidence of menselijke beoordeling."
"LS1000-0948","aanvullende genres","speculatieve fictie","","Aanvullende genres opnieuw inhoudelijk afgewogen; uitsluitend canonieke genres, doelgroep en werkvorm blijven afzonderlijk."
"LS1000-0949","classificatiebasis","AI_KENNIS","AI_KENNIS_HERBEOORDEELD","Redactionele AI-indeling; geen HIGH-evidence of menselijke beoordeling."
"LS1000-0949","aanvullende genres","speculatieve fictie","","Aanvullende genres opnieuw inhoudelijk afgewogen; uitsluitend canonieke genres, doelgroep en werkvorm blijven afzonderlijk."
"LS1000-0950","classificatiebasis","AI_KENNIS; WEB_GECONTROLEERD","AI_KENNIS_HERBEOORDEELD","Redactionele AI-indeling; geen HIGH-evidence of menselijke beoordeling."
"LS1000-0950","aanvullende genres","speculatieve fictie","","Aanvullende genres opnieuw inhoudelijk afgewogen; uitsluitend canonieke genres, doelgroep en werkvorm blijven afzonderlijk."
"LS1000-0951","classificatiebasis","AI_KENNIS; WEB_GECONTROLEERD","AI_KENNIS_HERBEOORDEELD","Redactionele AI-indeling; geen HIGH-evidence of menselijke beoordeling."
"LS1000-0951","aanvullende genres","speculatieve fictie","","Aanvullende genres opnieuw inhoudelijk afgewogen; uitsluitend canonieke genres, doelgroep en werkvorm blijven afzonderlijk."
"LS1000-0952","classificatiebasis","AI_KENNIS","AI_KENNIS_HERBEOORDEELD","Redactionele AI-indeling; geen HIGH-evidence of menselijke beoordeling."
"LS1000-0952","aanvullende genres","dystopie","","Aanvullende genres opnieuw inhoudelijk afgewogen; uitsluitend canonieke genres, doelgroep en werkvorm blijven afzonderlijk."
"LS1000-0953","classificatiebasis","AI_KENNIS","AI_KENNIS_HERBEOORDEELD","Redactionele AI-indeling; geen HIGH-evidence of menselijke beoordeling."
"LS1000-0953","aanvullende genres","speculatieve fictie","","Aanvullende genres opnieuw inhoudelijk afgewogen; uitsluitend canonieke genres, doelgroep en werkvorm blijven afzonderlijk."
"LS1000-0954","classificatiebasis","AI_KENNIS; WEB_GECONTROLEERD","AI_KENNIS_HERBEOORDEELD","Redactionele AI-indeling; geen HIGH-evidence of menselijke beoordeling."
"LS1000-0954","aanvullende genres","speculatieve fictie","","Aanvullende genres opnieuw inhoudelijk afgewogen; uitsluitend canonieke genres, doelgroep en werkvorm blijven afzonderlijk."
"LS1000-0955","hoofdcategorie NL","Sciencefiction","Romantiek","Inhoudelijke AI-herbeoordeling van dit werk; geen auteur-/titelwoordregel."
"LS1000-0955","hoofdcategorie EN","Science Fiction","Romance","NL/EN verwijzen naar dezelfde categorie-ID."
"LS1000-0955","classificatiebasis","AI_KENNIS","AI_KENNIS_HERBEOORDEELD","Redactionele AI-indeling; geen HIGH-evidence of menselijke beoordeling."
"LS1000-0955","aanvullende genres","dystopie","","Aanvullende genres opnieuw inhoudelijk afgewogen; uitsluitend canonieke genres, doelgroep en werkvorm blijven afzonderlijk."
"LS1000-0956","hoofdcategorie NL","Sciencefiction","Literaire & algemene fictie","Inhoudelijke AI-herbeoordeling van dit werk; geen auteur-/titelwoordregel."
"LS1000-0956","hoofdcategorie EN","Science Fiction","Literary & General Fiction","NL/EN verwijzen naar dezelfde categorie-ID."
"LS1000-0956","classificatiebasis","AI_KENNIS","AI_KENNIS_HERBEOORDEELD","Redactionele AI-indeling; geen HIGH-evidence of menselijke beoordeling."
"LS1000-0956","aanvullende genres","coming-of-age; speculatieve fictie","","Aanvullende genres opnieuw inhoudelijk afgewogen; uitsluitend canonieke genres, doelgroep en werkvorm blijven afzonderlijk."
"LS1000-0957","classificatiebasis","AI_KENNIS; WEB_GECONTROLEERD","AI_KENNIS_HERBEOORDEELD","Redactionele AI-indeling; geen HIGH-evidence of menselijke beoordeling."
"LS1000-0957","aanvullende genres","speculatieve fictie","","Aanvullende genres opnieuw inhoudelijk afgewogen; uitsluitend canonieke genres, doelgroep en werkvorm blijven afzonderlijk."
"LS1000-0958","classificatiebasis","AI_KENNIS; WEB_GECONTROLEERD","AI_KENNIS_HERBEOORDEELD","Redactionele AI-indeling; geen HIGH-evidence of menselijke beoordeling."
"LS1000-0958","aanvullende genres","speculatieve fictie","","Aanvullende genres opnieuw inhoudelijk afgewogen; uitsluitend canonieke genres, doelgroep en werkvorm blijven afzonderlijk."
"LS1000-0959","classificatiebasis","AI_KENNIS","AI_KENNIS_HERBEOORDEELD","Redactionele AI-indeling; geen HIGH-evidence of menselijke beoordeling."
"LS1000-0959","aanvullende genres","speculatieve fictie","","Aanvullende genres opnieuw inhoudelijk afgewogen; uitsluitend canonieke genres, doelgroep en werkvorm blijven afzonderlijk."
"LS1000-0960","oorspronkelijke publicatiejaar","1988","1982","1982 start seriële publicatie; verzamelde editie 1988."
"LS1000-0960","classificatiebasis","AI_KENNIS","AI_KENNIS_HERBEOORDEELD","Redactionele AI-indeling; geen HIGH-evidence of menselijke beoordeling."
"LS1000-0960","aanvullende genres","dystopie","Thrillers & spanning","Aanvullende genres opnieuw inhoudelijk afgewogen; uitsluitend canonieke genres, doelgroep en werkvorm blijven afzonderlijk."
"LS1000-0961","classificatiebasis","AI_KENNIS","AI_KENNIS_HERBEOORDEELD","Redactionele AI-indeling; geen HIGH-evidence of menselijke beoordeling."
"LS1000-0961","aanvullende genres","dystopie","","Aanvullende genres opnieuw inhoudelijk afgewogen; uitsluitend canonieke genres, doelgroep en werkvorm blijven afzonderlijk."
"LS1000-0962","classificatiebasis","AI_KENNIS","AI_KENNIS_HERBEOORDEELD","Redactionele AI-indeling; geen HIGH-evidence of menselijke beoordeling."
"LS1000-0962","aanvullende genres","dystopie","","Aanvullende genres opnieuw inhoudelijk afgewogen; uitsluitend canonieke genres, doelgroep en werkvorm blijven afzonderlijk."
"LS1000-0963","hoofdcategorie NL","Wetenschap & natuur","Maatschappij & actualiteit","Inhoudelijke AI-herbeoordeling van dit werk; geen auteur-/titelwoordregel."
"LS1000-0963","hoofdcategorie EN","Science & Nature","Society & Current Affairs","NL/EN verwijzen naar dezelfde categorie-ID."
"LS1000-0963","classificatiebasis","AI_KENNIS","AI_KENNIS_HERBEOORDEELD","Redactionele AI-indeling; geen HIGH-evidence of menselijke beoordeling."
"LS1000-0963","aanvullende genres","populaire wetenschap","","Aanvullende genres opnieuw inhoudelijk afgewogen; uitsluitend canonieke genres, doelgroep en werkvorm blijven afzonderlijk."
"LS1000-0964","classificatiebasis","AI_KENNIS","AI_KENNIS_HERBEOORDEELD","Redactionele AI-indeling; geen HIGH-evidence of menselijke beoordeling."
"LS1000-0964","aanvullende genres","populaire wetenschap","","Aanvullende genres opnieuw inhoudelijk afgewogen; uitsluitend canonieke genres, doelgroep en werkvorm blijven afzonderlijk."
"LS1000-0965","classificatiebasis","AI_KENNIS","AI_KENNIS_HERBEOORDEELD","Redactionele AI-indeling; geen HIGH-evidence of menselijke beoordeling."
"LS1000-0965","aanvullende genres","populaire wetenschap","","Aanvullende genres opnieuw inhoudelijk afgewogen; uitsluitend canonieke genres, doelgroep en werkvorm blijven afzonderlijk."
"LS1000-0966","hoofdcategorie NL","Wetenschap & natuur","Psychologie & persoonlijke ontwikkeling","Inhoudelijke AI-herbeoordeling van dit werk; geen auteur-/titelwoordregel."
"LS1000-0966","hoofdcategorie EN","Science & Nature","Psychology & Self-Development","NL/EN verwijzen naar dezelfde categorie-ID."
"LS1000-0966","oorspronkelijke publicatiejaar","1902","1903","AI-bibliografische correctie: oorspronkelijke publicatie in plaats van onjuist bron-/editiejaar; geen wijziging bestaand databasejaar."
"LS1000-0966","classificatiebasis","AI_KENNIS","AI_KENNIS_HERBEOORDEELD","Redactionele AI-indeling; geen HIGH-evidence of menselijke beoordeling."
"LS1000-0966","aanvullende genres","populaire wetenschap","","Aanvullende genres opnieuw inhoudelijk afgewogen; uitsluitend canonieke genres, doelgroep en werkvorm blijven afzonderlijk."
"LS1000-0967","hoofdcategorie NL","Wetenschap & natuur","Psychologie & persoonlijke ontwikkeling","Inhoudelijke AI-herbeoordeling van dit werk; geen auteur-/titelwoordregel."
"LS1000-0967","hoofdcategorie EN","Science & Nature","Psychology & Self-Development","NL/EN verwijzen naar dezelfde categorie-ID."
"LS1000-0967","oorspronkelijke publicatiejaar","2016","2018","AI-bibliografische correctie: oorspronkelijke publicatie in plaats van onjuist bron-/editiejaar; geen wijziging bestaand databasejaar."
"LS1000-0967","classificatiebasis","AI_KENNIS","AI_KENNIS_HERBEOORDEELD","Redactionele AI-indeling; geen HIGH-evidence of menselijke beoordeling."
"LS1000-0967","aanvullende genres","populaire wetenschap","","Aanvullende genres opnieuw inhoudelijk afgewogen; uitsluitend canonieke genres, doelgroep en werkvorm blijven afzonderlijk."
"LS1000-0968","hoofdcategorie NL","Wetenschap & natuur","Psychologie & persoonlijke ontwikkeling","Inhoudelijke AI-herbeoordeling van dit werk; geen auteur-/titelwoordregel."
"LS1000-0968","hoofdcategorie EN","Science & Nature","Psychology & Self-Development","NL/EN verwijzen naar dezelfde categorie-ID."
"LS1000-0968","oorspronkelijke publicatiejaar","2004","2005","AI-bibliografische correctie: oorspronkelijke publicatie in plaats van onjuist bron-/editiejaar; geen wijziging bestaand databasejaar."
"LS1000-0968","classificatiebasis","AI_KENNIS","AI_KENNIS_HERBEOORDEELD","Redactionele AI-indeling; geen HIGH-evidence of menselijke beoordeling."
"LS1000-0968","aanvullende genres","populaire wetenschap","","Aanvullende genres opnieuw inhoudelijk afgewogen; uitsluitend canonieke genres, doelgroep en werkvorm blijven afzonderlijk."
"LS1000-0969","hoofdcategorie NL","Wetenschap & natuur","Geschiedenis","Inhoudelijke AI-herbeoordeling van dit werk; geen auteur-/titelwoordregel."
"LS1000-0969","hoofdcategorie EN","Science & Nature","History","NL/EN verwijzen naar dezelfde categorie-ID."
"LS1000-0969","oorspronkelijke publicatiejaar","2004","2005","AI-bibliografische correctie: oorspronkelijke publicatie in plaats van onjuist bron-/editiejaar; geen wijziging bestaand databasejaar."
"LS1000-0969","classificatiebasis","AI_KENNIS","AI_KENNIS_HERBEOORDEELD","Redactionele AI-indeling; geen HIGH-evidence of menselijke beoordeling."
"LS1000-0969","aanvullende genres","populaire wetenschap","Wetenschap & natuur","Aanvullende genres opnieuw inhoudelijk afgewogen; uitsluitend canonieke genres, doelgroep en werkvorm blijven afzonderlijk."
"LS1000-0970","hoofdcategorie NL","Wetenschap & natuur","Economie & ondernemerschap","Inhoudelijke AI-herbeoordeling van dit werk; geen auteur-/titelwoordregel."
"LS1000-0970","hoofdcategorie EN","Science & Nature","Economics & Business","NL/EN verwijzen naar dezelfde categorie-ID."
"LS1000-0970","classificatiebasis","AI_KENNIS","AI_KENNIS_HERBEOORDEELD","Redactionele AI-indeling; geen HIGH-evidence of menselijke beoordeling."
"LS1000-0970","aanvullende genres","populaire wetenschap","","Aanvullende genres opnieuw inhoudelijk afgewogen; uitsluitend canonieke genres, doelgroep en werkvorm blijven afzonderlijk."
"LS1000-0971","hoofdcategorie NL","Wetenschap & natuur","Maatschappij & actualiteit","Inhoudelijke AI-herbeoordeling van dit werk; geen auteur-/titelwoordregel."
"LS1000-0971","hoofdcategorie EN","Science & Nature","Society & Current Affairs","NL/EN verwijzen naar dezelfde categorie-ID."
"LS1000-0971","classificatiebasis","AI_KENNIS","AI_KENNIS_HERBEOORDEELD","Redactionele AI-indeling; geen HIGH-evidence of menselijke beoordeling."
"LS1000-0971","aanvullende genres","populaire wetenschap","","Aanvullende genres opnieuw inhoudelijk afgewogen; uitsluitend canonieke genres, doelgroep en werkvorm blijven afzonderlijk."
"LS1000-0972","hoofdcategorie NL","Wetenschap & natuur","Maatschappij & actualiteit","Inhoudelijke AI-herbeoordeling van dit werk; geen auteur-/titelwoordregel."
"LS1000-0972","hoofdcategorie EN","Science & Nature","Society & Current Affairs","NL/EN verwijzen naar dezelfde categorie-ID."
"LS1000-0972","oorspronkelijke publicatiejaar","1700","1904","AI-bibliografische correctie: oorspronkelijke publicatie in plaats van onjuist bron-/editiejaar; geen wijziging bestaand databasejaar."
"LS1000-0972","classificatiebasis","AI_KENNIS","AI_KENNIS_HERBEOORDEELD","Redactionele AI-indeling; geen HIGH-evidence of menselijke beoordeling."
"LS1000-0972","aanvullende genres","populaire wetenschap","","Aanvullende genres opnieuw inhoudelijk afgewogen; uitsluitend canonieke genres, doelgroep en werkvorm blijven afzonderlijk."
"LS1000-0973","hoofdcategorie NL","Wetenschap & natuur","Maatschappij & actualiteit","Inhoudelijke AI-herbeoordeling van dit werk; geen auteur-/titelwoordregel."
"LS1000-0973","hoofdcategorie EN","Science & Nature","Society & Current Affairs","NL/EN verwijzen naar dezelfde categorie-ID."
"LS1000-0973","classificatiebasis","AI_KENNIS","AI_KENNIS_HERBEOORDEELD","Redactionele AI-indeling; geen HIGH-evidence of menselijke beoordeling."
"LS1000-0973","aanvullende genres","populaire wetenschap","","Aanvullende genres opnieuw inhoudelijk afgewogen; uitsluitend canonieke genres, doelgroep en werkvorm blijven afzonderlijk."
"LS1000-0974","hoofdcategorie NL","Wetenschap & natuur","Psychologie & persoonlijke ontwikkeling","Inhoudelijke AI-herbeoordeling van dit werk; geen auteur-/titelwoordregel."
"LS1000-0974","hoofdcategorie EN","Science & Nature","Psychology & Self-Development","NL/EN verwijzen naar dezelfde categorie-ID."
"LS1000-0974","classificatiebasis","AI_KENNIS","AI_KENNIS_HERBEOORDEELD","Redactionele AI-indeling; geen HIGH-evidence of menselijke beoordeling."
"LS1000-0974","aanvullende genres","populaire wetenschap","","Aanvullende genres opnieuw inhoudelijk afgewogen; uitsluitend canonieke genres, doelgroep en werkvorm blijven afzonderlijk."
"LS1000-0975","hoofdcategorie NL","Wetenschap & natuur","Geschiedenis","Inhoudelijke AI-herbeoordeling van dit werk; geen auteur-/titelwoordregel."
"LS1000-0975","hoofdcategorie EN","Science & Nature","History","NL/EN verwijzen naar dezelfde categorie-ID."
"LS1000-0975","classificatiebasis","AI_KENNIS","AI_KENNIS_HERBEOORDEELD","Redactionele AI-indeling; geen HIGH-evidence of menselijke beoordeling."
"LS1000-0975","aanvullende genres","populaire wetenschap","Wetenschap & natuur","Aanvullende genres opnieuw inhoudelijk afgewogen; uitsluitend canonieke genres, doelgroep en werkvorm blijven afzonderlijk."
"LS1000-0976","hoofdcategorie NL","Wetenschap & natuur","Economie & ondernemerschap","Inhoudelijke AI-herbeoordeling van dit werk; geen auteur-/titelwoordregel."
"LS1000-0976","hoofdcategorie EN","Science & Nature","Economics & Business","NL/EN verwijzen naar dezelfde categorie-ID."
"LS1000-0976","classificatiebasis","AI_KENNIS","AI_KENNIS_HERBEOORDEELD","Redactionele AI-indeling; geen HIGH-evidence of menselijke beoordeling."
"LS1000-0976","aanvullende genres","populaire wetenschap","","Aanvullende genres opnieuw inhoudelijk afgewogen; uitsluitend canonieke genres, doelgroep en werkvorm blijven afzonderlijk."
"LS1000-0977","hoofdcategorie NL","Wetenschap & natuur","Filosofie & religie","Inhoudelijke AI-herbeoordeling van dit werk; geen auteur-/titelwoordregel."
"LS1000-0977","hoofdcategorie EN","Science & Nature","Philosophy & Religion","NL/EN verwijzen naar dezelfde categorie-ID."
"LS1000-0977","classificatiebasis","AI_KENNIS","AI_KENNIS_HERBEOORDEELD","Redactionele AI-indeling; geen HIGH-evidence of menselijke beoordeling."
"LS1000-0977","aanvullende genres","populaire wetenschap","","Aanvullende genres opnieuw inhoudelijk afgewogen; uitsluitend canonieke genres, doelgroep en werkvorm blijven afzonderlijk."
"LS1000-0978","hoofdcategorie NL","Wetenschap & natuur","Psychologie & persoonlijke ontwikkeling","Inhoudelijke AI-herbeoordeling van dit werk; geen auteur-/titelwoordregel."
"LS1000-0978","hoofdcategorie EN","Science & Nature","Psychology & Self-Development","NL/EN verwijzen naar dezelfde categorie-ID."
"LS1000-0978","classificatiebasis","AI_KENNIS","AI_KENNIS_HERBEOORDEELD","Redactionele AI-indeling; geen HIGH-evidence of menselijke beoordeling."
"LS1000-0978","aanvullende genres","populaire wetenschap","","Aanvullende genres opnieuw inhoudelijk afgewogen; uitsluitend canonieke genres, doelgroep en werkvorm blijven afzonderlijk."
"LS1000-0979","classificatiebasis","AI_KENNIS","AI_KENNIS_HERBEOORDEELD","Redactionele AI-indeling; geen HIGH-evidence of menselijke beoordeling."
"LS1000-0979","aanvullende genres","populaire wetenschap","","Aanvullende genres opnieuw inhoudelijk afgewogen; uitsluitend canonieke genres, doelgroep en werkvorm blijven afzonderlijk."
"LS1000-0980","hoofdcategorie NL","Wetenschap & natuur","Maatschappij & actualiteit","Inhoudelijke AI-herbeoordeling van dit werk; geen auteur-/titelwoordregel."
"LS1000-0980","hoofdcategorie EN","Science & Nature","Society & Current Affairs","NL/EN verwijzen naar dezelfde categorie-ID."
"LS1000-0980","classificatiebasis","AI_KENNIS","AI_KENNIS_HERBEOORDEELD","Redactionele AI-indeling; geen HIGH-evidence of menselijke beoordeling."
"LS1000-0980","aanvullende genres","populaire wetenschap","","Aanvullende genres opnieuw inhoudelijk afgewogen; uitsluitend canonieke genres, doelgroep en werkvorm blijven afzonderlijk."
"LS1000-0981","hoofdcategorie NL","Wetenschap & natuur","Maatschappij & actualiteit","Inhoudelijke AI-herbeoordeling van dit werk; geen auteur-/titelwoordregel."
"LS1000-0981","hoofdcategorie EN","Science & Nature","Society & Current Affairs","NL/EN verwijzen naar dezelfde categorie-ID."
"LS1000-0981","classificatiebasis","AI_KENNIS","AI_KENNIS_HERBEOORDEELD","Redactionele AI-indeling; geen HIGH-evidence of menselijke beoordeling."
"LS1000-0981","aanvullende genres","populaire wetenschap","","Aanvullende genres opnieuw inhoudelijk afgewogen; uitsluitend canonieke genres, doelgroep en werkvorm blijven afzonderlijk."
"LS1000-0982","hoofdcategorie NL","Wetenschap & natuur","Filosofie & religie","Inhoudelijke AI-herbeoordeling van dit werk; geen auteur-/titelwoordregel."
"LS1000-0982","hoofdcategorie EN","Science & Nature","Philosophy & Religion","NL/EN verwijzen naar dezelfde categorie-ID."
"LS1000-0982","classificatiebasis","AI_KENNIS","AI_KENNIS_HERBEOORDEELD","Redactionele AI-indeling; geen HIGH-evidence of menselijke beoordeling."
"LS1000-0982","aanvullende genres","populaire wetenschap","","Aanvullende genres opnieuw inhoudelijk afgewogen; uitsluitend canonieke genres, doelgroep en werkvorm blijven afzonderlijk."
"LS1000-0983","hoofdcategorie NL","Wetenschap & natuur","Economie & ondernemerschap","Inhoudelijke AI-herbeoordeling van dit werk; geen auteur-/titelwoordregel."
"LS1000-0983","hoofdcategorie EN","Science & Nature","Economics & Business","NL/EN verwijzen naar dezelfde categorie-ID."
"LS1000-0983","oorspronkelijke publicatiejaar","1979","","Exact oorspronkelijk publicatiejaar onvoldoende vastgesteld; niet afleiden van editie/ontstaan."
"LS1000-0983","classificatiestatus","ZEKER","TWIJFEL","Generieke studieboektitel; editie, medeauteurs en oorspronkelijke Work-identiteit moeten eerst vaststaan."
"LS1000-0983","classificatiebasis","AI_KENNIS","AI_KENNIS_HERBEOORDEELD","Redactionele AI-indeling; geen HIGH-evidence of menselijke beoordeling."
"LS1000-0983","aanvullende genres","populaire wetenschap","","Aanvullende genres opnieuw inhoudelijk afgewogen; uitsluitend canonieke genres, doelgroep en werkvorm blijven afzonderlijk."
"LS1000-0984","hoofdcategorie NL","Wetenschap & natuur","Psychologie & persoonlijke ontwikkeling","Inhoudelijke AI-herbeoordeling van dit werk; geen auteur-/titelwoordregel."
"LS1000-0984","hoofdcategorie EN","Science & Nature","Psychology & Self-Development","NL/EN verwijzen naar dezelfde categorie-ID."
"LS1000-0984","classificatiebasis","AI_KENNIS","AI_KENNIS_HERBEOORDEELD","Redactionele AI-indeling; geen HIGH-evidence of menselijke beoordeling."
"LS1000-0984","aanvullende genres","populaire wetenschap","","Aanvullende genres opnieuw inhoudelijk afgewogen; uitsluitend canonieke genres, doelgroep en werkvorm blijven afzonderlijk."
"LS1000-0985","hoofdcategorie NL","Wetenschap & natuur","Maatschappij & actualiteit","Inhoudelijke AI-herbeoordeling van dit werk; geen auteur-/titelwoordregel."
"LS1000-0985","hoofdcategorie EN","Science & Nature","Society & Current Affairs","NL/EN verwijzen naar dezelfde categorie-ID."
"LS1000-0985","classificatiebasis","AI_KENNIS","AI_KENNIS_HERBEOORDEELD","Redactionele AI-indeling; geen HIGH-evidence of menselijke beoordeling."
"LS1000-0985","aanvullende genres","populaire wetenschap","","Aanvullende genres opnieuw inhoudelijk afgewogen; uitsluitend canonieke genres, doelgroep en werkvorm blijven afzonderlijk."
"LS1000-0986","classificatiebasis","AI_KENNIS","AI_KENNIS_HERBEOORDEELD","Redactionele AI-indeling; geen HIGH-evidence of menselijke beoordeling."
"LS1000-0986","aanvullende genres","populaire wetenschap","","Aanvullende genres opnieuw inhoudelijk afgewogen; uitsluitend canonieke genres, doelgroep en werkvorm blijven afzonderlijk."
"LS1000-0987","hoofdcategorie NL","Wetenschap & natuur","Psychologie & persoonlijke ontwikkeling","Inhoudelijke AI-herbeoordeling van dit werk; geen auteur-/titelwoordregel."
"LS1000-0987","hoofdcategorie EN","Science & Nature","Psychology & Self-Development","NL/EN verwijzen naar dezelfde categorie-ID."
"LS1000-0987","oorspronkelijke publicatiejaar","1998","2006","AI-bibliografische correctie: oorspronkelijke publicatie in plaats van onjuist bron-/editiejaar; geen wijziging bestaand databasejaar."
"LS1000-0987","classificatiebasis","AI_KENNIS","AI_KENNIS_HERBEOORDEELD","Redactionele AI-indeling; geen HIGH-evidence of menselijke beoordeling."
"LS1000-0987","aanvullende genres","populaire wetenschap","","Aanvullende genres opnieuw inhoudelijk afgewogen; uitsluitend canonieke genres, doelgroep en werkvorm blijven afzonderlijk."
"LS1000-0988","hoofdcategorie NL","Wetenschap & natuur","Psychologie & persoonlijke ontwikkeling","Inhoudelijke AI-herbeoordeling van dit werk; geen auteur-/titelwoordregel."
"LS1000-0988","hoofdcategorie EN","Science & Nature","Psychology & Self-Development","NL/EN verwijzen naar dezelfde categorie-ID."
"LS1000-0988","classificatiebasis","AI_KENNIS","AI_KENNIS_HERBEOORDEELD","Redactionele AI-indeling; geen HIGH-evidence of menselijke beoordeling."
"LS1000-0988","aanvullende genres","populaire wetenschap","","Aanvullende genres opnieuw inhoudelijk afgewogen; uitsluitend canonieke genres, doelgroep en werkvorm blijven afzonderlijk."
"LS1000-0989","hoofdcategorie NL","Wetenschap & natuur","Filosofie & religie","Inhoudelijke AI-herbeoordeling van dit werk; geen auteur-/titelwoordregel."
"LS1000-0989","hoofdcategorie EN","Science & Nature","Philosophy & Religion","NL/EN verwijzen naar dezelfde categorie-ID."
"LS1000-0989","classificatiebasis","AI_KENNIS","AI_KENNIS_HERBEOORDEELD","Redactionele AI-indeling; geen HIGH-evidence of menselijke beoordeling."
"LS1000-0989","aanvullende genres","populaire wetenschap","","Aanvullende genres opnieuw inhoudelijk afgewogen; uitsluitend canonieke genres, doelgroep en werkvorm blijven afzonderlijk."
"LS1000-0990","hoofdcategorie NL","Wetenschap & natuur","Psychologie & persoonlijke ontwikkeling","Inhoudelijke AI-herbeoordeling van dit werk; geen auteur-/titelwoordregel."
"LS1000-0990","hoofdcategorie EN","Science & Nature","Psychology & Self-Development","NL/EN verwijzen naar dezelfde categorie-ID."
"LS1000-0990","oorspronkelijke publicatiejaar","2013","2014","AI-bibliografische correctie: oorspronkelijke publicatie in plaats van onjuist bron-/editiejaar; geen wijziging bestaand databasejaar."
"LS1000-0990","classificatiebasis","AI_KENNIS","AI_KENNIS_HERBEOORDEELD","Redactionele AI-indeling; geen HIGH-evidence of menselijke beoordeling."
"LS1000-0990","aanvullende genres","populaire wetenschap","","Aanvullende genres opnieuw inhoudelijk afgewogen; uitsluitend canonieke genres, doelgroep en werkvorm blijven afzonderlijk."
"LS1000-0991","classificatiebasis","AI_KENNIS","AI_KENNIS_HERBEOORDEELD","Redactionele AI-indeling; geen HIGH-evidence of menselijke beoordeling."
"LS1000-0991","aanvullende genres","populaire wetenschap","Maatschappij & actualiteit","Aanvullende genres opnieuw inhoudelijk afgewogen; uitsluitend canonieke genres, doelgroep en werkvorm blijven afzonderlijk."
"LS1000-0992","hoofdcategorie NL","Wetenschap & natuur","Kunst & cultuur","Inhoudelijke AI-herbeoordeling van dit werk; geen auteur-/titelwoordregel."
"LS1000-0992","hoofdcategorie EN","Science & Nature","Arts & Culture","NL/EN verwijzen naar dezelfde categorie-ID."
"LS1000-0992","classificatiebasis","AI_KENNIS","AI_KENNIS_HERBEOORDEELD","Redactionele AI-indeling; geen HIGH-evidence of menselijke beoordeling."
"LS1000-0992","aanvullende genres","populaire wetenschap","","Aanvullende genres opnieuw inhoudelijk afgewogen; uitsluitend canonieke genres, doelgroep en werkvorm blijven afzonderlijk."
"LS1000-0993","hoofdcategorie NL","Wetenschap & natuur","Economie & ondernemerschap","Inhoudelijke AI-herbeoordeling van dit werk; geen auteur-/titelwoordregel."
"LS1000-0993","hoofdcategorie EN","Science & Nature","Economics & Business","NL/EN verwijzen naar dezelfde categorie-ID."
"LS1000-0993","classificatiebasis","AI_KENNIS","AI_KENNIS_HERBEOORDEELD","Redactionele AI-indeling; geen HIGH-evidence of menselijke beoordeling."
"LS1000-0993","aanvullende genres","populaire wetenschap","","Aanvullende genres opnieuw inhoudelijk afgewogen; uitsluitend canonieke genres, doelgroep en werkvorm blijven afzonderlijk."
"LS1000-0994","hoofdcategorie NL","Wetenschap & natuur","Psychologie & persoonlijke ontwikkeling","Inhoudelijke AI-herbeoordeling van dit werk; geen auteur-/titelwoordregel."
"LS1000-0994","hoofdcategorie EN","Science & Nature","Psychology & Self-Development","NL/EN verwijzen naar dezelfde categorie-ID."
"LS1000-0994","classificatiebasis","AI_KENNIS","AI_KENNIS_HERBEOORDEELD","Redactionele AI-indeling; geen HIGH-evidence of menselijke beoordeling."
"LS1000-0994","aanvullende genres","populaire wetenschap","","Aanvullende genres opnieuw inhoudelijk afgewogen; uitsluitend canonieke genres, doelgroep en werkvorm blijven afzonderlijk."
"LS1000-0995","classificatiebasis","AI_KENNIS","AI_KENNIS_HERBEOORDEELD","Redactionele AI-indeling; geen HIGH-evidence of menselijke beoordeling."
"LS1000-0995","aanvullende genres","populaire wetenschap","","Aanvullende genres opnieuw inhoudelijk afgewogen; uitsluitend canonieke genres, doelgroep en werkvorm blijven afzonderlijk."
"LS1000-0996","hoofdcategorie NL","Wetenschap & natuur","Maatschappij & actualiteit","Inhoudelijke AI-herbeoordeling van dit werk; geen auteur-/titelwoordregel."
"LS1000-0996","hoofdcategorie EN","Science & Nature","Society & Current Affairs","NL/EN verwijzen naar dezelfde categorie-ID."
"LS1000-0996","classificatiebasis","AI_KENNIS","AI_KENNIS_HERBEOORDEELD","Redactionele AI-indeling; geen HIGH-evidence of menselijke beoordeling."
"LS1000-0996","aanvullende genres","populaire wetenschap","","Aanvullende genres opnieuw inhoudelijk afgewogen; uitsluitend canonieke genres, doelgroep en werkvorm blijven afzonderlijk."
"LS1000-0997","hoofdcategorie NL","Wetenschap & natuur","Psychologie & persoonlijke ontwikkeling","Inhoudelijke AI-herbeoordeling van dit werk; geen auteur-/titelwoordregel."
"LS1000-0997","hoofdcategorie EN","Science & Nature","Psychology & Self-Development","NL/EN verwijzen naar dezelfde categorie-ID."
"LS1000-0997","classificatiebasis","AI_KENNIS","AI_KENNIS_HERBEOORDEELD","Redactionele AI-indeling; geen HIGH-evidence of menselijke beoordeling."
"LS1000-0997","aanvullende genres","populaire wetenschap","","Aanvullende genres opnieuw inhoudelijk afgewogen; uitsluitend canonieke genres, doelgroep en werkvorm blijven afzonderlijk."
"LS1000-0998","hoofdcategorie NL","Wetenschap & natuur","Psychologie & persoonlijke ontwikkeling","Inhoudelijke AI-herbeoordeling van dit werk; geen auteur-/titelwoordregel."
"LS1000-0998","hoofdcategorie EN","Science & Nature","Psychology & Self-Development","NL/EN verwijzen naar dezelfde categorie-ID."
"LS1000-0998","classificatiebasis","AI_KENNIS","AI_KENNIS + GERICHTE_BRONCONTROLE","Redactionele AI-indeling; geen HIGH-evidence of menselijke beoordeling."
"LS1000-0998","aanvullende genres","populaire wetenschap","","Aanvullende genres opnieuw inhoudelijk afgewogen; uitsluitend canonieke genres, doelgroep en werkvorm blijven afzonderlijk."
"LS1000-0999","hoofdcategorie NL","Wetenschap & natuur","Maatschappij & actualiteit","Inhoudelijke AI-herbeoordeling van dit werk; geen auteur-/titelwoordregel."
"LS1000-0999","hoofdcategorie EN","Science & Nature","Society & Current Affairs","NL/EN verwijzen naar dezelfde categorie-ID."
"LS1000-0999","classificatiebasis","AI_KENNIS","AI_KENNIS_HERBEOORDEELD","Redactionele AI-indeling; geen HIGH-evidence of menselijke beoordeling."
"LS1000-0999","aanvullende genres","populaire wetenschap","","Aanvullende genres opnieuw inhoudelijk afgewogen; uitsluitend canonieke genres, doelgroep en werkvorm blijven afzonderlijk."
"LS1000-1000","hoofdcategorie NL","Wetenschap & natuur","Economie & ondernemerschap","Inhoudelijke AI-herbeoordeling van dit werk; geen auteur-/titelwoordregel."
"LS1000-1000","hoofdcategorie EN","Science & Nature","Economics & Business","NL/EN verwijzen naar dezelfde categorie-ID."
"LS1000-1000","oorspronkelijke publicatiejaar","2001","2014","AI-bibliografische correctie: oorspronkelijke publicatie in plaats van onjuist bron-/editiejaar; geen wijziging bestaand databasejaar."
"LS1000-1000","classificatiebasis","AI_KENNIS","AI_KENNIS + GERICHTE_BRONCONTROLE","Redactionele AI-indeling; geen HIGH-evidence of menselijke beoordeling."
"LS1000-1000","aanvullende genres","populaire wetenschap","","Aanvullende genres opnieuw inhoudelijk afgewogen; uitsluitend canonieke genres, doelgroep en werkvorm blijven afzonderlijk."
