"kandidaat-ID","titel","auteur","oorspronkelijke publicatiejaar","hoofdcategorie NL","hoofdcategorie EN","aanvullende genres","doelgroep","werkvorm","classificatiestatus","classificatiebasis","korte selectiereden","bron-URL’s","controledatum","bestaande LumiScore Work-ID","catalogusmatch","beschikbare ISBN- of Work-identifiers","Nederlandse editie","importprioriteit","korte twijfel- of correctienotitie"
"LS1000-0001","'t Hooge Nest","Roxane van Iperen","2018","Biografie & memoires","Biography & Memoir","","volwassenen","biografie","ZEKER","AI_KENNIS_HERBEOORDEELD","Nederlandstalige of Vlaamse kernselectie met blijvende lees- en ontdekkingswaarde.","https://openlibrary.org/works/OL21210227W | https://lumisco.re/book/1173","2026-09-30","1173","aanwezig","Open Library Work: OL21210227W; ISBN-13: 9781841883731","bevestigd","P3","Redactionele AI-indeling; geen HIGH-evidence of menselijke beoordeling. Aanvullende genres opnieuw inhoudelijk afgewogen; uitsluitend canonieke genres, doelgroep en werkvorm blijven afzonderlijk."
"LS1000-0002","""Surely You're Joking, Mr. Feynman""","Richard Phillips Feynman","1985","Biografie & memoires","Biography & Memoir","","volwassenen","memoires","ZEKER","AI_KENNIS_HERBEOORDEELD","Herkenbare non-fictietitel die een belangrijk onderwerp toegankelijk maakt.","https://openlibrary.org/works/OL514629W | https://lumisco.re/book/897","2026-09-30","897","aanwezig","Open Library Work: OL514629W; ISBN-13: 9780099173311","niet gevonden","P3","AI-bibliografische correctie: oorspronkelijke publicatie in plaats van onjuist bron-/editiejaar; geen wijziging bestaand databasejaar. Redactionele AI-indeling; geen HIGH-evidence of menselijke beoordeling. Aanvullende genres opnieuw inhoudelijk afgewogen; uitsluitend canonieke genres, doelgroep en werkvorm blijven afzonderlijk."
"LS1000-0003","22 cells in Nuremberg","Douglas McGlashan Kelley","1947","Biografie & memoires","Biography & Memoir","","volwassenen","biografie","ZEKER","AI_KENNIS_HERBEOORDEELD","Herkenbare non-fictietitel die een belangrijk onderwerp toegankelijk maakt.","https://openlibrary.org/works/OL7698912W | https://lumisco.re/book/845","2026-09-30","845","aanwezig","Open Library Work: OL7698912W","niet gevonden","P3","Redactionele AI-indeling; geen HIGH-evidence of menselijke beoordeling. Aanvullende genres opnieuw inhoudelijk afgewogen; uitsluitend canonieke genres, doelgroep en werkvorm blijven afzonderlijk."
"LS1000-0004","A child called ""it""","David J. Pelzer","1995","Biografie & memoires","Biography & Memoir","","volwassenen","memoires","ZEKER","AI_KENNIS_HERBEOORDEELD","Herkenbare non-fictietitel die een belangrijk onderwerp toegankelijk maakt.","https://openlibrary.org/works/OL66946W | https://lumisco.re/book/810","2026-09-30","810","aanwezig","Open Library Work: OL66946W; ISBN-13: 9781409138440","niet gevonden","P3","AI-bibliografische correctie: oorspronkelijke publicatie in plaats van onjuist bron-/editiejaar; geen wijziging bestaand databasejaar. Redactionele AI-indeling; geen HIGH-evidence of menselijke beoordeling. Aanvullende genres opnieuw inhoudelijk afgewogen; uitsluitend canonieke genres, doelgroep en werkvorm blijven afzonderlijk."
"LS1000-0005","A Mind That Found Itself","Clifford Whittingham Beers","1908","Biografie & memoires","Biography & Memoir","","volwassenen","memoires","ZEKER","AI_KENNIS_HERBEOORDEELD","Herkenbare non-fictietitel die een belangrijk onderwerp toegankelijk maakt.","https://openlibrary.org/works/OL6322288W | https://lumisco.re/book/837","2026-09-30","837","aanwezig","Open Library Work: OL6322288W; ISBN-13: 9798629806776","niet gevonden","P3","Redactionele AI-indeling; geen HIGH-evidence of menselijke beoordeling. Aanvullende genres opnieuw inhoudelijk afgewogen; uitsluitend canonieke genres, doelgroep en werkvorm blijven afzonderlijk."
"LS1000-0006","Alexander Hamilton","Ron Chernow","2004","Biografie & memoires","Biography & Memoir","","volwassenen","memoires","ZEKER","AI_KENNIS_HERBEOORDEELD","Herkenbare non-fictietitel die een belangrijk onderwerp toegankelijk maakt.","https://openlibrary.org/works/OL2665176W | https://lumisco.re/book/841","2026-09-30","841","aanwezig","Open Library Work: OL2665176W; ISBN-13: 9781429531184","niet gevonden","P3","Redactionele AI-indeling; geen HIGH-evidence of menselijke beoordeling. Aanvullende genres opnieuw inhoudelijk afgewogen; uitsluitend canonieke genres, doelgroep en werkvorm blijven afzonderlijk."
"LS1000-0007","American Prometheus","Kai Bird","2005","Biografie & memoires","Biography & Memoir","","volwassenen","memoires","ZEKER","AI_KENNIS_HERBEOORDEELD","Herkenbare non-fictietitel die een belangrijk onderwerp toegankelijk maakt.","https://openlibrary.org/works/OL1905682W | https://lumisco.re/book/817","2026-09-30","817","aanwezig","Open Library Work: OL1905682W; ISBN-13: 9781843547044","niet gevonden","P3","Redactionele AI-indeling; geen HIGH-evidence of menselijke beoordeling. Aanvullende genres opnieuw inhoudelijk afgewogen; uitsluitend canonieke genres, doelgroep en werkvorm blijven afzonderlijk."
"LS1000-0008","Anna","Annejet van der Zijl","2002","Biografie & memoires","Biography & Memoir","","volwassenen","biografie","ZEKER","AI_KENNIS_HERBEOORDEELD","Nederlandstalige of Vlaamse kernselectie met blijvende lees- en ontdekkingswaarde.","https://openlibrary.org/works/OL9096581W | https://lumisco.re/book/1156","2026-09-30","1156","aanwezig","Open Library Work: OL9096581W; ISBN-13: 9789038887524","bevestigd","P3","Redactionele AI-indeling; geen HIGH-evidence of menselijke beoordeling. Aanvullende genres opnieuw inhoudelijk afgewogen; uitsluitend canonieke genres, doelgroep en werkvorm blijven afzonderlijk."
"LS1000-0009","Anna Boom","Judith Koelemeijer","2008","Biografie & memoires","Biography & Memoir","","volwassenen","biografie","ZEKER","AI_KENNIS_HERBEOORDEELD","Nederlandstalige of Vlaamse kernselectie met blijvende lees- en ontdekkingswaarde.","https://openlibrary.org/works/OL34536597W | https://lumisco.re/book/1163","2026-09-30","1163","aanwezig","Open Library Work: OL34536597W; ISBN-13: 9789058073211","niet onderzocht","P3","Redactionele AI-indeling; geen HIGH-evidence of menselijke beoordeling. Aanvullende genres opnieuw inhoudelijk afgewogen; uitsluitend canonieke genres, doelgroep en werkvorm blijven afzonderlijk."
"LS1000-0010","Autobiografía Malcolm X","Alex Haley","1965","Biografie & memoires","Biography & Memoir","","volwassenen","memoires","ZEKER","AI_KENNIS_HERBEOORDEELD","Herkenbare non-fictietitel die een belangrijk onderwerp toegankelijk maakt.","https://openlibrary.org/works/OL1815443W | https://lumisco.re/book/819","2026-09-30","819","aanwezig","Open Library Work: OL1815443W; ISBN-13: 9780345233387","niet gevonden","P3","Redactionele AI-indeling; geen HIGH-evidence of menselijke beoordeling. Aanvullende genres opnieuw inhoudelijk afgewogen; uitsluitend canonieke genres, doelgroep en werkvorm blijven afzonderlijk."
"LS1000-0011","Autobiography of a Yogi","Yogananda Paramahansa","1946","Biografie & memoires","Biography & Memoir","","volwassenen","memoires","ZEKER","AI_KENNIS_HERBEOORDEELD","Herkenbare non-fictietitel die een belangrijk onderwerp toegankelijk maakt.","https://openlibrary.org/works/OL528094W | https://lumisco.re/book/833","2026-09-30","833","aanwezig","Open Library Work: OL528094W; ISBN-13: 9781565892231","niet gevonden","P3","Redactionele AI-indeling; geen HIGH-evidence of menselijke beoordeling. Aanvullende genres opnieuw inhoudelijk afgewogen; uitsluitend canonieke genres, doelgroep en werkvorm blijven afzonderlijk."
"LS1000-0012","Becoming","Michelle Obama","2018","Biografie & memoires","Biography & Memoir","","volwassenen","memoires","ZEKER","AI_KENNIS_HERBEOORDEELD","Herkenbare non-fictietitel die een belangrijk onderwerp toegankelijk maakt.","https://openlibrary.org/works/OL17930367W | https://lumisco.re/book/83","2026-09-30","83","aanwezig","Open Library Work: OL17930367W; ISBN-13: 9781524763152","bevestigd","P3","Redactionele AI-indeling; geen HIGH-evidence of menselijke beoordeling. Aanvullende genres opnieuw inhoudelijk afgewogen; uitsluitend canonieke genres, doelgroep en werkvorm blijven afzonderlijk."
"LS1000-0013","Bernhard","Annejet van der Zijl","2010","Biografie & memoires","Biography & Memoir","","volwassenen","biografie","ZEKER","AI_KENNIS_HERBEOORDEELD","Nederlandstalige of Vlaamse kernselectie met blijvende lees- en ontdekkingswaarde.","https://openlibrary.org/works/OL33367409W | https://lumisco.re/book/1158","2026-09-30","1158","aanwezig","Open Library Work: OL33367409W; ISBN-13: 9789021437644","bevestigd","P3","Redactionele AI-indeling; geen HIGH-evidence of menselijke beoordeling. Aanvullende genres opnieuw inhoudelijk afgewogen; uitsluitend canonieke genres, doelgroep en werkvorm blijven afzonderlijk."
"LS1000-0014","Between the World and Me","Ta-Nehisi Coates","2015","Biografie & memoires","Biography & Memoir","","volwassenen","memoires","ZEKER","AI_KENNIS_HERBEOORDEELD","Herkenbare non-fictietitel die een belangrijk onderwerp toegankelijk maakt.","https://openlibrary.org/works/OL17201654W | https://lumisco.re/book/794","2026-09-30","794","aanwezig","Open Library Work: OL17201654W; ISBN-13: 9780812993547","niet gevonden","P3","Redactionele AI-indeling; geen HIGH-evidence of menselijke beoordeling. Aanvullende genres opnieuw inhoudelijk afgewogen; uitsluitend canonieke genres, doelgroep en werkvorm blijven afzonderlijk."
"LS1000-0015","Born a Crime","Trevor Noah","2016","Biografie & memoires","Biography & Memoir","","volwassenen","memoires","ZEKER","AI_KENNIS_HERBEOORDEELD","Herkenbare non-fictietitel die een belangrijk onderwerp toegankelijk maakt.","https://openlibrary.org/works/OL17824318W | https://lumisco.re/book/109","2026-09-30","109","aanwezig","Open Library Work: OL17824318W; ISBN-13: 9780399588174","niet gevonden","P3","Redactionele AI-indeling; geen HIGH-evidence of menselijke beoordeling. Aanvullende genres opnieuw inhoudelijk afgewogen; uitsluitend canonieke genres, doelgroep en werkvorm blijven afzonderlijk."
"LS1000-0016","Braiding Sweetgrass","Robin Wall Kimmerer","2013","Wetenschap & natuur","Science & Nature","","volwassenen","essaybundel","ZEKER","AI_KENNIS_HERBEOORDEELD","Herkenbare non-fictietitel die een belangrijk onderwerp toegankelijk maakt.","https://openlibrary.org/works/OL16819897W | https://lumisco.re/book/799","2026-09-30","799","aanwezig","Open Library Work: OL16819897W; ISBN-13: 9781571313355","niet gevonden","P3","Inhoudelijke AI-herbeoordeling van dit werk; geen auteur-/titelwoordregel. NL/EN verwijzen naar dezelfde categorie-ID. Werkvorm afzonderlijk inhoudelijk gecorrigeerd; geen genre. Redactionele AI-indeling; geen HIGH-evidence of menselijke beoordeling. Aanvullende genres opnieuw inhoudelijk afgewogen; uitsluitend canonieke genres, doelgroep en werkvorm blijven afzonderlijk."
"LS1000-0017","Brief Answers to the Big Questions","Stephen Hawking","2018","Wetenschap & natuur","Science & Nature","","volwassenen","non-fictieboek","ZEKER","AI_KENNIS_HERBEOORDEELD","Herkenbare non-fictietitel die een belangrijk onderwerp toegankelijk maakt.","https://openlibrary.org/works/OL19552275W | https://lumisco.re/book/816","2026-09-30","816","aanwezig","Open Library Work: OL19552275W; ISBN-13: 9781984819192","bevestigd","P3","Inhoudelijke AI-herbeoordeling van dit werk; geen auteur-/titelwoordregel. NL/EN verwijzen naar dezelfde categorie-ID. Werkvorm afzonderlijk inhoudelijk gecorrigeerd; geen genre. AI-bibliografische correctie: oorspronkelijke publicatie in plaats van onjuist bron-/editiejaar; geen wijziging bestaand databasejaar. Redactionele AI-indeling; geen HIGH-evidence of menselijke beoordeling. Aanvullende genres opnieuw inhoudelijk afgewogen; uitsluitend canonieke genres, doelgroep en werkvorm blijven afzonderlijk."
"LS1000-0018","De Amerikaanse prinses","Annejet van der Zijl","2015","Biografie & memoires","Biography & Memoir","","volwassenen","biografie","ZEKER","AI_KENNIS_HERBEOORDEELD","Nederlandstalige of Vlaamse kernselectie met blijvende lees- en ontdekkingswaarde.","https://openlibrary.org/works/OL24447276W | https://lumisco.re/book/1160","2026-09-30","1160","aanwezig","Open Library Work: OL24447276W; ISBN-13: 9789021400730","bevestigd","P3","Redactionele AI-indeling; geen HIGH-evidence of menselijke beoordeling. Aanvullende genres opnieuw inhoudelijk afgewogen; uitsluitend canonieke genres, doelgroep en werkvorm blijven afzonderlijk."
"LS1000-0019","Der Antichrist","Friedrich Nietzsche","1895","Filosofie & religie","Philosophy & Religion","","volwassenen","essay","ZEKER","AI_KENNIS_HERBEOORDEELD","Herkenbare non-fictietitel die een belangrijk onderwerp toegankelijk maakt.","https://openlibrary.org/works/OL15692719W | https://lumisco.re/book/803","2026-09-30","803","aanwezig","Open Library Work: OL15692719W; ISBN-13: 9798458217194","niet gevonden","P3","Inhoudelijke AI-herbeoordeling van dit werk; geen auteur-/titelwoordregel. NL/EN verwijzen naar dezelfde categorie-ID. Werkvorm afzonderlijk inhoudelijk gecorrigeerd; geen genre. Redactionele AI-indeling; geen HIGH-evidence of menselijke beoordeling. Aanvullende genres opnieuw inhoudelijk afgewogen; uitsluitend canonieke genres, doelgroep en werkvorm blijven afzonderlijk."
"LS1000-0020","Diarios de Motocicleta","Che Guevara","1993","Biografie & memoires","Biography & Memoir","","volwassenen","memoires","ZEKER","AI_KENNIS_HERBEOORDEELD","Herkenbare non-fictietitel die een belangrijk onderwerp toegankelijk maakt.","https://openlibrary.org/works/OL63457W | https://lumisco.re/book/874","2026-09-30","874","aanwezig","Open Library Work: OL63457W; ISBN-13: 9780007736126","niet gevonden","P3","Redactionele AI-indeling; geen HIGH-evidence of menselijke beoordeling. Aanvullende genres opnieuw inhoudelijk afgewogen; uitsluitend canonieke genres, doelgroep en werkvorm blijven afzonderlijk."
"LS1000-0021","Dreams from My Father","Barack Obama","1995","Biografie & memoires","Biography & Memoir","","volwassenen","memoires","ZEKER","AI_KENNIS_HERBEOORDEELD","Herkenbare non-fictietitel die een belangrijk onderwerp toegankelijk maakt.","https://openlibrary.org/works/OL3246382W | https://lumisco.re/book/857","2026-09-30","857","aanwezig","Open Library Work: OL3246382W; ISBN-13: 9780812927719","bevestigd","P3","Redactionele AI-indeling; geen HIGH-evidence of menselijke beoordeling. Aanvullende genres opnieuw inhoudelijk afgewogen; uitsluitend canonieke genres, doelgroep en werkvorm blijven afzonderlijk."
"LS1000-0022","Educated","Tara Westover","2018","Biografie & memoires","Biography & Memoir","","volwassenen","memoires","ZEKER","AI_KENNIS_HERBEOORDEELD","Herkenbare non-fictietitel die een belangrijk onderwerp toegankelijk maakt.","https://openlibrary.org/works/OL18139176W | https://lumisco.re/book/82","2026-09-30","82","aanwezig","Open Library Work: OL18139176W; ISBN-13: 9780399590504","niet gevonden","P3","Redactionele AI-indeling; geen HIGH-evidence of menselijke beoordeling. Aanvullende genres opnieuw inhoudelijk afgewogen; uitsluitend canonieke genres, doelgroep en werkvorm blijven afzonderlijk."
"LS1000-0023","Einstein","Walter Isaacson","2007","Biografie & memoires","Biography & Memoir","","volwassenen","memoires","ZEKER","AI_KENNIS_HERBEOORDEELD","Herkenbare non-fictietitel die een belangrijk onderwerp toegankelijk maakt.","https://openlibrary.org/works/OL4288870W | https://lumisco.re/book/866","2026-09-30","866","aanwezig","Open Library Work: OL4288870W; ISBN-13: 9780743264730","niet gevonden","P3","Redactionele AI-indeling; geen HIGH-evidence of menselijke beoordeling. Aanvullende genres opnieuw inhoudelijk afgewogen; uitsluitend canonieke genres, doelgroep en werkvorm blijven afzonderlijk."
"LS1000-0024","Finding Me","Viola Davis","2022","Biografie & memoires","Biography & Memoir","","volwassenen","memoires","ZEKER","AI_KENNIS_HERBEOORDEELD","Recente, reeds verschenen titel die de selectie actueel en veelzijdig houdt.","https://openlibrary.org/works/OL25988701W | https://lumisco.re/book/826","2026-09-30","826","aanwezig","Open Library Work: OL25988701W; ISBN-13: 9780063211094","niet gevonden","P3","Redactionele AI-indeling; geen HIGH-evidence of menselijke beoordeling. Aanvullende genres opnieuw inhoudelijk afgewogen; uitsluitend canonieke genres, doelgroep en werkvorm blijven afzonderlijk."
"LS1000-0025","Fortuna's kinderen","Annejet van der Zijl","2021","Biografie & memoires","Biography & Memoir","","volwassenen","biografie","ZEKER","AI_KENNIS_HERBEOORDEELD","Nederlandstalige of Vlaamse kernselectie met blijvende lees- en ontdekkingswaarde.","https://openlibrary.org/works/OL30941109W | https://lumisco.re/book/1161","2026-09-30","1161","aanwezig","Open Library Work: OL30941109W; ISBN-13: 9789048862412","niet onderzocht","P3","Redactionele AI-indeling; geen HIGH-evidence of menselijke beoordeling. Aanvullende genres opnieuw inhoudelijk afgewogen; uitsluitend canonieke genres, doelgroep en werkvorm blijven afzonderlijk."
"LS1000-0026","Gender Queer","Maia Kobabe","2019","Biografie & memoires","Biography & Memoir","","volwassenen","memoires","ZEKER","AI_KENNIS_HERBEOORDEELD","Herkenbare non-fictietitel die een belangrijk onderwerp toegankelijk maakt.","https://openlibrary.org/works/OL21337755W | https://lumisco.re/book/854","2026-09-30","854","aanwezig","Open Library Work: OL21337755W; ISBN-13: 9781549304002","bevestigd","P3","Redactionele AI-indeling; geen HIGH-evidence of menselijke beoordeling. Aanvullende genres opnieuw inhoudelijk afgewogen; uitsluitend canonieke genres, doelgroep en werkvorm blijven afzonderlijk."
"LS1000-0027","Gerard Heineken","Annejet van der Zijl","2014","Biografie & memoires","Biography & Memoir","","volwassenen","biografie","ZEKER","AI_KENNIS_HERBEOORDEELD","Nederlandstalige of Vlaamse kernselectie met blijvende lees- en ontdekkingswaarde.","https://openlibrary.org/works/OL23358669W | https://lumisco.re/book/1159","2026-09-30","1159","aanwezig","Open Library Work: OL23358669W; ISBN-13: 9789021455440","bevestigd","P3","Redactionele AI-indeling; geen HIGH-evidence of menselijke beoordeling. Aanvullende genres opnieuw inhoudelijk afgewogen; uitsluitend canonieke genres, doelgroep en werkvorm blijven afzonderlijk."
"LS1000-0028","Gorin no sho","Miyamoto Musashi","","Filosofie & religie","Philosophy & Religion","","volwassenen","non-fictieboek","ZEKER","AI_KENNIS_HERBEOORDEELD","Herkenbare non-fictietitel die een belangrijk onderwerp toegankelijk maakt.","https://openlibrary.org/works/OL3946622W | https://lumisco.re/book/796","2026-09-30","796","aanwezig","Open Library Work: OL3946622W; ISBN-13: 9780834805651","niet gevonden","P3","Inhoudelijke AI-herbeoordeling van dit werk; geen auteur-/titelwoordregel. NL/EN verwijzen naar dezelfde categorie-ID. Werkvorm afzonderlijk inhoudelijk gecorrigeerd; geen genre. Exact oorspronkelijk publicatiejaar onvoldoende vastgesteld; niet afleiden van editie/ontstaan. Redactionele AI-indeling; geen HIGH-evidence of menselijke beoordeling. Aanvullende genres opnieuw inhoudelijk afgewogen; uitsluitend canonieke genres, doelgroep en werkvorm blijven afzonderlijk."
"LS1000-0029","Het zijn net mensen","Joris Luyendijk","2006","Maatschappij & actualiteit","Society & Current Affairs","","volwassenen","biografie","ZEKER","AI_KENNIS_HERBEOORDEELD","Nederlandstalige of Vlaamse kernselectie met blijvende lees- en ontdekkingswaarde.","https://openlibrary.org/works/OL15082537W | https://lumisco.re/book/1165","2026-09-30","1165","aanwezig","Open Library Work: OL15082537W; ISBN-13: 9781593762568","bevestigd","P3","Inhoudelijke AI-herbeoordeling van dit werk; geen auteur-/titelwoordregel. NL/EN verwijzen naar dezelfde categorie-ID. Redactionele AI-indeling; geen HIGH-evidence of menselijke beoordeling. Aanvullende genres opnieuw inhoudelijk afgewogen; uitsluitend canonieke genres, doelgroep en werkvorm blijven afzonderlijk."
"LS1000-0030","Homage to Catalonia","George Orwell","1938","Biografie & memoires","Biography & Memoir","","volwassenen","biografie","ZEKER","AI_KENNIS_HERBEOORDEELD","Herkenbare non-fictietitel die een belangrijk onderwerp toegankelijk maakt.","https://openlibrary.org/works/OL1168169W | https://lumisco.re/book/858","2026-09-30","858","aanwezig","Open Library Work: OL1168169W; ISBN-13: 9780008442750","niet gevonden","P3","Redactionele AI-indeling; geen HIGH-evidence of menselijke beoordeling. Aanvullende genres opnieuw inhoudelijk afgewogen; uitsluitend canonieke genres, doelgroep en werkvorm blijven afzonderlijk."
"LS1000-0031","How to Be an Antiracist","Ibram X. Kendi","2019","Maatschappij & actualiteit","Society & Current Affairs","","volwassenen","memoires","ZEKER","AI_KENNIS_HERBEOORDEELD","Herkenbare non-fictietitel die een belangrijk onderwerp toegankelijk maakt.","https://openlibrary.org/works/OL20086330W | https://lumisco.re/book/838","2026-09-30","838","aanwezig","Open Library Work: OL20086330W; ISBN-13: 9780525509288","niet gevonden","P3","Inhoudelijke AI-herbeoordeling van dit werk; geen auteur-/titelwoordregel. NL/EN verwijzen naar dezelfde categorie-ID. Redactionele AI-indeling; geen HIGH-evidence of menselijke beoordeling. Aanvullende genres opnieuw inhoudelijk afgewogen; uitsluitend canonieke genres, doelgroep en werkvorm blijven afzonderlijk."
"LS1000-0032","How to Get Rich","Donald Trump","2004","Economie & ondernemerschap","Economics & Business","","volwassenen","memoires","ZEKER","AI_KENNIS_HERBEOORDEELD","Herkenbare non-fictietitel die een belangrijk onderwerp toegankelijk maakt.","https://openlibrary.org/works/OL2720606W | https://lumisco.re/book/903","2026-09-30","903","aanwezig","Open Library Work: OL2720606W; ISBN-13: 9780307209993","niet gevonden","P3","Inhoudelijke AI-herbeoordeling van dit werk; geen auteur-/titelwoordregel. NL/EN verwijzen naar dezelfde categorie-ID. AI-bibliografische correctie: oorspronkelijke publicatie in plaats van onjuist bron-/editiejaar; geen wijziging bestaand databasejaar. Redactionele AI-indeling; geen HIGH-evidence of menselijke beoordeling. Aanvullende genres opnieuw inhoudelijk afgewogen; uitsluitend canonieke genres, doelgroep en werkvorm blijven afzonderlijk."
"LS1000-0033","I Know Why the Caged Bird Sings","Maya Angelou","1969","Biografie & memoires","Biography & Memoir","","volwassenen","memoires","ZEKER","AI_KENNIS_HERBEOORDEELD","Herkenbare non-fictietitel die een belangrijk onderwerp toegankelijk maakt.","https://openlibrary.org/works/OL80021W | https://lumisco.re/book/788","2026-09-30","788","aanwezig","Open Library Work: OL80021W; ISBN-13: 9780553851700","niet gevonden","P3","Redactionele AI-indeling; geen HIGH-evidence of menselijke beoordeling. Aanvullende genres opnieuw inhoudelijk afgewogen; uitsluitend canonieke genres, doelgroep en werkvorm blijven afzonderlijk."
"LS1000-0034","In Europa","Geert Mak","2004","Geschiedenis","History","","volwassenen","biografie","ZEKER","AI_KENNIS_HERBEOORDEELD","Nederlandstalige of Vlaamse kernselectie met blijvende lees- en ontdekkingswaarde.","https://openlibrary.org/works/OL931630W | https://lumisco.re/book/1147","2026-09-30","1147","aanwezig","Open Library Work: OL931630W; ISBN-13: 9780375424953","bevestigd","P3","Inhoudelijke AI-herbeoordeling van dit werk; geen auteur-/titelwoordregel. NL/EN verwijzen naar dezelfde categorie-ID. AI-bibliografische correctie: oorspronkelijke publicatie in plaats van onjuist bron-/editiejaar; geen wijziging bestaand databasejaar. Redactionele AI-indeling; geen HIGH-evidence of menselijke beoordeling. Aanvullende genres opnieuw inhoudelijk afgewogen; uitsluitend canonieke genres, doelgroep en werkvorm blijven afzonderlijk."
"LS1000-0035","Into the Wild","Jon Krakauer","1996","Biografie & memoires","Biography & Memoir","","volwassenen","memoires","ZEKER","AI_KENNIS_HERBEOORDEELD","Herkenbare non-fictietitel die een belangrijk onderwerp toegankelijk maakt.","https://openlibrary.org/works/OL1974546W | https://lumisco.re/book/85","2026-09-30","85","aanwezig","Open Library Work: OL1974546W; ISBN-13: 9781447203698","bevestigd","P3","Redactionele AI-indeling; geen HIGH-evidence of menselijke beoordeling. Aanvullende genres opnieuw inhoudelijk afgewogen; uitsluitend canonieke genres, doelgroep en werkvorm blijven afzonderlijk."
"LS1000-0036","Into Thin Air","Jon Krakauer","1997","Biografie & memoires","Biography & Memoir","","volwassenen","memoires","ZEKER","AI_KENNIS_HERBEOORDEELD","Herkenbare non-fictietitel die een belangrijk onderwerp toegankelijk maakt.","https://openlibrary.org/works/OL1974548W | https://lumisco.re/book/840","2026-09-30","840","aanwezig","Open Library Work: OL1974548W; ISBN-13: 9780330353977","bevestigd","P3","AI-bibliografische correctie: oorspronkelijke publicatie in plaats van onjuist bron-/editiejaar; geen wijziging bestaand databasejaar. Redactionele AI-indeling; geen HIGH-evidence of menselijke beoordeling. Aanvullende genres opnieuw inhoudelijk afgewogen; uitsluitend canonieke genres, doelgroep en werkvorm blijven afzonderlijk."
"LS1000-0037","Jagtlust","Annejet van der Zijl","1998","Biografie & memoires","Biography & Memoir","","volwassenen","biografie","ZEKER","AI_KENNIS_HERBEOORDEELD","Nederlandstalige of Vlaamse kernselectie met blijvende lees- en ontdekkingswaarde.","https://openlibrary.org/works/OL759018W | https://lumisco.re/book/1155","2026-09-30","1155","aanwezig","Open Library Work: OL759018W; ISBN-13: 9789029057554","bevestigd","P3","Redactionele AI-indeling; geen HIGH-evidence of menselijke beoordeling. Aanvullende genres opnieuw inhoudelijk afgewogen; uitsluitend canonieke genres, doelgroep en werkvorm blijven afzonderlijk."
"LS1000-0038","Just Kids","Patti Smith","2010","Biografie & memoires","Biography & Memoir","","volwassenen","memoires","ZEKER","AI_KENNIS_HERBEOORDEELD","Herkenbare non-fictietitel die een belangrijk onderwerp toegankelijk maakt.","https://openlibrary.org/works/OL15474046W | https://lumisco.re/book/827","2026-09-30","827","aanwezig","Open Library Work: OL15474046W; ISBN-13: 9780062008442","niet gevonden","P3","AI-bibliografische correctie: oorspronkelijke publicatie in plaats van onjuist bron-/editiejaar; geen wijziging bestaand databasejaar. Redactionele AI-indeling; geen HIGH-evidence of menselijke beoordeling. Aanvullende genres opnieuw inhoudelijk afgewogen; uitsluitend canonieke genres, doelgroep en werkvorm blijven afzonderlijk."
"LS1000-0039","Just Mercy","Bryan Stevenson","2014","Biografie & memoires","Biography & Memoir","","volwassenen","memoires","ZEKER","AI_KENNIS_HERBEOORDEELD","Herkenbare non-fictietitel die een belangrijk onderwerp toegankelijk maakt.","https://openlibrary.org/works/OL17231441W | https://lumisco.re/book/805","2026-09-30","805","aanwezig","Open Library Work: OL17231441W; ISBN-13: 9780812994537","niet gevonden","P3","AI-bibliografische correctie: oorspronkelijke publicatie in plaats van onjuist bron-/editiejaar; geen wijziging bestaand databasejaar. Redactionele AI-indeling; geen HIGH-evidence of menselijke beoordeling. Aanvullende genres opnieuw inhoudelijk afgewogen; uitsluitend canonieke genres, doelgroep en werkvorm blijven afzonderlijk."
"LS1000-0040","Lean In","Sheryl Sandberg","2013","Economie & ondernemerschap","Economics & Business","","volwassenen","memoires","ZEKER","AI_KENNIS_HERBEOORDEELD","Herkenbare non-fictietitel die een belangrijk onderwerp toegankelijk maakt.","https://openlibrary.org/works/OL16802331W | https://lumisco.re/book/851","2026-09-30","851","aanwezig","Open Library Work: OL16802331W; ISBN-13: 9780385349949","bevestigd","P3","Inhoudelijke AI-herbeoordeling van dit werk; geen auteur-/titelwoordregel. NL/EN verwijzen naar dezelfde categorie-ID. AI-bibliografische correctie: oorspronkelijke publicatie in plaats van onjuist bron-/editiejaar; geen wijziging bestaand databasejaar. Redactionele AI-indeling; geen HIGH-evidence of menselijke beoordeling. Aanvullende genres opnieuw inhoudelijk afgewogen; uitsluitend canonieke genres, doelgroep en werkvorm blijven afzonderlijk."
"LS1000-0041","Leonardo","Leonardo da Vinci","","Kunst & cultuur","Arts & Culture","","volwassenen","memoires","TWIJFEL","AI_KENNIS_HERBEOORDEELD","Herkenbare non-fictietitel die een belangrijk onderwerp toegankelijk maakt.","https://openlibrary.org/works/OL695408W | https://lumisco.re/book/815","2026-09-30","815","aanwezig","Open Library Work: OL695408W; ISBN-13: 9788895686004","niet gevonden","P3","Inhoudelijke AI-herbeoordeling van dit werk; geen auteur-/titelwoordregel. NL/EN verwijzen naar dezelfde categorie-ID. Exact oorspronkelijk publicatiejaar onvoldoende vastgesteld; niet afleiden van editie/ontstaan. Generieke kunstenaarsnaam als titel én auteur; exact werk/uitgave niet betrouwbaar vastgesteld. Redactionele AI-indeling; geen HIGH-evidence of menselijke beoordeling. Aanvullende genres opnieuw inhoudelijk afgewogen; uitsluitend canonieke genres, doelgroep en werkvorm blijven afzonderlijk."
"LS1000-0042","Long Walk to Freedom","Nelson Mandela","1994","Biografie & memoires","Biography & Memoir","","volwassenen","biografie","ZEKER","AI_KENNIS_HERBEOORDEELD","Herkenbare non-fictietitel die een belangrijk onderwerp toegankelijk maakt.","https://openlibrary.org/works/OL1783377W | https://lumisco.re/book/84","2026-09-30","84","aanwezig","Open Library Work: OL1783377W; ISBN-13: 9780349116020","niet gevonden","P3","Redactionele AI-indeling; geen HIGH-evidence of menselijke beoordeling. Aanvullende genres opnieuw inhoudelijk afgewogen; uitsluitend canonieke genres, doelgroep en werkvorm blijven afzonderlijk."
"LS1000-0043","Mein Kampf","Adolf Hitler","1925","Biografie & memoires","Biography & Memoir","","volwassenen","memoires","ZEKER","AI_KENNIS_HERBEOORDEELD","Herkenbare non-fictietitel die een belangrijk onderwerp toegankelijk maakt.","https://openlibrary.org/works/OL1067314W | https://lumisco.re/book/793","2026-09-30","793","aanwezig","Open Library Work: OL1067314W; ISBN-13: 9780547559254","niet gevonden","P3","AI-bibliografische correctie: oorspronkelijke publicatie in plaats van onjuist bron-/editiejaar; geen wijziging bestaand databasejaar. Redactionele AI-indeling; geen HIGH-evidence of menselijke beoordeling. Aanvullende genres opnieuw inhoudelijk afgewogen; uitsluitend canonieke genres, doelgroep en werkvorm blijven afzonderlijk."
"LS1000-0044","Michelle Obama in Her Own Words","Michelle Obama","","Biografie & memoires","Biography & Memoir","","volwassenen","memoires","TWIJFEL","AI_KENNIS_HERBEOORDEELD","Herkenbare non-fictietitel die een belangrijk onderwerp toegankelijk maakt.","https://openlibrary.org/works/OL15187506W | https://lumisco.re/book/795","2026-09-30","795","aanwezig","Open Library Work: OL15187506W; ISBN-13: 9780786746408","niet gevonden","P3","Exact oorspronkelijk publicatiejaar onvoldoende vastgesteld; niet afleiden van editie/ontstaan. Citatencompilatie: samensteller/auteursrol en oorspronkelijke editie eerst vaststellen. Redactionele AI-indeling; geen HIGH-evidence of menselijke beoordeling. Aanvullende genres opnieuw inhoudelijk afgewogen; uitsluitend canonieke genres, doelgroep en werkvorm blijven afzonderlijk."
"LS1000-0045","My bondage and my freedom","Frederick Douglass","1855","Biografie & memoires","Biography & Memoir","","volwassenen","biografie","WAARSCHIJNLIJK","AI_KENNIS_HERBEOORDEELD","Veeluitgegeven non-fictiewerk dat een inhoudelijke leemte in de catalogus aanvult.","https://openlibrary.org/works/OL69179W | https://openlibrary.org/subjects/biography","2026-09-30","","ontbreekt","Open Library Work: OL69179W; ISBN-13: 9798414244943","niet gevonden","P2","Redactionele AI-indeling; geen HIGH-evidence of menselijke beoordeling. Aanvullende genres opnieuw inhoudelijk afgewogen; uitsluitend canonieke genres, doelgroep en werkvorm blijven afzonderlijk."
"LS1000-0046","Never Split the Difference","Chris Voss","2016","Psychologie & persoonlijke ontwikkeling","Psychology & Self-Development","","volwassenen","biografie","ZEKER","AI_KENNIS_HERBEOORDEELD","Herkenbare non-fictietitel die een belangrijk onderwerp toegankelijk maakt.","https://openlibrary.org/works/OL18819818W | https://lumisco.re/book/822","2026-09-30","822","aanwezig","Open Library Work: OL18819818W; ISBN-13: 9780062407801","niet gevonden","P3","Inhoudelijke AI-herbeoordeling van dit werk; geen auteur-/titelwoordregel. NL/EN verwijzen naar dezelfde categorie-ID. Redactionele AI-indeling; geen HIGH-evidence of menselijke beoordeling. Aanvullende genres opnieuw inhoudelijk afgewogen; uitsluitend canonieke genres, doelgroep en werkvorm blijven afzonderlijk."
"LS1000-0047","Picasso","Pablo Picasso","","Kunst & cultuur","Arts & Culture","","volwassenen","biografie","TWIJFEL","AI_KENNIS_HERBEOORDEELD","Herkenbare non-fictietitel die een belangrijk onderwerp toegankelijk maakt.","https://openlibrary.org/works/OL145191W | https://lumisco.re/book/814","2026-09-30","814","aanwezig","Open Library Work: OL145191W; ISBN-13: 9783775719223","bevestigd","P3","Inhoudelijke AI-herbeoordeling van dit werk; geen auteur-/titelwoordregel. NL/EN verwijzen naar dezelfde categorie-ID. Exact oorspronkelijk publicatiejaar onvoldoende vastgesteld; niet afleiden van editie/ontstaan. Generieke kunstenaarsnaam als titel én auteur; exact kunstboek niet vastgesteld. Redactionele AI-indeling; geen HIGH-evidence of menselijke beoordeling. Aanvullende genres opnieuw inhoudelijk afgewogen; uitsluitend canonieke genres, doelgroep en werkvorm blijven afzonderlijk."
"LS1000-0048","Prozac nation","Elizabeth Wurtzel","1994","Biografie & memoires","Biography & Memoir","","volwassenen","memoires","ZEKER","AI_KENNIS_HERBEOORDEELD","Herkenbare non-fictietitel die een belangrijk onderwerp toegankelijk maakt.","https://openlibrary.org/works/OL15844727W | https://lumisco.re/book/825","2026-09-30","825","aanwezig","Open Library Work: OL15844727W; ISBN-13: 9780544960091","bevestigd","P3","Redactionele AI-indeling; geen HIGH-evidence of menselijke beoordeling. Aanvullende genres opnieuw inhoudelijk afgewogen; uitsluitend canonieke genres, doelgroep en werkvorm blijven afzonderlijk."
"LS1000-0049","Reizen zonder John","Geert Mak","2012","Reizen","Travel","","volwassenen","biografie","ZEKER","AI_KENNIS_HERBEOORDEELD","Nederlandstalige of Vlaamse kernselectie met blijvende lees- en ontdekkingswaarde.","https://openlibrary.org/works/OL23233125W | https://lumisco.re/book/1148","2026-09-30","1148","aanwezig","Open Library Work: OL23233125W; ISBN-13: 9789045020846","bevestigd","P3","Inhoudelijke AI-herbeoordeling van dit werk; geen auteur-/titelwoordregel. NL/EN verwijzen naar dezelfde categorie-ID. Redactionele AI-indeling; geen HIGH-evidence of menselijke beoordeling. Aanvullende genres opnieuw inhoudelijk afgewogen; uitsluitend canonieke genres, doelgroep en werkvorm blijven afzonderlijk."
"LS1000-0050","Sailing alone around the world","Joshua Slocum","1900","Biografie & memoires","Biography & Memoir","","volwassenen","memoires","WAARSCHIJNLIJK","AI_KENNIS_HERBEOORDEELD","Veeluitgegeven non-fictiewerk dat een inhoudelijke leemte in de catalogus aanvult.","https://openlibrary.org/works/OL59979W | https://openlibrary.org/subjects/biography","2026-09-30","","ontbreekt","Open Library Work: OL59979W; ISBN-13: 9798719151243","niet gevonden","P2","Redactionele AI-indeling; geen HIGH-evidence of menselijke beoordeling. Aanvullende genres opnieuw inhoudelijk afgewogen; uitsluitend canonieke genres, doelgroep en werkvorm blijven afzonderlijk."
"LS1000-0051","Saint Francis of Assisi","Gilbert Keith Chesterton","1923","Biografie & memoires","Biography & Memoir","","volwassenen","memoires","WAARSCHIJNLIJK","AI_KENNIS_HERBEOORDEELD","Veeluitgegeven non-fictiewerk dat een inhoudelijke leemte in de catalogus aanvult.","https://openlibrary.org/works/OL76399W | https://openlibrary.org/subjects/biography","2026-09-30","","ontbreekt","Open Library Work: OL76399W; ISBN-13: 9798550881712","niet gevonden","P2","Redactionele AI-indeling; geen HIGH-evidence of menselijke beoordeling. Aanvullende genres opnieuw inhoudelijk afgewogen; uitsluitend canonieke genres, doelgroep en werkvorm blijven afzonderlijk."
"LS1000-0052","Sonny Boy","Annejet van der Zijl","2005","Biografie & memoires","Biography & Memoir","","volwassenen","biografie","ZEKER","AI_KENNIS_HERBEOORDEELD","Nederlandstalige of Vlaamse kernselectie met blijvende lees- en ontdekkingswaarde.","https://openlibrary.org/works/OL759017W | https://lumisco.re/book/1157","2026-09-30","1157","aanwezig","Open Library Work: OL759017W; ISBN-13: 9789021439044","bevestigd","P3","Redactionele AI-indeling; geen HIGH-evidence of menselijke beoordeling. Aanvullende genres opnieuw inhoudelijk afgewogen; uitsluitend canonieke genres, doelgroep en werkvorm blijven afzonderlijk."
"LS1000-0053","Steve Jobs","Walter Isaacson","2011","Biografie & memoires","Biography & Memoir","","volwassenen","memoires","ZEKER","AI_KENNIS_HERBEOORDEELD","Herkenbare non-fictietitel die een belangrijk onderwerp toegankelijk maakt.","https://openlibrary.org/works/OL16085155W | https://lumisco.re/book/786","2026-09-30","786","aanwezig","Open Library Work: OL16085155W; ISBN-13: 9781451648539","niet gevonden","P3","Redactionele AI-indeling; geen HIGH-evidence of menselijke beoordeling. Aanvullende genres opnieuw inhoudelijk afgewogen; uitsluitend canonieke genres, doelgroep en werkvorm blijven afzonderlijk."
"LS1000-0054","The Audacity of Hope","Barack Obama","2006","Maatschappij & actualiteit","Society & Current Affairs","","volwassenen","memoires","ZEKER","AI_KENNIS_HERBEOORDEELD","Herkenbare non-fictietitel die een belangrijk onderwerp toegankelijk maakt.","https://openlibrary.org/works/OL3246392W | https://lumisco.re/book/804","2026-09-30","804","aanwezig","Open Library Work: OL3246392W; ISBN-13: 9781847670359","bevestigd","P3","Inhoudelijke AI-herbeoordeling van dit werk; geen auteur-/titelwoordregel. NL/EN verwijzen naar dezelfde categorie-ID. Redactionele AI-indeling; geen HIGH-evidence of menselijke beoordeling. Aanvullende genres opnieuw inhoudelijk afgewogen; uitsluitend canonieke genres, doelgroep en werkvorm blijven afzonderlijk."
"LS1000-0055","The Diary of a Young Girl","Anne Frank","1947","Biografie & memoires","Biography & Memoir","","volwassenen","memoires","ZEKER","AI_KENNIS_HERBEOORDEELD","Herkenbare non-fictietitel die een belangrijk onderwerp toegankelijk maakt.","https://openlibrary.org/works/OL266178W | https://lumisco.re/book/79","2026-09-30","79","aanwezig","Open Library Work: OL266178W; ISBN-13: 9787515907512","bevestigd","P3","AI-bibliografische correctie: oorspronkelijke publicatie in plaats van onjuist bron-/editiejaar; geen wijziging bestaand databasejaar. Redactionele AI-indeling; geen HIGH-evidence of menselijke beoordeling. Aanvullende genres opnieuw inhoudelijk afgewogen; uitsluitend canonieke genres, doelgroep en werkvorm blijven afzonderlijk."
"LS1000-0056","The Glass Castle","Jeannette Walls","2005","Biografie & memoires","Biography & Memoir","","volwassenen","memoires","ZEKER","AI_KENNIS_HERBEOORDEELD","Herkenbare non-fictietitel die een belangrijk onderwerp toegankelijk maakt.","https://openlibrary.org/works/OL46760W | https://lumisco.re/book/91","2026-09-30","91","aanwezig","Open Library Work: OL46760W; ISBN-13: 9781602855571","niet gevonden","P3","Redactionele AI-indeling; geen HIGH-evidence of menselijke beoordeling. Aanvullende genres opnieuw inhoudelijk afgewogen; uitsluitend canonieke genres, doelgroep en werkvorm blijven afzonderlijk."
"LS1000-0057","The Immortal Life of Henrietta Lacks","Rebecca Skloot","2010","Biografie & memoires","Biography & Memoir","","volwassenen","memoires","ZEKER","AI_KENNIS_HERBEOORDEELD","Herkenbare non-fictietitel die een belangrijk onderwerp toegankelijk maakt.","https://openlibrary.org/works/OL13850788W | https://lumisco.re/book/80","2026-09-30","80","aanwezig","Open Library Work: OL13850788W; ISBN-13: 9781400052172","niet gevonden","P3","AI-bibliografische correctie: oorspronkelijke publicatie in plaats van onjuist bron-/editiejaar; geen wijziging bestaand databasejaar. Redactionele AI-indeling; geen HIGH-evidence of menselijke beoordeling. Aanvullende genres opnieuw inhoudelijk afgewogen; uitsluitend canonieke genres, doelgroep en werkvorm blijven afzonderlijk."
"LS1000-0058","The Last Lecture","Randy Pausch","2008","Psychologie & persoonlijke ontwikkeling","Psychology & Self-Development","","volwassenen","memoires","ZEKER","AI_KENNIS_HERBEOORDEELD","Herkenbare non-fictietitel die een belangrijk onderwerp toegankelijk maakt.","https://openlibrary.org/works/OL7952998W | https://lumisco.re/book/855","2026-09-30","855","aanwezig","Open Library Work: OL7952998W; ISBN-13: 9781410407115","niet gevonden","P3","Inhoudelijke AI-herbeoordeling van dit werk; geen auteur-/titelwoordregel. NL/EN verwijzen naar dezelfde categorie-ID. Redactionele AI-indeling; geen HIGH-evidence of menselijke beoordeling. Aanvullende genres opnieuw inhoudelijk afgewogen; uitsluitend canonieke genres, doelgroep en werkvorm blijven afzonderlijk."
"LS1000-0059","The lost boy","David J. Pelzer","1997","Biografie & memoires","Biography & Memoir","","volwassenen","memoires","ZEKER","AI_KENNIS_HERBEOORDEELD","Herkenbare non-fictietitel die een belangrijk onderwerp toegankelijk maakt.","https://openlibrary.org/works/OL66944W | https://lumisco.re/book/820","2026-09-30","820","aanwezig","Open Library Work: OL66944W; ISBN-13: 9780757396069","niet gevonden","P3","AI-bibliografische correctie: oorspronkelijke publicatie in plaats van onjuist bron-/editiejaar; geen wijziging bestaand databasejaar. Redactionele AI-indeling; geen HIGH-evidence of menselijke beoordeling. Aanvullende genres opnieuw inhoudelijk afgewogen; uitsluitend canonieke genres, doelgroep en werkvorm blijven afzonderlijk."
"LS1000-0060","The Muqaddimah, an introduction to history","Ibn Khaldūn","","Geschiedenis","History","","volwassenen","biografie","ZEKER","AI_KENNIS_HERBEOORDEELD","Herkenbare non-fictietitel die een belangrijk onderwerp toegankelijk maakt.","https://openlibrary.org/works/OL1597257W | https://lumisco.re/book/823","2026-09-30","823","aanwezig","Open Library Work: OL1597257W; ISBN-13: 9780710016829","niet gevonden","P3","Inhoudelijke AI-herbeoordeling van dit werk; geen auteur-/titelwoordregel. NL/EN verwijzen naar dezelfde categorie-ID. Exact oorspronkelijk publicatiejaar onvoldoende vastgesteld; niet afleiden van editie/ontstaan. Redactionele AI-indeling; geen HIGH-evidence of menselijke beoordeling. Aanvullende genres opnieuw inhoudelijk afgewogen; uitsluitend canonieke genres, doelgroep en werkvorm blijven afzonderlijk."
"LS1000-0061","The Psychopath Test","Jon Ronson","2011","Psychologie & persoonlijke ontwikkeling","Psychology & Self-Development","","volwassenen","memoires","ZEKER","AI_KENNIS_HERBEOORDEELD","Herkenbare non-fictietitel die een belangrijk onderwerp toegankelijk maakt.","https://openlibrary.org/works/OL16795887W | https://lumisco.re/book/828","2026-09-30","828","aanwezig","Open Library Work: OL16795887W; ISBN-13: 9780330492270","niet gevonden","P3","Inhoudelijke AI-herbeoordeling van dit werk; geen auteur-/titelwoordregel. NL/EN verwijzen naar dezelfde categorie-ID. Redactionele AI-indeling; geen HIGH-evidence of menselijke beoordeling. Aanvullende genres opnieuw inhoudelijk afgewogen; uitsluitend canonieke genres, doelgroep en werkvorm blijven afzonderlijk."
"LS1000-0062","The Second World War","Winston S. Churchill","1948","Geschiedenis","History","","volwassenen","biografie","ZEKER","AI_KENNIS_HERBEOORDEELD","Herkenbare non-fictietitel die een belangrijk onderwerp toegankelijk maakt.","https://openlibrary.org/works/OL134333W | https://lumisco.re/book/834","2026-09-30","834","aanwezig","Open Library Work: OL134333W; ISBN-13: 9780395075418","niet gevonden","P3","Inhoudelijke AI-herbeoordeling van dit werk; geen auteur-/titelwoordregel. NL/EN verwijzen naar dezelfde categorie-ID. AI-bibliografische correctie: oorspronkelijke publicatie in plaats van onjuist bron-/editiejaar; geen wijziging bestaand databasejaar. Redactionele AI-indeling; geen HIGH-evidence of menselijke beoordeling. Aanvullende genres opnieuw inhoudelijk afgewogen; uitsluitend canonieke genres, doelgroep en werkvorm blijven afzonderlijk."
"LS1000-0063","The Story of Philosophy","Will Durant","1926","Biografie & memoires","Biography & Memoir","","volwassenen","biografie","ZEKER","AI_KENNIS_HERBEOORDEELD","Herkenbare non-fictietitel die een belangrijk onderwerp toegankelijk maakt.","https://openlibrary.org/works/OL1073898W | https://lumisco.re/book/843","2026-09-30","843","aanwezig","Open Library Work: OL1073898W; ISBN-13: 9781439101186","niet gevonden","P3","Redactionele AI-indeling; geen HIGH-evidence of menselijke beoordeling. Aanvullende genres opnieuw inhoudelijk afgewogen; uitsluitend canonieke genres, doelgroep en werkvorm blijven afzonderlijk."
"LS1000-0064","Tuesdays with Morrie","Mitch Albom","1997","Biografie & memoires","Biography & Memoir","","volwassenen","memoires","ZEKER","AI_KENNIS_HERBEOORDEELD","Herkenbare non-fictietitel die een belangrijk onderwerp toegankelijk maakt.","https://openlibrary.org/works/OL1822313W | https://lumisco.re/book/785","2026-09-30","785","aanwezig","Open Library Work: OL1822313W; ISBN-13: 9780606255097","niet gevonden","P3","AI-bibliografische correctie: oorspronkelijke publicatie in plaats van onjuist bron-/editiejaar; geen wijziging bestaand databasejaar. Redactionele AI-indeling; geen HIGH-evidence of menselijke beoordeling. Aanvullende genres opnieuw inhoudelijk afgewogen; uitsluitend canonieke genres, doelgroep en werkvorm blijven afzonderlijk."
"LS1000-0065","Up from Slavery","Booker T. Washington","1900","Biografie & memoires","Biography & Memoir","","volwassenen","memoires","ZEKER","AI_KENNIS_HERBEOORDEELD","Herkenbare non-fictietitel die een belangrijk onderwerp toegankelijk maakt.","https://openlibrary.org/works/OL357501W | https://lumisco.re/book/829","2026-09-30","829","aanwezig","Open Library Work: OL357501W; ISBN-13: 9781417703982","niet gevonden","P3","Redactionele AI-indeling; geen HIGH-evidence of menselijke beoordeling. Aanvullende genres opnieuw inhoudelijk afgewogen; uitsluitend canonieke genres, doelgroep en werkvorm blijven afzonderlijk."
"LS1000-0066","Visage volé","Latifa","2001","Biografie & memoires","Biography & Memoir","","volwassenen","memoires","ZEKER","AI_KENNIS_HERBEOORDEELD","Herkenbare non-fictietitel die een belangrijk onderwerp toegankelijk maakt.","https://openlibrary.org/works/OL5798945W | https://lumisco.re/book/887","2026-09-30","887","aanwezig","Open Library Work: OL5798945W; ISBN-13: 9780748109128","niet gevonden","P3","Redactionele AI-indeling; geen HIGH-evidence of menselijke beoordeling. Aanvullende genres opnieuw inhoudelijk afgewogen; uitsluitend canonieke genres, doelgroep en werkvorm blijven afzonderlijk."
"LS1000-0067","We Should All Be Feminists","Chimamanda Ngozi Adichie","2014","Maatschappij & actualiteit","Society & Current Affairs","","volwassenen","biografie","ZEKER","AI_KENNIS_HERBEOORDEELD","Herkenbare non-fictietitel die een belangrijk onderwerp toegankelijk maakt.","https://openlibrary.org/works/OL17319838W | https://lumisco.re/book/824","2026-09-30","824","aanwezig","Open Library Work: OL17319838W; ISBN-13: 9781101911761","niet gevonden","P3","Inhoudelijke AI-herbeoordeling van dit werk; geen auteur-/titelwoordregel. NL/EN verwijzen naar dezelfde categorie-ID. Redactionele AI-indeling; geen HIGH-evidence of menselijke beoordeling. Aanvullende genres opnieuw inhoudelijk afgewogen; uitsluitend canonieke genres, doelgroep en werkvorm blijven afzonderlijk."
"LS1000-0068","What My Bones Know","Stephanie Foo","2022","Biografie & memoires","Biography & Memoir","","volwassenen","memoires","ZEKER","AI_KENNIS_HERBEOORDEELD","Recente, reeds verschenen titel die de selectie actueel en veelzijdig houdt.","https://openlibrary.org/works/OL25473797W | https://lumisco.re/book/879","2026-09-30","879","aanwezig","Open Library Work: OL25473797W; ISBN-13: 9780593238103","niet gevonden","P3","Redactionele AI-indeling; geen HIGH-evidence of menselijke beoordeling. Aanvullende genres opnieuw inhoudelijk afgewogen; uitsluitend canonieke genres, doelgroep en werkvorm blijven afzonderlijk."
"LS1000-0069","When Breath Becomes Air","Paul Kalanithi","2016","Biografie & memoires","Biography & Memoir","","volwassenen","memoires","ZEKER","AI_KENNIS_HERBEOORDEELD","Herkenbare non-fictietitel die een belangrijk onderwerp toegankelijk maakt.","https://openlibrary.org/works/OL17356252W | https://lumisco.re/book/787","2026-09-30","787","aanwezig","Open Library Work: OL17356252W; ISBN-13: 9780812988406","bevestigd","P3","Redactionele AI-indeling; geen HIGH-evidence of menselijke beoordeling. Aanvullende genres opnieuw inhoudelijk afgewogen; uitsluitend canonieke genres, doelgroep en werkvorm blijven afzonderlijk."
"LS1000-0070","Acres of diamonds","Russell Herman Conwell","1901","Psychologie & persoonlijke ontwikkeling","Psychology & Self-Development","","volwassenen","non-fictieboek","WAARSCHIJNLIJK","AI_KENNIS_HERBEOORDEELD","Veeluitgegeven non-fictiewerk dat een inhoudelijke leemte in de catalogus aanvult.","https://openlibrary.org/works/OL3920712W | https://openlibrary.org/subjects/biography","2026-09-30","","ontbreekt","Open Library Work: OL3920712W; ISBN-13: 9781420974898","niet gevonden","P2","Inhoudelijke AI-herbeoordeling van dit werk; geen auteur-/titelwoordregel. NL/EN verwijzen naar dezelfde categorie-ID. Redactionele AI-indeling; geen HIGH-evidence of menselijke beoordeling. Aanvullende genres opnieuw inhoudelijk afgewogen; uitsluitend canonieke genres, doelgroep en werkvorm blijven afzonderlijk."
"LS1000-0071","De geschiedenis van de vooruitgang","Rutger Bregman","2013","Geschiedenis","History","","volwassenen","non-fictieboek","ZEKER","AI_KENNIS_HERBEOORDEELD","Nederlandstalige of Vlaamse kernselectie met blijvende lees- en ontdekkingswaarde.","https://openlibrary.org/works/OL20783434W | https://lumisco.re/book/1151","2026-09-30","1151","aanwezig","Open Library Work: OL20783434W; ISBN-13: 9789023477549","bevestigd","P3","Inhoudelijke AI-herbeoordeling van dit werk; geen auteur-/titelwoordregel. NL/EN verwijzen naar dezelfde categorie-ID. Redactionele AI-indeling; geen HIGH-evidence of menselijke beoordeling. Aanvullende genres opnieuw inhoudelijk afgewogen; uitsluitend canonieke genres, doelgroep en werkvorm blijven afzonderlijk."
"LS1000-0072","Gratis geld voor iedereen","Rutger Bregman","2014","Economie & ondernemerschap","Economics & Business","","volwassenen","non-fictieboek","ZEKER","AI_KENNIS_HERBEOORDEELD","Nederlandstalige of Vlaamse kernselectie met blijvende lees- en ontdekkingswaarde.","https://openlibrary.org/works/OL31712603W | https://lumisco.re/book/1152","2026-09-30","1152","aanwezig","Open Library Work: OL31712603W; ISBN-13: 9789082256307","niet gevonden","P3","Inhoudelijke AI-herbeoordeling van dit werk; geen auteur-/titelwoordregel. NL/EN verwijzen naar dezelfde categorie-ID. Redactionele AI-indeling; geen HIGH-evidence of menselijke beoordeling. Aanvullende genres opnieuw inhoudelijk afgewogen; uitsluitend canonieke genres, doelgroep en werkvorm blijven afzonderlijk."
"LS1000-0073","How to Keep House While Drowning","KC Davis","2020","Psychologie & persoonlijke ontwikkeling","Psychology & Self-Development","","volwassenen","non-fictieboek","WAARSCHIJNLIJK","AI_KENNIS_HERBEOORDEELD","Veeluitgegeven non-fictiewerk dat een inhoudelijke leemte in de catalogus aanvult.","https://openlibrary.org/works/OL26660798W | https://openlibrary.org/subjects/self_help","2026-09-30","","ontbreekt","Open Library Work: OL26660798W; ISBN-13: 9781529159417","niet gevonden","P2","Inhoudelijke AI-herbeoordeling van dit werk; geen auteur-/titelwoordregel. NL/EN verwijzen naar dezelfde categorie-ID. Redactionele AI-indeling; geen HIGH-evidence of menselijke beoordeling. Aanvullende genres opnieuw inhoudelijk afgewogen; uitsluitend canonieke genres, doelgroep en werkvorm blijven afzonderlijk."
"LS1000-0074","Laws, etc","Great Britain.","","Economie & ondernemerschap","Economics & Business","","volwassenen","non-fictieboek","TWIJFEL","AI_KENNIS_HERBEOORDEELD","Herkenbare non-fictietitel die een belangrijk onderwerp toegankelijk maakt.","https://openlibrary.org/works/OL14903581W | https://lumisco.re/book/868","2026-09-30","868","aanwezig","Open Library Work: OL14903581W; ISBN-13: 9780406045911","niet gevonden","P3","Canoniek categoriemodel en stabiele NL/EN-labels. NL/EN verwijzen naar dezelfde categorie-ID. Exact oorspronkelijk publicatiejaar onvoldoende vastgesteld; niet afleiden van editie/ontstaan. Laws, etc is een generieke recordverzameling, geen geïdentificeerd individueel boek. Redactionele AI-indeling; geen HIGH-evidence of menselijke beoordeling. Aanvullende genres opnieuw inhoudelijk afgewogen; uitsluitend canonieke genres, doelgroep en werkvorm blijven afzonderlijk."
"LS1000-0075","Start with why","Simon Sinek","2009","Economie & ondernemerschap","Economics & Business","","volwassenen","non-fictieboek","ZEKER","AI_KENNIS_HERBEOORDEELD","Herkenbare non-fictietitel die een belangrijk onderwerp toegankelijk maakt.","https://openlibrary.org/works/OL13806374W | https://lumisco.re/book/867","2026-09-30","867","aanwezig","Open Library Work: OL13806374W; ISBN-13: 9781591842804","niet gevonden","P3","Inhoudelijke AI-herbeoordeling van dit werk; geen auteur-/titelwoordregel. NL/EN verwijzen naar dezelfde categorie-ID. Redactionele AI-indeling; geen HIGH-evidence of menselijke beoordeling. Aanvullende genres opnieuw inhoudelijk afgewogen; uitsluitend canonieke genres, doelgroep en werkvorm blijven afzonderlijk."
"LS1000-0076","The art of money getting, or, Golden rules for money getting","P. T. Barnum","1880","Economie & ondernemerschap","Economics & Business","","volwassenen","non-fictieboek","ZEKER","AI_KENNIS_HERBEOORDEELD","Herkenbare non-fictietitel die een belangrijk onderwerp toegankelijk maakt.","https://openlibrary.org/works/OL891636W | https://lumisco.re/book/852","2026-09-30","852","aanwezig","Open Library Work: OL891636W; ISBN-13: 9781595474728","niet gevonden","P3","Inhoudelijke AI-herbeoordeling van dit werk; geen auteur-/titelwoordregel. NL/EN verwijzen naar dezelfde categorie-ID. Redactionele AI-indeling; geen HIGH-evidence of menselijke beoordeling. Aanvullende genres opnieuw inhoudelijk afgewogen; uitsluitend canonieke genres, doelgroep en werkvorm blijven afzonderlijk."
"LS1000-0077","The Definitive Book of Body Language","Allan Pease","2004","Psychologie & persoonlijke ontwikkeling","Psychology & Self-Development","","volwassenen","non-fictieboek","WAARSCHIJNLIJK","AI_KENNIS_HERBEOORDEELD","Veeluitgegeven non-fictiewerk dat een inhoudelijke leemte in de catalogus aanvult.","https://openlibrary.org/works/OL5599445W | https://openlibrary.org/subjects/self_help","2026-09-30","","ontbreekt","Open Library Work: OL5599445W; ISBN-13: 9780752878331","niet gevonden","P2","Inhoudelijke AI-herbeoordeling van dit werk; geen auteur-/titelwoordregel. NL/EN verwijzen naar dezelfde categorie-ID. Redactionele AI-indeling; geen HIGH-evidence of menselijke beoordeling. Aanvullende genres opnieuw inhoudelijk afgewogen; uitsluitend canonieke genres, doelgroep en werkvorm blijven afzonderlijk."
"LS1000-0078","The Intelligent Investor","Benjamin Graham","1949","Economie & ondernemerschap","Economics & Business","","volwassenen","non-fictieboek","ZEKER","AI_KENNIS_HERBEOORDEELD","Herkenbare non-fictietitel die een belangrijk onderwerp toegankelijk maakt.","https://openlibrary.org/works/OL273184W | https://lumisco.re/book/844","2026-09-30","844","aanwezig","Open Library Work: OL273184W; ISBN-13: 9780060583286","niet gevonden","P3","Inhoudelijke AI-herbeoordeling van dit werk; geen auteur-/titelwoordregel. NL/EN verwijzen naar dezelfde categorie-ID. Redactionele AI-indeling; geen HIGH-evidence of menselijke beoordeling. Aanvullende genres opnieuw inhoudelijk afgewogen; uitsluitend canonieke genres, doelgroep en werkvorm blijven afzonderlijk."
"LS1000-0079","The magic of believing","Claude M. Bristol","1948","Psychologie & persoonlijke ontwikkeling","Psychology & Self-Development","","volwassenen","non-fictieboek","WAARSCHIJNLIJK","AI_KENNIS_HERBEOORDEELD","Veeluitgegeven non-fictiewerk dat een inhoudelijke leemte in de catalogus aanvult.","https://openlibrary.org/works/OL120672W | https://openlibrary.org/subjects/business","2026-09-30","","ontbreekt","Open Library Work: OL120672W; ISBN-13: 9780346122932","niet gevonden","P2","Inhoudelijke AI-herbeoordeling van dit werk; geen auteur-/titelwoordregel. NL/EN verwijzen naar dezelfde categorie-ID. Redactionele AI-indeling; geen HIGH-evidence of menselijke beoordeling. Aanvullende genres opnieuw inhoudelijk afgewogen; uitsluitend canonieke genres, doelgroep en werkvorm blijven afzonderlijk."
"LS1000-0080","The Theory of Business Enterprise","Thorstein Veblen","1904","Economie & ondernemerschap","Economics & Business","","volwassenen","non-fictieboek","WAARSCHIJNLIJK","AI_KENNIS_HERBEOORDEELD","Veeluitgegeven non-fictiewerk dat een inhoudelijke leemte in de catalogus aanvult.","https://openlibrary.org/works/OL1868458W | https://openlibrary.org/subjects/business","2026-09-30","","ontbreekt","Open Library Work: OL1868458W; ISBN-13: 9781138539051","niet gevonden","P2","Inhoudelijke AI-herbeoordeling van dit werk; geen auteur-/titelwoordregel. NL/EN verwijzen naar dezelfde categorie-ID. Redactionele AI-indeling; geen HIGH-evidence of menselijke beoordeling. Aanvullende genres opnieuw inhoudelijk afgewogen; uitsluitend canonieke genres, doelgroep en werkvorm blijven afzonderlijk."
"LS1000-0081","Unto This Last","John Ruskin","1860","Economie & ondernemerschap","Economics & Business","","volwassenen","non-fictieboek","WAARSCHIJNLIJK","AI_KENNIS_HERBEOORDEELD","Veeluitgegeven non-fictiewerk dat een inhoudelijke leemte in de catalogus aanvult.","https://openlibrary.org/works/OL88634W | https://openlibrary.org/subjects/art","2026-09-30","","ontbreekt","Open Library Work: OL88634W; ISBN-13: 9798638796051","niet gevonden","P2","Inhoudelijke AI-herbeoordeling van dit werk; geen auteur-/titelwoordregel. NL/EN verwijzen naar dezelfde categorie-ID. Redactionele AI-indeling; geen HIGH-evidence of menselijke beoordeling. Aanvullende genres opnieuw inhoudelijk afgewogen; uitsluitend canonieke genres, doelgroep en werkvorm blijven afzonderlijk."
"LS1000-0082","1Q84","村上春樹","2009","Fantasy","Fantasy","Literaire & algemene fictie","volwassenen","roman","ZEKER","AI_KENNIS_HERBEOORDEELD","Blijvende publieksfavoriet en herkenbaar ijkpunt binnen het genre.","https://openlibrary.org/works/OL15029001W | https://lumisco.re/book/190","2026-09-30","190","aanwezig","Open Library Work: OL15029001W; ISBN-13: 9780099549062","bevestigd","P3","Redactionele AI-indeling; geen HIGH-evidence of menselijke beoordeling. Aanvullende genres opnieuw inhoudelijk afgewogen; uitsluitend canonieke genres, doelgroep en werkvorm blijven afzonderlijk."
"LS1000-0083","A Clash of Kings","George R. R. Martin","1998","Fantasy","Fantasy","","volwassenen","roman","ZEKER","AI_KENNIS_HERBEOORDEELD","Blijvende publieksfavoriet en herkenbaar ijkpunt binnen het genre.","https://openlibrary.org/works/OL257939W | https://lumisco.re/book/121","2026-09-30","121","aanwezig","Open Library Work: OL257939W; ISBN-13: 9781417663200","niet gevonden","P3","Redactionele AI-indeling; geen HIGH-evidence of menselijke beoordeling. Aanvullende genres opnieuw inhoudelijk afgewogen; uitsluitend canonieke genres, doelgroep en werkvorm blijven afzonderlijk."
"LS1000-0084","A Court of Silver Flames","Sarah J. Maas","2021","Fantasy","Fantasy","","volwassenen","roman","ZEKER","AI_KENNIS_HERBEOORDEELD","Recente, reeds verschenen titel die de selectie actueel en veelzijdig houdt.","https://openlibrary.org/works/OL21703979W | https://lumisco.re/book/253","2026-09-30","253","aanwezig","Open Library Work: OL21703979W; ISBN-13: 9781526602312","niet gevonden","P3","Redactionele AI-indeling; geen HIGH-evidence of menselijke beoordeling. Aanvullende genres opnieuw inhoudelijk afgewogen; uitsluitend canonieke genres, doelgroep en werkvorm blijven afzonderlijk."
"LS1000-0085","A Dance With Dragons","George R. R. Martin","2011","Fantasy","Fantasy","","volwassenen","roman","ZEKER","AI_KENNIS_HERBEOORDEELD","Blijvende publieksfavoriet en herkenbaar ijkpunt binnen het genre.","https://openlibrary.org/works/OL1955906W | https://lumisco.re/book/128","2026-09-30","128","aanwezig","Open Library Work: OL1955906W; ISBN-13: 9780002247399","niet gevonden","P3","AI-bibliografische correctie: oorspronkelijke publicatie in plaats van onjuist bron-/editiejaar; geen wijziging bestaand databasejaar. Redactionele AI-indeling; geen HIGH-evidence of menselijke beoordeling. Aanvullende genres opnieuw inhoudelijk afgewogen; uitsluitend canonieke genres, doelgroep en werkvorm blijven afzonderlijk."
"LS1000-0086","A Feast for Crows","George R. R. Martin","2005","Fantasy","Fantasy","","volwassenen","roman","ZEKER","AI_KENNIS_HERBEOORDEELD","Blijvende publieksfavoriet en herkenbaar ijkpunt binnen het genre.","https://openlibrary.org/works/OL257948W | https://lumisco.re/book/126","2026-09-30","126","aanwezig","Open Library Work: OL257948W; ISBN-13: 9780553582024","niet gevonden","P3","Redactionele AI-indeling; geen HIGH-evidence of menselijke beoordeling. Aanvullende genres opnieuw inhoudelijk afgewogen; uitsluitend canonieke genres, doelgroep en werkvorm blijven afzonderlijk."
"LS1000-0087","A Game of Thrones","George R. R. Martin","1996","Fantasy","Fantasy","","volwassenen","roman","ZEKER","AI_KENNIS_HERBEOORDEELD","Genreanker uit een gespecialiseerde redactionele fantasylijst.","https://openlibrary.org/works/OL257943W | https://www.fantasybookreview.co.uk/top-100-fantasy-books/ | https://lumisco.re/book/25","2026-09-30","25","aanwezig","Open Library Work: OL257943W; ISBN-13: 9780553897845","niet gevonden","P3","Redactionele AI-indeling; geen HIGH-evidence of menselijke beoordeling. Aanvullende genres opnieuw inhoudelijk afgewogen; uitsluitend canonieke genres, doelgroep en werkvorm blijven afzonderlijk."
"LS1000-0088","A Storm of Swords","George R. R. Martin","2000","Fantasy","Fantasy","","volwassenen","roman","ZEKER","AI_KENNIS_HERBEOORDEELD","Blijvende publieksfavoriet en herkenbaar ijkpunt binnen het genre.","https://openlibrary.org/works/OL257914W | https://lumisco.re/book/245","2026-09-30","245","aanwezig","Open Library Work: OL257914W; ISBN-13: 9780553573428","niet gevonden","P3","Redactionele AI-indeling; geen HIGH-evidence of menselijke beoordeling. Aanvullende genres opnieuw inhoudelijk afgewogen; uitsluitend canonieke genres, doelgroep en werkvorm blijven afzonderlijk."
"LS1000-0089","A Wizard of Earthsea","Ursula K. Le Guin","1968","Fantasy","Fantasy","","volwassenen","roman","ZEKER","AI_KENNIS_HERBEOORDEELD","Blijvende publieksfavoriet en herkenbaar ijkpunt binnen het genre.","https://openlibrary.org/works/OL59798W | https://lumisco.re/book/22","2026-09-30","22","aanwezig","Open Library Work: OL59798W; ISBN-13: 9780563389163","niet gevonden","P3","Redactionele AI-indeling; geen HIGH-evidence of menselijke beoordeling. Aanvullende genres opnieuw inhoudelijk afgewogen; uitsluitend canonieke genres, doelgroep en werkvorm blijven afzonderlijk."
"LS1000-0090","After London","Richard Jefferies","1885","Sciencefiction","Science Fiction","","volwassenen","roman","ZEKER","AI_KENNIS_HERBEOORDEELD","Blijvende publieksfavoriet en herkenbaar ijkpunt binnen het genre.","https://openlibrary.org/works/OL1176822W | https://lumisco.re/book/221","2026-09-30","221","aanwezig","Open Library Work: OL1176822W; ISBN-13: 9781726735599","niet gevonden","P3","Inhoudelijke AI-herbeoordeling van dit werk; geen auteur-/titelwoordregel. NL/EN verwijzen naar dezelfde categorie-ID. Redactionele AI-indeling; geen HIGH-evidence of menselijke beoordeling. Aanvullende genres opnieuw inhoudelijk afgewogen; uitsluitend canonieke genres, doelgroep en werkvorm blijven afzonderlijk."
"LS1000-0091","Alas de ónix","Rebecca Yarros","2025","Fantasy","Fantasy","","volwassenen","roman","ZEKER","AI_KENNIS_HERBEOORDEELD","Recente, reeds verschenen titel die de selectie actueel en veelzijdig houdt.","https://openlibrary.org/works/OL41943074W | https://lumisco.re/book/226","2026-09-30","226","aanwezig","Open Library Work: OL41943074W; ISBN-13: 9780349437064","bevestigd","P3","Redactionele AI-indeling; geen HIGH-evidence of menselijke beoordeling. Aanvullende genres opnieuw inhoudelijk afgewogen; uitsluitend canonieke genres, doelgroep en werkvorm blijven afzonderlijk."
"LS1000-0092","Alles wat er was","Hanna Bervoets","2013","Sciencefiction","Science Fiction","","volwassenen","roman","ZEKER","AI_KENNIS_HERBEOORDEELD","Nederlandstalige of Vlaamse kernselectie met blijvende lees- en ontdekkingswaarde.","https://openlibrary.org/works/OL23118085W | https://lumisco.re/book/1215","2026-09-30","1215","aanwezig","Open Library Work: OL23118085W; ISBN-13: 9789025440374","bevestigd","P3","Inhoudelijke AI-herbeoordeling van dit werk; geen auteur-/titelwoordregel. NL/EN verwijzen naar dezelfde categorie-ID. Redactionele AI-indeling; geen HIGH-evidence of menselijke beoordeling. Aanvullende genres opnieuw inhoudelijk afgewogen; uitsluitend canonieke genres, doelgroep en werkvorm blijven afzonderlijk."
"LS1000-0093","American Gods","Neil Gaiman","2001","Fantasy","Fantasy","","volwassenen","roman","ZEKER","AI_KENNIS_HERBEOORDEELD","Genreanker uit een gespecialiseerde redactionele fantasylijst.","https://openlibrary.org/works/OL679360W | https://www.fantasybookreview.co.uk/top-100-fantasy-books/ | https://lumisco.re/book/28","2026-09-30","28","aanwezig","Open Library Work: OL679360W; ISBN-13: 9780747274179","niet gevonden","P3","Redactionele AI-indeling; geen HIGH-evidence of menselijke beoordeling. Aanvullende genres opnieuw inhoudelijk afgewogen; uitsluitend canonieke genres, doelgroep en werkvorm blijven afzonderlijk."
"LS1000-0094","Anne of Green Gables","L. M. Montgomery","1908","Literaire & algemene fictie","Literary & General Fiction","","jeugd","roman","ZEKER","AI_KENNIS_HERBEOORDEELD","Bekende jeugd- of YA-titel met blijvende ontdekkingswaarde.","https://openlibrary.org/works/OL77746W | https://lumisco.re/book/97","2026-09-30","97","aanwezig","Open Library Work: OL77746W; ISBN-13: 9781730999550","bevestigd","P3","Inhoudelijke AI-herbeoordeling van dit werk; geen auteur-/titelwoordregel. NL/EN verwijzen naar dezelfde categorie-ID. Redactionele AI-indeling; geen HIGH-evidence of menselijke beoordeling. Aanvullende genres opnieuw inhoudelijk afgewogen; uitsluitend canonieke genres, doelgroep en werkvorm blijven afzonderlijk."
"LS1000-0095","Anthem","Ayn Rand","1938","Sciencefiction","Science Fiction","","volwassenen","roman","ZEKER","AI_KENNIS_HERBEOORDEELD","Blijvende publieksfavoriet en herkenbaar ijkpunt binnen het genre.","https://openlibrary.org/works/OL731737W | https://lumisco.re/book/141","2026-09-30","141","aanwezig","Open Library Work: OL731737W; ISBN-13: 9798640060119","bevestigd","P3","Inhoudelijke AI-herbeoordeling van dit werk; geen auteur-/titelwoordregel. NL/EN verwijzen naar dezelfde categorie-ID. AI-bibliografische correctie: oorspronkelijke publicatie in plaats van onjuist bron-/editiejaar; geen wijziging bestaand databasejaar. Redactionele AI-indeling; geen HIGH-evidence of menselijke beoordeling. Aanvullende genres opnieuw inhoudelijk afgewogen; uitsluitend canonieke genres, doelgroep en werkvorm blijven afzonderlijk."
"LS1000-0096","Artemis Fowl","Eoin Colfer","2001","Fantasy","Fantasy","","volwassenen","roman","ZEKER","AI_KENNIS_HERBEOORDEELD","Blijvende publieksfavoriet en herkenbaar ijkpunt binnen het genre.","https://openlibrary.org/works/OL5725956W | https://lumisco.re/book/264","2026-09-30","264","aanwezig","Open Library Work: OL5725956W; ISBN-13: 9780613750356","bevestigd","P3","AI-bibliografische correctie: oorspronkelijke publicatie in plaats van onjuist bron-/editiejaar; geen wijziging bestaand databasejaar. Redactionele AI-indeling; geen HIGH-evidence of menselijke beoordeling. Aanvullende genres opnieuw inhoudelijk afgewogen; uitsluitend canonieke genres, doelgroep en werkvorm blijven afzonderlijk."
"LS1000-0097","Assassin's Apprentice","Robin Hobb","1995","Fantasy","Fantasy","","volwassenen","roman","ZEKER","AI_KENNIS_HERBEOORDEELD","Genreanker uit een gespecialiseerde redactionele fantasylijst.","https://openlibrary.org/works/OL2707183W | https://www.fantasybookreview.co.uk/top-100-fantasy-books/ | https://lumisco.re/book/304","2026-09-30","304","aanwezig","Open Library Work: OL2707183W; ISBN-13: 9780553897487","niet gevonden","P3","Redactionele AI-indeling; geen HIGH-evidence of menselijke beoordeling. Aanvullende genres opnieuw inhoudelijk afgewogen; uitsluitend canonieke genres, doelgroep en werkvorm blijven afzonderlijk."
"LS1000-0098","Babel","R. F. Kuang","2022","Fantasy","Fantasy","Historische fictie","volwassenen","roman","ZEKER","AI_KENNIS_HERBEOORDEELD","Recente, reeds verschenen titel die de selectie actueel en veelzijdig houdt.","https://openlibrary.org/works/OL26443093W | https://lumisco.re/book/160","2026-09-30","160","aanwezig","Open Library Work: OL26443093W; ISBN-13: 9780008501839","bevestigd","P3","Redactionele AI-indeling; geen HIGH-evidence of menselijke beoordeling. Aanvullende genres opnieuw inhoudelijk afgewogen; uitsluitend canonieke genres, doelgroep en werkvorm blijven afzonderlijk."
"LS1000-0099","Cat's Cradle","Kurt Vonnegut","1963","Sciencefiction","Science Fiction","","volwassenen","roman","ZEKER","AI_KENNIS_HERBEOORDEELD","Blijvende publieksfavoriet en herkenbaar ijkpunt binnen het genre.","https://openlibrary.org/works/OL98454W | https://lumisco.re/book/294","2026-09-30","294","aanwezig","Open Library Work: OL98454W; ISBN-13: 9780440011446","niet gevonden","P3","Inhoudelijke AI-herbeoordeling van dit werk; geen auteur-/titelwoordregel. NL/EN verwijzen naar dezelfde categorie-ID. Redactionele AI-indeling; geen HIGH-evidence of menselijke beoordeling. Aanvullende genres opnieuw inhoudelijk afgewogen; uitsluitend canonieke genres, doelgroep en werkvorm blijven afzonderlijk."
"LS1000-0100","Charlie and the Chocolate Factory","Roald Dahl","1964","Fantasy","Fantasy","","jeugd","roman","ZEKER","AI_KENNIS_HERBEOORDEELD","Bekende jeugd- of YA-titel met blijvende ontdekkingswaarde.","https://openlibrary.org/works/OL45790W | https://lumisco.re/book/111","2026-09-30","111","aanwezig","Open Library Work: OL45790W; ISBN-13: 9780141376707","niet gevonden","P3","Redactionele AI-indeling; geen HIGH-evidence of menselijke beoordeling. Aanvullende genres opnieuw inhoudelijk afgewogen; uitsluitend canonieke genres, doelgroep en werkvorm blijven afzonderlijk."
"LS1000-0101","Charlotte's Web","E. B. White","1952","Fantasy","Fantasy","","jeugd","roman","ZEKER","AI_KENNIS_HERBEOORDEELD","Bekende jeugd- of YA-titel met blijvende ontdekkingswaarde.","https://openlibrary.org/works/OL483391W | https://lumisco.re/book/99","2026-09-30","99","aanwezig","Open Library Work: OL483391W; ISBN-13: 9780140381252","bevestigd","P3","Redactionele AI-indeling; geen HIGH-evidence of menselijke beoordeling. Aanvullende genres opnieuw inhoudelijk afgewogen; uitsluitend canonieke genres, doelgroep en werkvorm blijven afzonderlijk."
"LS1000-0102","Cinder","Marissa Meyer","2012","Sciencefiction","Science Fiction","","volwassenen","roman","ZEKER","AI_KENNIS_HERBEOORDEELD","Blijvende publieksfavoriet en herkenbaar ijkpunt binnen het genre.","https://openlibrary.org/works/OL16282945W | https://lumisco.re/book/254","2026-09-30","254","aanwezig","Open Library Work: OL16282945W; ISBN-13: 9780312641894","niet gevonden","P3","Inhoudelijke AI-herbeoordeling van dit werk; geen auteur-/titelwoordregel. NL/EN verwijzen naar dezelfde categorie-ID. AI-bibliografische correctie: oorspronkelijke publicatie in plaats van onjuist bron-/editiejaar; geen wijziging bestaand databasejaar. Redactionele AI-indeling; geen HIGH-evidence of menselijke beoordeling. Aanvullende genres opnieuw inhoudelijk afgewogen; uitsluitend canonieke genres, doelgroep en werkvorm blijven afzonderlijk."
"LS1000-0103","Circe","Madeline Miller","2018","Fantasy","Fantasy","","volwassenen","roman","ZEKER","AI_KENNIS_HERBEOORDEELD","Blijvende publieksfavoriet en herkenbaar ijkpunt binnen het genre.","https://openlibrary.org/works/OL18012166W | https://lumisco.re/book/116","2026-09-30","116","aanwezig","Open Library Work: OL18012166W; ISBN-13: 9780316556347","bevestigd","P3","Redactionele AI-indeling; geen HIGH-evidence of menselijke beoordeling. Aanvullende genres opnieuw inhoudelijk afgewogen; uitsluitend canonieke genres, doelgroep en werkvorm blijven afzonderlijk."
"LS1000-0104","De brief voor de koning","Tonke Dragt","1962","Literaire & algemene fictie","Literary & General Fiction","","jeugd","roman","ZEKER","AI_KENNIS_HERBEOORDEELD","Nederlandstalige of Vlaamse kernselectie met blijvende lees- en ontdekkingswaarde.","https://openlibrary.org/works/OL3793472W | https://lumisco.re/book/1105","2026-09-30","1105","aanwezig","Open Library Work: OL3793472W; ISBN-13: 9780545819787","bevestigd","P3","Inhoudelijke AI-herbeoordeling van dit werk; geen auteur-/titelwoordregel. NL/EN verwijzen naar dezelfde categorie-ID. Redactionele AI-indeling; geen HIGH-evidence of menselijke beoordeling. Aanvullende genres opnieuw inhoudelijk afgewogen; uitsluitend canonieke genres, doelgroep en werkvorm blijven afzonderlijk."
"LS1000-0105","De zevensprong","Tonke Dragt","1966","Detectives & misdaadfictie","Mystery & Crime Fiction","","jeugd","roman","WAARSCHIJNLIJK","AI_KENNIS + GERICHTE_BRONCONTROLE","Nederlandstalige of Vlaamse kernselectie met blijvende lees- en ontdekkingswaarde.","https://openlibrary.org/works/OL3793474W | https://lumisco.re/book/1110 | https://www.dbnl.org/titels/titel.php?id=drag001zeve01","2026-09-30","1110","aanwezig","Open Library Work: OL3793474W; ISBN-13: 9781782691426","niet gevonden","P3","Oorspronkelijke notitie (niet overgenomen als regel): Publicatiejaar verschilt tussen de kandidaatbron (1966) en Open Library (1994); Open Library-jaar gebruikt. Inhoudelijke AI-herbeoordeling van dit werk; geen auteur-/titelwoordregel. NL/EN verwijzen naar dezelfde categorie-ID. AI-bibliografische correctie: oorspronkelijke publicatie in plaats van onjuist bron-/editiejaar; geen wijziging bestaand databasejaar. Redactionele AI-indeling; geen HIGH-evidence of menselijke beoordeling. Aanvullende genres opnieuw inhoudelijk afgewogen; uitsluitend canonieke genres, doelgroep en werkvorm blijven afzonderlijk. Eerste druk 1966."
"LS1000-0106","Dirk Gently’s Holistic Detective Agency","Douglas Adams","1987","Fantasy","Fantasy","","volwassenen","roman","ZEKER","AI_KENNIS_HERBEOORDEELD","Blijvende publieksfavoriet en herkenbaar ijkpunt binnen het genre.","https://openlibrary.org/works/OL2163628W | https://lumisco.re/book/260","2026-09-30","260","aanwezig","Open Library Work: OL2163628W; ISBN-13: 9780434009008","niet gevonden","P3","Redactionele AI-indeling; geen HIGH-evidence of menselijke beoordeling. Aanvullende genres opnieuw inhoudelijk afgewogen; uitsluitend canonieke genres, doelgroep en werkvorm blijven afzonderlijk."
"LS1000-0107","Do Androids Dream of Electric Sheep?","Philip K. Dick","1968","Sciencefiction","Science Fiction","","volwassenen","roman","ZEKER","AI_KENNIS_HERBEOORDEELD","Blijvende publieksfavoriet en herkenbaar ijkpunt binnen het genre.","https://openlibrary.org/works/OL2172356W | https://lumisco.re/book/31","2026-09-30","31","aanwezig","Open Library Work: OL2172356W; ISBN-13: 9780345508553","niet gevonden","P3","Inhoudelijke AI-herbeoordeling van dit werk; geen auteur-/titelwoordregel. NL/EN verwijzen naar dezelfde categorie-ID. Redactionele AI-indeling; geen HIGH-evidence of menselijke beoordeling. Aanvullende genres opnieuw inhoudelijk afgewogen; uitsluitend canonieke genres, doelgroep en werkvorm blijven afzonderlijk."
"LS1000-0108","Dragonflight","Anne McCaffrey","1968","Sciencefiction","Science Fiction","Fantasy","volwassenen","roman","ZEKER","AI_KENNIS_HERBEOORDEELD","Genreanker uit een gespecialiseerde redactionele fantasylijst.","https://openlibrary.org/works/OL73387W | https://www.fantasybookreview.co.uk/top-100-fantasy-books/ | https://lumisco.re/book/129","2026-09-30","129","aanwezig","Open Library Work: OL73387W; ISBN-13: 9780345234438","niet gevonden","P3","Inhoudelijke AI-herbeoordeling van dit werk; geen auteur-/titelwoordregel. NL/EN verwijzen naar dezelfde categorie-ID. Redactionele AI-indeling; geen HIGH-evidence of menselijke beoordeling. Aanvullende genres opnieuw inhoudelijk afgewogen; uitsluitend canonieke genres, doelgroep en werkvorm blijven afzonderlijk."
"LS1000-0109","Dune","Frank Herbert","1965","Sciencefiction","Science Fiction","","volwassenen","roman","ZEKER","AI_KENNIS_HERBEOORDEELD","Blijvende publieksfavoriet en herkenbaar ijkpunt binnen het genre.","https://openlibrary.org/works/OL893414W | https://lumisco.re/book/8","2026-09-30","8","aanwezig","Open Library Work: OL893414W; ISBN-13: 9780575073340","bevestigd","P3","Inhoudelijke AI-herbeoordeling van dit werk; geen auteur-/titelwoordregel. NL/EN verwijzen naar dezelfde categorie-ID. Redactionele AI-indeling; geen HIGH-evidence of menselijke beoordeling. Aanvullende genres opnieuw inhoudelijk afgewogen; uitsluitend canonieke genres, doelgroep en werkvorm blijven afzonderlijk."
"LS1000-0110","Elantris","Brandon Sanderson","2005","Fantasy","Fantasy","","volwassenen","roman","ZEKER","AI_KENNIS_HERBEOORDEELD","Blijvende publieksfavoriet en herkenbaar ijkpunt binnen het genre.","https://openlibrary.org/works/OL5738147W | https://lumisco.re/book/302","2026-09-30","302","aanwezig","Open Library Work: OL5738147W; ISBN-13: 9780765350374","niet gevonden","P3","Redactionele AI-indeling; geen HIGH-evidence of menselijke beoordeling. Aanvullende genres opnieuw inhoudelijk afgewogen; uitsluitend canonieke genres, doelgroep en werkvorm blijven afzonderlijk."
"LS1000-0111","En ik herinner me Titus Broederland","Auke Hulst","2016","Fantasy","Fantasy","","volwassenen","roman","ZEKER","AI_KENNIS + GERICHTE_BRONCONTROLE","Nederlandstalige of Vlaamse kernselectie met blijvende lees- en ontdekkingswaarde.","https://openlibrary.org/works/OL34949537W | https://lumisco.re/book/1217 | https://www.lezenvoordelijst.nl/docenten-15-18/niveau-4/en-ik-herinner-me-titus-broederland/","2026-09-30","1217","aanwezig","Open Library Work: OL34949537W; ISBN-13: 9789026333477","bevestigd","P3","Redactionele AI-indeling; geen HIGH-evidence of menselijke beoordeling. Aanvullende genres opnieuw inhoudelijk afgewogen; uitsluitend canonieke genres, doelgroep en werkvorm blijven afzonderlijk. Fantasiewereld en queeste rond een dreigende catastrofe; fantasy met literaire invalshoek behouden."
"LS1000-0112","Eragon","Christopher Paolini","2002","Fantasy","Fantasy","","volwassenen","roman","ZEKER","AI_KENNIS_HERBEOORDEELD","Blijvende publieksfavoriet en herkenbaar ijkpunt binnen het genre.","https://openlibrary.org/works/OL5819895W | https://lumisco.re/book/143","2026-09-30","143","aanwezig","Open Library Work: OL5819895W; ISBN-13: 9780440240730","niet gevonden","P3","AI-bibliografische correctie: oorspronkelijke publicatie in plaats van onjuist bron-/editiejaar; geen wijziging bestaand databasejaar. Redactionele AI-indeling; geen HIGH-evidence of menselijke beoordeling. Aanvullende genres opnieuw inhoudelijk afgewogen; uitsluitend canonieke genres, doelgroep en werkvorm blijven afzonderlijk."
"LS1000-0113","Fire & Blood","George R. R. Martin","2018","Fantasy","Fantasy","","volwassenen","roman","ZEKER","AI_KENNIS_HERBEOORDEELD","Blijvende publieksfavoriet en herkenbaar ijkpunt binnen het genre.","https://openlibrary.org/works/OL18016709W | https://lumisco.re/book/191","2026-09-30","191","aanwezig","Open Library Work: OL18016709W; ISBN-13: 9781524796280","niet gevonden","P3","Redactionele AI-indeling; geen HIGH-evidence of menselijke beoordeling. Aanvullende genres opnieuw inhoudelijk afgewogen; uitsluitend canonieke genres, doelgroep en werkvorm blijven afzonderlijk."
"LS1000-0114","Flatland","Edwin Abbott Abbott","1884","Sciencefiction","Science Fiction","","volwassenen","roman","ZEKER","AI_KENNIS_HERBEOORDEELD","Blijvende publieksfavoriet en herkenbaar ijkpunt binnen het genre.","https://openlibrary.org/works/OL118388W | https://lumisco.re/book/213","2026-09-30","213","aanwezig","Open Library Work: OL118388W; ISBN-13: 9798543380857","niet gevonden","P3","Inhoudelijke AI-herbeoordeling van dit werk; geen auteur-/titelwoordregel. NL/EN verwijzen naar dezelfde categorie-ID. Redactionele AI-indeling; geen HIGH-evidence of menselijke beoordeling. Aanvullende genres opnieuw inhoudelijk afgewogen; uitsluitend canonieke genres, doelgroep en werkvorm blijven afzonderlijk."
"LS1000-0115","Foundation","Isaac Asimov","1951","Sciencefiction","Science Fiction","","volwassenen","roman","ZEKER","AI_KENNIS_HERBEOORDEELD","Blijvende publieksfavoriet en herkenbaar ijkpunt binnen het genre.","https://openlibrary.org/works/OL46125W | https://lumisco.re/book/18","2026-09-30","18","aanwezig","Open Library Work: OL46125W; ISBN-13: 9780345308993","niet gevonden","P3","Inhoudelijke AI-herbeoordeling van dit werk; geen auteur-/titelwoordregel. NL/EN verwijzen naar dezelfde categorie-ID. Redactionele AI-indeling; geen HIGH-evidence of menselijke beoordeling. Aanvullende genres opnieuw inhoudelijk afgewogen; uitsluitend canonieke genres, doelgroep en werkvorm blijven afzonderlijk."
"LS1000-0116","Four","Veronica Roth","2014","Sciencefiction","Science Fiction","","volwassenen","roman","ZEKER","AI_KENNIS_HERBEOORDEELD","Blijvende publieksfavoriet en herkenbaar ijkpunt binnen het genre.","https://openlibrary.org/works/OL16825084W | https://lumisco.re/book/251","2026-09-30","251","aanwezig","Open Library Work: OL16825084W; ISBN-13: 9780007582891","niet gevonden","P3","Inhoudelijke AI-herbeoordeling van dit werk; geen auteur-/titelwoordregel. NL/EN verwijzen naar dezelfde categorie-ID. Redactionele AI-indeling; geen HIGH-evidence of menselijke beoordeling. Aanvullende genres opnieuw inhoudelijk afgewogen; uitsluitend canonieke genres, doelgroep en werkvorm blijven afzonderlijk."
"LS1000-0117","Gardens of the Moon","Steven Erikson","1999","Fantasy","Fantasy","","volwassenen","roman","ZEKER","AI_KENNIS_HERBEOORDEELD","Genreanker uit een gespecialiseerde redactionele fantasylijst.","https://openlibrary.org/works/OL5734756W | https://www.fantasybookreview.co.uk/top-100-fantasy-books/ | https://lumisco.re/book/219","2026-09-30","219","aanwezig","Open Library Work: OL5734756W; ISBN-13: 9780765322883","niet gevonden","P3","Redactionele AI-indeling; geen HIGH-evidence of menselijke beoordeling. Aanvullende genres opnieuw inhoudelijk afgewogen; uitsluitend canonieke genres, doelgroep en werkvorm blijven afzonderlijk."
"LS1000-0118","George's Marvelous Medicine","Roald Dahl","1981","Fantasy","Fantasy","","jeugd","roman","ZEKER","AI_KENNIS_HERBEOORDEELD","Bekende jeugd- of YA-titel met blijvende ontdekkingswaarde.","https://openlibrary.org/works/OL45866W | https://lumisco.re/book/497","2026-09-30","497","aanwezig","Open Library Work: OL45866W; ISBN-13: 9780553151862","niet gevonden","P3","Redactionele AI-indeling; geen HIGH-evidence of menselijke beoordeling. Aanvullende genres opnieuw inhoudelijk afgewogen; uitsluitend canonieke genres, doelgroep en werkvorm blijven afzonderlijk."
"LS1000-0119","Good Omens","Terry Pratchett","1990","Fantasy","Fantasy","","volwassenen","roman","ZEKER","AI_KENNIS_HERBEOORDEELD","Genreanker uit een gespecialiseerde redactionele fantasylijst.","https://openlibrary.org/works/OL453936W | https://www.fantasybookreview.co.uk/top-100-fantasy-books/ | https://lumisco.re/book/27","2026-09-30","27","aanwezig","Open Library Work: OL453936W; ISBN-13: 9780552159845","niet gevonden","P3","Redactionele AI-indeling; geen HIGH-evidence of menselijke beoordeling. Aanvullende genres opnieuw inhoudelijk afgewogen; uitsluitend canonieke genres, doelgroep en werkvorm blijven afzonderlijk."
"LS1000-0120","Guards! Guards!","Terry Pratchett","1989","Fantasy","Fantasy","","volwassenen","roman","ZEKER","AI_KENNIS_HERBEOORDEELD","Genreanker uit een gespecialiseerde redactionele fantasylijst.","https://openlibrary.org/works/OL453735W | https://www.fantasybookreview.co.uk/top-100-fantasy-books/ | https://lumisco.re/book/218","2026-09-30","218","aanwezig","Open Library Work: OL453735W; ISBN-13: 9780061440489","bevestigd","P3","Redactionele AI-indeling; geen HIGH-evidence of menselijke beoordeling. Aanvullende genres opnieuw inhoudelijk afgewogen; uitsluitend canonieke genres, doelgroep en werkvorm blijven afzonderlijk."
"LS1000-0121","House of Sky and Breath","Sarah J. Maas","2022","Fantasy","Fantasy","","volwassenen","roman","ZEKER","AI_KENNIS_HERBEOORDEELD","Recente, reeds verschenen titel die de selectie actueel en veelzijdig houdt.","https://openlibrary.org/works/OL21101115W | https://lumisco.re/book/166","2026-09-30","166","aanwezig","Open Library Work: OL21101115W; ISBN-13: 9781635574074","niet gevonden","P3","Redactionele AI-indeling; geen HIGH-evidence of menselijke beoordeling. Aanvullende genres opnieuw inhoudelijk afgewogen; uitsluitend canonieke genres, doelgroep en werkvorm blijven afzonderlijk."
"LS1000-0122","Hyperion","Dan Simmons","1989","Sciencefiction","Science Fiction","","volwassenen","roman","ZEKER","AI_KENNIS_HERBEOORDEELD","Blijvende publieksfavoriet en herkenbaar ijkpunt binnen het genre.","https://openlibrary.org/works/OL1963268W | https://lumisco.re/book/288","2026-09-30","288","aanwezig","Open Library Work: OL1963268W; ISBN-13: 9780553283686","niet gevonden","P3","Inhoudelijke AI-herbeoordeling van dit werk; geen auteur-/titelwoordregel. NL/EN verwijzen naar dezelfde categorie-ID. Redactionele AI-indeling; geen HIGH-evidence of menselijke beoordeling. Aanvullende genres opnieuw inhoudelijk afgewogen; uitsluitend canonieke genres, doelgroep en werkvorm blijven afzonderlijk."
"LS1000-0123","If You Could See the Sun","Ann Liang","2022","Fantasy","Fantasy","","volwassenen","roman","ZEKER","AI_KENNIS_HERBEOORDEELD","Recente, reeds verschenen titel die de selectie actueel en veelzijdig houdt.","https://openlibrary.org/works/OL27524355W | https://lumisco.re/book/287","2026-09-30","287","aanwezig","Open Library Work: OL27524355W; ISBN-13: 9780369721754","niet gevonden","P3","Redactionele AI-indeling; geen HIGH-evidence of menselijke beoordeling. Aanvullende genres opnieuw inhoudelijk afgewogen; uitsluitend canonieke genres, doelgroep en werkvorm blijven afzonderlijk."
"LS1000-0124","Iron Flame","Rebecca Yarros","2023","Fantasy","Fantasy","","volwassenen","roman","ZEKER","AI_KENNIS_HERBEOORDEELD","Recente, reeds verschenen titel die de selectie actueel en veelzijdig houdt.","https://openlibrary.org/works/OL34028551W | https://lumisco.re/book/222","2026-09-30","222","aanwezig","Open Library Work: OL34028551W; ISBN-13: 9780349437026","niet gevonden","P3","Redactionele AI-indeling; geen HIGH-evidence of menselijke beoordeling. Aanvullende genres opnieuw inhoudelijk afgewogen; uitsluitend canonieke genres, doelgroep en werkvorm blijven afzonderlijk."
"LS1000-0125","Ivanov","Hanna Bervoets","2016","Literaire & algemene fictie","Literary & General Fiction","","volwassenen","roman","ZEKER","AI_KENNIS + GERICHTE_BRONCONTROLE","Nederlandstalige of Vlaamse kernselectie met blijvende lees- en ontdekkingswaarde.","https://openlibrary.org/works/OL44206159W | https://lumisco.re/book/1216 | https://www.bibliotheek.nl/catalogus/titel.400607050.html/ivanov/","2026-09-30","1216","aanwezig","Open Library Work: OL44206159W; ISBN-13: 9789025446451","bevestigd","P3","Canoniek categoriemodel en stabiele NL/EN-labels. NL/EN verwijzen naar dezelfde categorie-ID. Redactionele AI-indeling; geen HIGH-evidence of menselijke beoordeling. Aanvullende genres opnieuw inhoudelijk afgewogen; uitsluitend canonieke genres, doelgroep en werkvorm blijven afzonderlijk. Roman over journalist en wetenschappelijk onderzoek; wetenschap als onderwerp maakt dit geen sciencefiction."
"LS1000-0126","Kindred","Octavia E. Butler","1979","Sciencefiction","Science Fiction","Historische fictie","volwassenen","roman","ZEKER","AI_KENNIS_HERBEOORDEELD","Blijvende publieksfavoriet en herkenbaar ijkpunt binnen het genre.","https://openlibrary.org/works/OL35616W | https://lumisco.re/book/159","2026-09-30","159","aanwezig","Open Library Work: OL35616W; ISBN-13: 9780807083697","niet gevonden","P3","Inhoudelijke AI-herbeoordeling van dit werk; geen auteur-/titelwoordregel. NL/EN verwijzen naar dezelfde categorie-ID. Redactionele AI-indeling; geen HIGH-evidence of menselijke beoordeling. Aanvullende genres opnieuw inhoudelijk afgewogen; uitsluitend canonieke genres, doelgroep en werkvorm blijven afzonderlijk."
"LS1000-0127","Kleine Sofie en Lange Wapper","Els Pelgrom","1984","Fantasy","Fantasy","","jeugd","roman","ZEKER","AI_KENNIS_HERBEOORDEELD","Nederlandstalige of Vlaamse kernselectie met blijvende lees- en ontdekkingswaarde.","https://openlibrary.org/works/OL1664792W | https://lumisco.re/book/1144","2026-09-30","1144","aanwezig","Open Library Work: OL1664792W; ISBN-13: 9780224025126","bevestigd","P3","Redactionele AI-indeling; geen HIGH-evidence of menselijke beoordeling. Aanvullende genres opnieuw inhoudelijk afgewogen; uitsluitend canonieke genres, doelgroep en werkvorm blijven afzonderlijk."
"LS1000-0128","KliFi","Adriaan van Dis","2021","Sciencefiction","Science Fiction","","volwassenen","roman","ZEKER","AI_KENNIS_HERBEOORDEELD","Nederlandstalige of Vlaamse kernselectie met blijvende lees- en ontdekkingswaarde.","https://openlibrary.org/works/OL43861237W | https://lumisco.re/book/1219","2026-09-30","1219","aanwezig","Open Library Work: OL43861237W; ISBN-13: 9789025470869","bevestigd","P3","Inhoudelijke AI-herbeoordeling van dit werk; geen auteur-/titelwoordregel. NL/EN verwijzen naar dezelfde categorie-ID. Redactionele AI-indeling; geen HIGH-evidence of menselijke beoordeling. Aanvullende genres opnieuw inhoudelijk afgewogen; uitsluitend canonieke genres, doelgroep en werkvorm blijven afzonderlijk."
"LS1000-0129","La Nuit","Elie Wiesel","1956","Biografie & memoires","Biography & Memoir","","volwassenen","roman","ZEKER","AI_KENNIS_HERBEOORDEELD","Blijvende publieksfavoriet en herkenbaar ijkpunt binnen het genre.","https://openlibrary.org/works/OL14856842W | https://lumisco.re/book/276","2026-09-30","276","aanwezig","Open Library Work: OL14856842W; ISBN-13: 9780374500016","niet gevonden","P3","Inhoudelijke AI-herbeoordeling van dit werk; geen auteur-/titelwoordregel. NL/EN verwijzen naar dezelfde categorie-ID. 1956 Jiddische oorspronkelijke versie; Franse La Nuit 1958. Niet het ontstaan in 1955. Redactionele AI-indeling; geen HIGH-evidence of menselijke beoordeling. Aanvullende genres opnieuw inhoudelijk afgewogen; uitsluitend canonieke genres, doelgroep en werkvorm blijven afzonderlijk."
"LS1000-0130","Le Tour du Monde en Quatre-Vingts Jours","Jules Verne","1872","Literaire & algemene fictie","Literary & General Fiction","","volwassenen","roman","ZEKER","AI_KENNIS_HERBEOORDEELD","Blijvende publieksfavoriet en herkenbaar ijkpunt binnen het genre.","https://openlibrary.org/works/OL1100007W | https://lumisco.re/book/241","2026-09-30","241","aanwezig","Open Library Work: OL1100007W; ISBN-13: 9780143034452","niet gevonden","P3","Inhoudelijke AI-herbeoordeling van dit werk; geen auteur-/titelwoordregel. NL/EN verwijzen naar dezelfde categorie-ID. Redactionele AI-indeling; geen HIGH-evidence of menselijke beoordeling. Aanvullende genres opnieuw inhoudelijk afgewogen; uitsluitend canonieke genres, doelgroep en werkvorm blijven afzonderlijk."
"LS1000-0131","Leviathan Falls","James S. A. Corey","2021","Sciencefiction","Science Fiction","","volwassenen","roman","ZEKER","AI_KENNIS_HERBEOORDEELD","Recente, reeds verschenen titel die de selectie actueel en veelzijdig houdt.","https://openlibrary.org/works/OL21704818W | https://lumisco.re/book/164","2026-09-30","164","aanwezig","Open Library Work: OL21704818W; ISBN-13: 9780356510385","niet gevonden","P3","Inhoudelijke AI-herbeoordeling van dit werk; geen auteur-/titelwoordregel. NL/EN verwijzen naar dezelfde categorie-ID. Redactionele AI-indeling; geen HIGH-evidence of menselijke beoordeling. Aanvullende genres opnieuw inhoudelijk afgewogen; uitsluitend canonieke genres, doelgroep en werkvorm blijven afzonderlijk."
"LS1000-0132","Life, the Universe and Everything","Douglas Adams","1982","Sciencefiction","Science Fiction","","volwassenen","roman","ZEKER","AI_KENNIS_HERBEOORDEELD","Blijvende publieksfavoriet en herkenbaar ijkpunt binnen het genre.","https://openlibrary.org/works/OL2163623W | https://lumisco.re/book/202","2026-09-30","202","aanwezig","Open Library Work: OL2163623W; ISBN-13: 9780517548745","niet gevonden","P3","Inhoudelijke AI-herbeoordeling van dit werk; geen auteur-/titelwoordregel. NL/EN verwijzen naar dezelfde categorie-ID. Redactionele AI-indeling; geen HIGH-evidence of menselijke beoordeling. Aanvullende genres opnieuw inhoudelijk afgewogen; uitsluitend canonieke genres, doelgroep en werkvorm blijven afzonderlijk."
"LS1000-0133","Matilda","Roald Dahl","1988","Fantasy","Fantasy","","jeugd","roman","ZEKER","AI_KENNIS_HERBEOORDEELD","Bekende jeugd- of YA-titel met blijvende ontdekkingswaarde.","https://openlibrary.org/works/OL45846W | https://lumisco.re/book/110","2026-09-30","110","aanwezig","Open Library Work: OL45846W","bevestigd","P3","Ongeldige ISBN-checksum verwijderd; oorspronkelijke waarde: 9781405876760 Redactionele AI-indeling; geen HIGH-evidence of menselijke beoordeling. Aanvullende genres opnieuw inhoudelijk afgewogen; uitsluitend canonieke genres, doelgroep en werkvorm blijven afzonderlijk."
"LS1000-0134","Metamorphosis","Franz Kafka","1915","Literaire & algemene fictie","Literary & General Fiction","","volwassenen","novelle","ZEKER","AI_KENNIS_HERBEOORDEELD","Blijvende klassieker; de openbare lezersplank is alleen als aanvullend signaal gebruikt.","https://openlibrary.org/works/OL498556W | https://www.goodreads.com/shelf/show/top-250 | https://lumisco.re/book/162","2026-09-30","162","aanwezig","Open Library Work: OL498556W; ISBN-13: 9781098540685","niet gevonden","P3","Inhoudelijke AI-herbeoordeling van dit werk; geen auteur-/titelwoordregel. NL/EN verwijzen naar dezelfde categorie-ID. Redactionele AI-indeling; geen HIGH-evidence of menselijke beoordeling. Aanvullende genres opnieuw inhoudelijk afgewogen; uitsluitend canonieke genres, doelgroep en werkvorm blijven afzonderlijk."
"LS1000-0135","Neverwhere","Neil Gaiman","1996","Fantasy","Fantasy","","volwassenen","roman","ZEKER","AI_KENNIS_HERBEOORDEELD","Genreanker uit een gespecialiseerde redactionele fantasylijst.","https://openlibrary.org/works/OL679333W | https://www.fantasybookreview.co.uk/top-100-fantasy-books/ | https://lumisco.re/book/161","2026-09-30","161","aanwezig","Open Library Work: OL679333W; ISBN-13: 9780060010799","niet gevonden","P3","Redactionele AI-indeling; geen HIGH-evidence of menselijke beoordeling. Aanvullende genres opnieuw inhoudelijk afgewogen; uitsluitend canonieke genres, doelgroep en werkvorm blijven afzonderlijk."
"LS1000-0136","News from Nowhere","William Morris","1890","Sciencefiction","Science Fiction","","volwassenen","roman","WAARSCHIJNLIJK","AI_KENNIS_HERBEOORDEELD","Veeluitgegeven fantasywerk dat een nog ontbrekende plek in de catalogus vult.","https://openlibrary.org/works/OL47721W | https://openlibrary.org/subjects/fantasy","2026-09-30","","ontbreekt","Open Library Work: OL47721W; ISBN-13: 9798498873091","niet gevonden","P2","Inhoudelijke AI-herbeoordeling van dit werk; geen auteur-/titelwoordregel. NL/EN verwijzen naar dezelfde categorie-ID. Redactionele AI-indeling; geen HIGH-evidence of menselijke beoordeling. Aanvullende genres opnieuw inhoudelijk afgewogen; uitsluitend canonieke genres, doelgroep en werkvorm blijven afzonderlijk."
"LS1000-0137","Ozma of Oz","L. Frank Baum","1907","Fantasy","Fantasy","","volwassenen","roman","WAARSCHIJNLIJK","AI_KENNIS_HERBEOORDEELD","Veeluitgegeven fantasywerk dat een nog ontbrekende plek in de catalogus vult.","https://openlibrary.org/works/OL18415W | https://openlibrary.org/subjects/fantasy","2026-09-30","","ontbreekt","Open Library Work: OL18415W; ISBN-13: 9798729970803","niet gevonden","P2","Redactionele AI-indeling; geen HIGH-evidence of menselijke beoordeling. Aanvullende genres opnieuw inhoudelijk afgewogen; uitsluitend canonieke genres, doelgroep en werkvorm blijven afzonderlijk."
"LS1000-0138","Puck of Pook's Hill","Rudyard Kipling","1906","Fantasy","Fantasy","","volwassenen","roman","WAARSCHIJNLIJK","AI_KENNIS_HERBEOORDEELD","Veeluitgegeven fantasywerk dat een nog ontbrekende plek in de catalogus vult.","https://openlibrary.org/works/OL20165W | https://openlibrary.org/subjects/fantasy","2026-09-30","","ontbreekt","Open Library Work: OL20165W; ISBN-13: 9781730969287","niet gevonden","P2","Redactionele AI-indeling; geen HIGH-evidence of menselijke beoordeling. Aanvullende genres opnieuw inhoudelijk afgewogen; uitsluitend canonieke genres, doelgroep en werkvorm blijven afzonderlijk."
"LS1000-0139","Quarantaine","Wytske Versteeg","2015","Sciencefiction","Science Fiction","","volwassenen","roman","ZEKER","AI_KENNIS_HERBEOORDEELD","Nederlandstalige of Vlaamse kernselectie met blijvende lees- en ontdekkingswaarde.","https://openlibrary.org/works/OL45029610W | https://lumisco.re/book/1218","2026-09-30","1218","aanwezig","Open Library Work: OL45029610W; ISBN-13: 9789044626919","bevestigd","P3","Inhoudelijke AI-herbeoordeling van dit werk; geen auteur-/titelwoordregel. NL/EN verwijzen naar dezelfde categorie-ID. Redactionele AI-indeling; geen HIGH-evidence of menselijke beoordeling. Aanvullende genres opnieuw inhoudelijk afgewogen; uitsluitend canonieke genres, doelgroep en werkvorm blijven afzonderlijk."
"LS1000-0140","Red Queen","Victoria Aveyard","2015","Fantasy","Fantasy","","volwassenen","roman","ZEKER","AI_KENNIS_HERBEOORDEELD","Blijvende publieksfavoriet en herkenbaar ijkpunt binnen het genre.","https://openlibrary.org/works/OL17356883W | https://lumisco.re/book/144","2026-09-30","144","aanwezig","Open Library Work: OL17356883W; ISBN-13: 9780062310637","niet gevonden","P3","Redactionele AI-indeling; geen HIGH-evidence of menselijke beoordeling. Aanvullende genres opnieuw inhoudelijk afgewogen; uitsluitend canonieke genres, doelgroep en werkvorm blijven afzonderlijk."
"LS1000-0141","Red Rising","Pierce Brown","2014","Sciencefiction","Science Fiction","","volwassenen","roman","ZEKER","AI_KENNIS_HERBEOORDEELD","Blijvende publieksfavoriet en herkenbaar ijkpunt binnen het genre.","https://openlibrary.org/works/OL17076473W | https://lumisco.re/book/232","2026-09-30","232","aanwezig","Open Library Work: OL17076473W; ISBN-13: 9780345539786","niet gevonden","P3","Inhoudelijke AI-herbeoordeling van dit werk; geen auteur-/titelwoordregel. NL/EN verwijzen naar dezelfde categorie-ID. Redactionele AI-indeling; geen HIGH-evidence of menselijke beoordeling. Aanvullende genres opnieuw inhoudelijk afgewogen; uitsluitend canonieke genres, doelgroep en werkvorm blijven afzonderlijk."
"LS1000-0142","Six of Crows","Leigh Bardugo","2015","Fantasy","Fantasy","","volwassenen","roman","ZEKER","AI_KENNIS_HERBEOORDEELD","Genreanker uit een gespecialiseerde redactionele fantasylijst.","https://openlibrary.org/works/OL17332479W | https://www.fantasybookreview.co.uk/top-100-fantasy-books/ | https://lumisco.re/book/189","2026-09-30","189","aanwezig","Open Library Work: OL17332479W; ISBN-13: 9781627792127","niet gevonden","P3","Redactionele AI-indeling; geen HIGH-evidence of menselijke beoordeling. Aanvullende genres opnieuw inhoudelijk afgewogen; uitsluitend canonieke genres, doelgroep en werkvorm blijven afzonderlijk."
"LS1000-0143","Slaughterhouse-Five","Kurt Vonnegut","1969","Sciencefiction","Science Fiction","Literaire & algemene fictie","volwassenen","roman","ZEKER","AI_KENNIS_HERBEOORDEELD","Blijvende publieksfavoriet en herkenbaar ijkpunt binnen het genre.","https://openlibrary.org/works/OL98459W | https://lumisco.re/book/142","2026-09-30","142","aanwezig","Open Library Work: OL98459W; ISBN-13: 9781559945806","niet gevonden","P3","Inhoudelijke AI-herbeoordeling van dit werk; geen auteur-/titelwoordregel. NL/EN verwijzen naar dezelfde categorie-ID. AI-bibliografische correctie: oorspronkelijke publicatie in plaats van onjuist bron-/editiejaar; geen wijziging bestaand databasejaar. Redactionele AI-indeling; geen HIGH-evidence of menselijke beoordeling. Aanvullende genres opnieuw inhoudelijk afgewogen; uitsluitend canonieke genres, doelgroep en werkvorm blijven afzonderlijk."
"LS1000-0144","Snow Crash","Neal Stephenson","1992","Sciencefiction","Science Fiction","","volwassenen","roman","ZEKER","AI_KENNIS_HERBEOORDEELD","Blijvende publieksfavoriet en herkenbaar ijkpunt binnen het genre.","https://openlibrary.org/works/OL38501W | https://lumisco.re/book/20","2026-09-30","20","aanwezig","Open Library Work: OL38501W; ISBN-13: 9780553380958","niet gevonden","P3","Inhoudelijke AI-herbeoordeling van dit werk; geen auteur-/titelwoordregel. NL/EN verwijzen naar dezelfde categorie-ID. Redactionele AI-indeling; geen HIGH-evidence of menselijke beoordeling. Aanvullende genres opnieuw inhoudelijk afgewogen; uitsluitend canonieke genres, doelgroep en werkvorm blijven afzonderlijk."
"LS1000-0145","Speaker for the Dead","Orson Scott Card","1986","Sciencefiction","Science Fiction","","volwassenen","roman","ZEKER","AI_KENNIS_HERBEOORDEELD","Blijvende publieksfavoriet en herkenbaar ijkpunt binnen het genre.","https://openlibrary.org/works/OL49580W | https://lumisco.re/book/252","2026-09-30","252","aanwezig","Open Library Work: OL49580W; ISBN-13: 9780812513509","niet gevonden","P3","Inhoudelijke AI-herbeoordeling van dit werk; geen auteur-/titelwoordregel. NL/EN verwijzen naar dezelfde categorie-ID. Redactionele AI-indeling; geen HIGH-evidence of menselijke beoordeling. Aanvullende genres opnieuw inhoudelijk afgewogen; uitsluitend canonieke genres, doelgroep en werkvorm blijven afzonderlijk."
"LS1000-0146","Stardust","Neil Gaiman","1997","Fantasy","Fantasy","","volwassenen","roman","ZEKER","AI_KENNIS_HERBEOORDEELD","Genreanker uit een gespecialiseerde redactionele fantasylijst.","https://openlibrary.org/works/OL15833328W | https://www.fantasybookreview.co.uk/top-100-fantasy-books/ | https://lumisco.re/book/250","2026-09-30","250","aanwezig","Open Library Work: OL15833328W; ISBN-13: 9780606192682","niet gevonden","P3","Redactionele AI-indeling; geen HIGH-evidence of menselijke beoordeling. Aanvullende genres opnieuw inhoudelijk afgewogen; uitsluitend canonieke genres, doelgroep en werkvorm blijven afzonderlijk."
"LS1000-0147","Sword of Destiny","Andrzej Sapkowski","1992","Fantasy","Fantasy","","volwassenen","roman","ZEKER","AI_KENNIS_HERBEOORDEELD","Blijvende publieksfavoriet en herkenbaar ijkpunt binnen het genre.","https://openlibrary.org/works/OL2577472W | https://lumisco.re/book/1327","2026-09-30","1327","aanwezig","Open Library Work: OL2577472W; ISBN-13: 9780316453264","niet gevonden","P3","Redactionele AI-indeling; geen HIGH-evidence of menselijke beoordeling. Aanvullende genres opnieuw inhoudelijk afgewogen; uitsluitend canonieke genres, doelgroep en werkvorm blijven afzonderlijk."
"LS1000-0148","The City We Became","N. K. Jemisin","2020","Fantasy","Fantasy","","volwassenen","roman","ZEKER","AI_KENNIS_HERBEOORDEELD","Recente, reeds verschenen titel die de selectie actueel en veelzijdig houdt.","https://openlibrary.org/works/OL20656799W | https://lumisco.re/book/206","2026-09-30","206","aanwezig","Open Library Work: OL20656799W; ISBN-13: 9780316509848","niet gevonden","P3","Redactionele AI-indeling; geen HIGH-evidence of menselijke beoordeling. Aanvullende genres opnieuw inhoudelijk afgewogen; uitsluitend canonieke genres, doelgroep en werkvorm blijven afzonderlijk."
"LS1000-0149","The Colour of Magic","Terry Pratchett","1983","Fantasy","Fantasy","","volwassenen","roman","ZEKER","AI_KENNIS_HERBEOORDEELD","Genreanker uit een gespecialiseerde redactionele fantasylijst.","https://openlibrary.org/works/OL453657W | https://www.fantasybookreview.co.uk/top-100-fantasy-books/ | https://lumisco.re/book/29","2026-09-30","29","aanwezig","Open Library Work: OL453657W; ISBN-13: 9780061020711","niet gevonden","P3","Redactionele AI-indeling; geen HIGH-evidence of menselijke beoordeling. Aanvullende genres opnieuw inhoudelijk afgewogen; uitsluitend canonieke genres, doelgroep en werkvorm blijven afzonderlijk."
"LS1000-0150","The Description of a New World, Called the Blazing-World","Margaret Cavendish, Duchess of Newcastle","1666","Sciencefiction","Science Fiction","Fantasy","volwassenen","roman","WAARSCHIJNLIJK","AI_KENNIS_HERBEOORDEELD","Veeluitgegeven fantasywerk dat een nog ontbrekende plek in de catalogus vult.","https://openlibrary.org/works/OL1112413W | https://openlibrary.org/subjects/fantasy","2026-09-30","","ontbreekt","Open Library Work: OL1112413W; ISBN-13: 9798559285276","niet gevonden","P2","Inhoudelijke AI-herbeoordeling van dit werk; geen auteur-/titelwoordregel. NL/EN verwijzen naar dezelfde categorie-ID. Redactionele AI-indeling; geen HIGH-evidence of menselijke beoordeling. Aanvullende genres opnieuw inhoudelijk afgewogen; uitsluitend canonieke genres, doelgroep en werkvorm blijven afzonderlijk."
"LS1000-0151","The Dispossessed","Ursula K. Le Guin","1974","Sciencefiction","Science Fiction","","volwassenen","roman","ZEKER","AI_KENNIS_HERBEOORDEELD","Blijvende publieksfavoriet en herkenbaar ijkpunt binnen het genre.","https://openlibrary.org/works/OL59863W | https://lumisco.re/book/140","2026-09-30","140","aanwezig","Open Library Work: OL59863W; ISBN-13: 9780060504007","bevestigd","P3","Inhoudelijke AI-herbeoordeling van dit werk; geen auteur-/titelwoordregel. NL/EN verwijzen naar dezelfde categorie-ID. Redactionele AI-indeling; geen HIGH-evidence of menselijke beoordeling. Aanvullende genres opnieuw inhoudelijk afgewogen; uitsluitend canonieke genres, doelgroep en werkvorm blijven afzonderlijk."
"LS1000-0152","The Emerald City of Oz","L. Frank Baum","1910","Fantasy","Fantasy","","volwassenen","roman","WAARSCHIJNLIJK","AI_KENNIS_HERBEOORDEELD","Veeluitgegeven fantasywerk dat een nog ontbrekende plek in de catalogus vult.","https://openlibrary.org/works/OL18409W | https://openlibrary.org/subjects/fantasy","2026-09-30","","ontbreekt","Open Library Work: OL18409W; ISBN-13: 9781533161345","niet gevonden","P2","Redactionele AI-indeling; geen HIGH-evidence of menselijke beoordeling. Aanvullende genres opnieuw inhoudelijk afgewogen; uitsluitend canonieke genres, doelgroep en werkvorm blijven afzonderlijk."
"LS1000-0153","The Enchanted Castle","Edith Nesbit","1907","Fantasy","Fantasy","","volwassenen","roman","WAARSCHIJNLIJK","AI_KENNIS_HERBEOORDEELD","Veeluitgegeven fantasywerk dat een nog ontbrekende plek in de catalogus vult.","https://openlibrary.org/works/OL99541W | https://openlibrary.org/subjects/fantasy","2026-09-30","","ontbreekt","Open Library Work: OL99541W; ISBN-13: 9798532140967","niet gevonden","P2","Redactionele AI-indeling; geen HIGH-evidence of menselijke beoordeling. Aanvullende genres opnieuw inhoudelijk afgewogen; uitsluitend canonieke genres, doelgroep en werkvorm blijven afzonderlijk."
"LS1000-0154","The Eye of the World","Robert Jordan","1990","Fantasy","Fantasy","","volwassenen","roman","ZEKER","AI_KENNIS_HERBEOORDEELD","Genreanker uit een gespecialiseerde redactionele fantasylijst.","https://openlibrary.org/works/OL7924103W | https://www.fantasybookreview.co.uk/top-100-fantasy-books/ | https://lumisco.re/book/135","2026-09-30","135","aanwezig","Open Library Work: OL7924103W; ISBN-13: 9780812579956","niet gevonden","P3","Redactionele AI-indeling; geen HIGH-evidence of menselijke beoordeling. Aanvullende genres opnieuw inhoudelijk afgewogen; uitsluitend canonieke genres, doelgroep en werkvorm blijven afzonderlijk."
"LS1000-0155","The Fifth Season","N. K. Jemisin","2015","Fantasy","Fantasy","","volwassenen","roman","ZEKER","AI_KENNIS_HERBEOORDEELD","Genreanker uit een gespecialiseerde redactionele fantasylijst.","https://openlibrary.org/works/OL17363125W | https://www.fantasybookreview.co.uk/top-100-fantasy-books/ | https://lumisco.re/book/30","2026-09-30","30","aanwezig","Open Library Work: OL17363125W; ISBN-13: 9780316229296","niet gevonden","P3","Redactionele AI-indeling; geen HIGH-evidence of menselijke beoordeling. Aanvullende genres opnieuw inhoudelijk afgewogen; uitsluitend canonieke genres, doelgroep en werkvorm blijven afzonderlijk."
"LS1000-0156","The Final Empire","Brandon Sanderson","2006","Fantasy","Fantasy","","volwassenen","roman","ZEKER","AI_KENNIS_HERBEOORDEELD","Genreanker uit een gespecialiseerde redactionele fantasylijst.","https://openlibrary.org/works/OL5738148W | https://www.fantasybookreview.co.uk/top-100-fantasy-books/ | https://lumisco.re/book/197","2026-09-30","197","aanwezig","Open Library Work: OL5738148W; ISBN-13: 9780765350381","niet gevonden","P3","Redactionele AI-indeling; geen HIGH-evidence of menselijke beoordeling. Aanvullende genres opnieuw inhoudelijk afgewogen; uitsluitend canonieke genres, doelgroep en werkvorm blijven afzonderlijk."
"LS1000-0157","The Girl Who Drank the Moon","Kelly Regan Barnhill","2016","Fantasy","Fantasy","","volwassenen","roman","ZEKER","AI_KENNIS_HERBEOORDEELD","Blijvende publieksfavoriet en herkenbaar ijkpunt binnen het genre.","https://openlibrary.org/works/OL17627845W | https://lumisco.re/book/255","2026-09-30","255","aanwezig","Open Library Work: OL17627845W; ISBN-13: 9781616205676","niet gevonden","P3","Redactionele AI-indeling; geen HIGH-evidence of menselijke beoordeling. Aanvullende genres opnieuw inhoudelijk afgewogen; uitsluitend canonieke genres, doelgroep en werkvorm blijven afzonderlijk."
"LS1000-0158","The Great Hunt","Robert Jordan","1990","Fantasy","Fantasy","","volwassenen","roman","ZEKER","AI_KENNIS_HERBEOORDEELD","Blijvende publieksfavoriet en herkenbaar ijkpunt binnen het genre.","https://openlibrary.org/works/OL7924135W | https://lumisco.re/book/281","2026-09-30","281","aanwezig","Open Library Work: OL7924135W; ISBN-13: 9780356197654","bevestigd","P3","Redactionele AI-indeling; geen HIGH-evidence of menselijke beoordeling. Aanvullende genres opnieuw inhoudelijk afgewogen; uitsluitend canonieke genres, doelgroep en werkvorm blijven afzonderlijk."
"LS1000-0159","The Gunslinger","Stephen King","1982","Fantasy","Fantasy","","volwassenen","roman","ZEKER","AI_KENNIS_HERBEOORDEELD","Genreanker uit een gespecialiseerde redactionele fantasylijst.","https://openlibrary.org/works/OL81628W | https://www.fantasybookreview.co.uk/top-100-fantasy-books/ | https://lumisco.re/book/123","2026-09-30","123","aanwezig","Open Library Work: OL81628W; ISBN-13: 9780848807801","bevestigd","P3","AI-bibliografische correctie: oorspronkelijke publicatie in plaats van onjuist bron-/editiejaar; geen wijziging bestaand databasejaar. Redactionele AI-indeling; geen HIGH-evidence of menselijke beoordeling. Aanvullende genres opnieuw inhoudelijk afgewogen; uitsluitend canonieke genres, doelgroep en werkvorm blijven afzonderlijk."
"LS1000-0160","The Handmaid's Tale","Margaret Atwood","1985","Sciencefiction","Science Fiction","","volwassenen","roman","ZEKER","AI_KENNIS_HERBEOORDEELD","Blijvende publieksfavoriet en herkenbaar ijkpunt binnen het genre.","https://openlibrary.org/works/OL675783W | https://lumisco.re/book/9","2026-09-30","9","aanwezig","Open Library Work: OL675783W; ISBN-13: 9780395404256","bevestigd","P3","Inhoudelijke AI-herbeoordeling van dit werk; geen auteur-/titelwoordregel. NL/EN verwijzen naar dezelfde categorie-ID. Redactionele AI-indeling; geen HIGH-evidence of menselijke beoordeling. Aanvullende genres opnieuw inhoudelijk afgewogen; uitsluitend canonieke genres, doelgroep en werkvorm blijven afzonderlijk."
"LS1000-0161","The Invisible Life of Addie LaRue","V. E. Schwab","2020","Fantasy","Fantasy","","volwassenen","roman","ZEKER","AI_KENNIS_HERBEOORDEELD","Blijvende publieksfavoriet en herkenbaar ijkpunt binnen het genre.","https://openlibrary.org/works/OL20796936W | https://lumisco.re/book/248","2026-09-30","248","aanwezig","Open Library Work: OL20796936W; ISBN-13: 9780765387561","bevestigd","P3","AI-bibliografische correctie: oorspronkelijke publicatie in plaats van onjuist bron-/editiejaar; geen wijziging bestaand databasejaar. Redactionele AI-indeling; geen HIGH-evidence of menselijke beoordeling. Aanvullende genres opnieuw inhoudelijk afgewogen; uitsluitend canonieke genres, doelgroep en werkvorm blijven afzonderlijk."
"LS1000-0162","The Last Wish","Andrzej Sapkowski","1993","Fantasy","Fantasy","","volwassenen","roman","ZEKER","AI_KENNIS_HERBEOORDEELD","Blijvende publieksfavoriet en herkenbaar ijkpunt binnen het genre.","https://openlibrary.org/works/OL2577482W | https://lumisco.re/book/1326","2026-09-30","1326","aanwezig","Open Library Work: OL2577482W; ISBN-13: 9780316333528","niet gevonden","P3","Redactionele AI-indeling; geen HIGH-evidence of menselijke beoordeling. Aanvullende genres opnieuw inhoudelijk afgewogen; uitsluitend canonieke genres, doelgroep en werkvorm blijven afzonderlijk."
"LS1000-0163","The Left Hand of Darkness","Ursula K. Le Guin","1969","Sciencefiction","Science Fiction","","volwassenen","roman","ZEKER","AI_KENNIS_HERBEOORDEELD","Blijvende publieksfavoriet en herkenbaar ijkpunt binnen het genre.","https://openlibrary.org/works/OL59800W | https://lumisco.re/book/21","2026-09-30","21","aanwezig","Open Library Work: OL59800W; ISBN-13: 9781417648436","niet gevonden","P3","Inhoudelijke AI-herbeoordeling van dit werk; geen auteur-/titelwoordregel. NL/EN verwijzen naar dezelfde categorie-ID. Redactionele AI-indeling; geen HIGH-evidence of menselijke beoordeling. Aanvullende genres opnieuw inhoudelijk afgewogen; uitsluitend canonieke genres, doelgroep en werkvorm blijven afzonderlijk."
"LS1000-0164","The Lies of Locke Lamora","Scott Lynch","2006","Fantasy","Fantasy","","volwassenen","roman","ZEKER","AI_KENNIS_HERBEOORDEELD","Genreanker uit een gespecialiseerde redactionele fantasylijst.","https://openlibrary.org/works/OL8369445W | https://www.fantasybookreview.co.uk/top-100-fantasy-books/ | https://lumisco.re/book/256","2026-09-30","256","aanwezig","Open Library Work: OL8369445W; ISBN-13: 9780553804676","niet gevonden","P3","AI-bibliografische correctie: oorspronkelijke publicatie in plaats van onjuist bron-/editiejaar; geen wijziging bestaand databasejaar. Redactionele AI-indeling; geen HIGH-evidence of menselijke beoordeling. Aanvullende genres opnieuw inhoudelijk afgewogen; uitsluitend canonieke genres, doelgroep en werkvorm blijven afzonderlijk."
"LS1000-0165","The Lion, the Witch and the Wardrobe","C. S. Lewis","1950","Fantasy","Fantasy","","volwassenen","roman","ZEKER","AI_KENNIS_HERBEOORDEELD","Blijvende publieksfavoriet en herkenbaar ijkpunt binnen het genre.","https://openlibrary.org/works/OL71037W | https://lumisco.re/book/26","2026-09-30","26","aanwezig","Open Library Work: OL71037W; ISBN-13: 9780848808235","niet gevonden","P3","Redactionele AI-indeling; geen HIGH-evidence of menselijke beoordeling. Aanvullende genres opnieuw inhoudelijk afgewogen; uitsluitend canonieke genres, doelgroep en werkvorm blijven afzonderlijk."
"LS1000-0166","The Little Prince","Antoine de Saint-Exupéry","1943","Fantasy","Fantasy","","jeugd","novelle","ZEKER","AI_KENNIS_HERBEOORDEELD","Bekende jeugd- of YA-titel met blijvende ontdekkingswaarde.","https://openlibrary.org/works/OL10263W | https://lumisco.re/book/94","2026-09-30","94","aanwezig","Open Library Work: OL10263W; ISBN-13: 9788131914700","niet gevonden","P3","Redactionele AI-indeling; geen HIGH-evidence of menselijke beoordeling. Aanvullende genres opnieuw inhoudelijk afgewogen; uitsluitend canonieke genres, doelgroep en werkvorm blijven afzonderlijk."
"LS1000-0167","The Lord of the Rings","J. R. R. Tolkien","1954","Fantasy","Fantasy","","volwassenen","roman","TWIJFEL","AI_KENNIS_HERBEOORDEELD","Genreanker uit een gespecialiseerde redactionele fantasylijst.","https://openlibrary.org/works/OL27448W | https://www.fantasybookreview.co.uk/top-100-fantasy-books/ | https://lumisco.re/book/7","2026-09-30","7","aanwezig","Open Library Work: OL27448W; ISBN-13: 9780544003415","bevestigd","P3","Oorspronkelijke notitie (niet overgenomen als regel): Geselecteerd als overkoepelend werk; de drie deelrecords zijn niet daarnaast opgenomen. Overkoepelend Lord of the Rings-record kan overlappen met aanwezige deelwerken; geen extra selectie/import tot scope is vastgesteld. Redactionele AI-indeling; geen HIGH-evidence of menselijke beoordeling. Aanvullende genres opnieuw inhoudelijk afgewogen; uitsluitend canonieke genres, doelgroep en werkvorm blijven afzonderlijk."
"LS1000-0168","The Lost Princess of Oz","L. Frank Baum","1917","Fantasy","Fantasy","","volwassenen","roman","WAARSCHIJNLIJK","AI_KENNIS_HERBEOORDEELD","Veeluitgegeven fantasywerk dat een nog ontbrekende plek in de catalogus vult.","https://openlibrary.org/works/OL18411W | https://openlibrary.org/subjects/fantasy","2026-09-30","","ontbreekt","Open Library Work: OL18411W; ISBN-13: 9781985861169","niet gevonden","P2","Redactionele AI-indeling; geen HIGH-evidence of menselijke beoordeling. Aanvullende genres opnieuw inhoudelijk afgewogen; uitsluitend canonieke genres, doelgroep en werkvorm blijven afzonderlijk."
"LS1000-0169","The Lost World","Arthur Conan Doyle","1912","Sciencefiction","Science Fiction","","volwassenen","roman","ZEKER","AI_KENNIS_HERBEOORDEELD","Blijvende publieksfavoriet en herkenbaar ijkpunt binnen het genre.","https://openlibrary.org/works/OL262460W | https://lumisco.re/book/234","2026-09-30","234","aanwezig","Open Library Work: OL262460W; ISBN-13: 9781513266053","niet gevonden","P3","Inhoudelijke AI-herbeoordeling van dit werk; geen auteur-/titelwoordregel. NL/EN verwijzen naar dezelfde categorie-ID. Redactionele AI-indeling; geen HIGH-evidence of menselijke beoordeling. Aanvullende genres opnieuw inhoudelijk afgewogen; uitsluitend canonieke genres, doelgroep en werkvorm blijven afzonderlijk."
"LS1000-0170","The Magic City","Edith Nesbit","1910","Fantasy","Fantasy","","volwassenen","roman","WAARSCHIJNLIJK","AI_KENNIS_HERBEOORDEELD","Veeluitgegeven fantasywerk dat een nog ontbrekende plek in de catalogus vult.","https://openlibrary.org/works/OL99535W | https://openlibrary.org/subjects/fantasy","2026-09-30","","ontbreekt","Open Library Work: OL99535W; ISBN-13: 9781717471857","niet gevonden","P2","Redactionele AI-indeling; geen HIGH-evidence of menselijke beoordeling. Aanvullende genres opnieuw inhoudelijk afgewogen; uitsluitend canonieke genres, doelgroep en werkvorm blijven afzonderlijk."
"LS1000-0171","The Martian","Andy Weir","2011","Sciencefiction","Science Fiction","","volwassenen","roman","ZEKER","AI_KENNIS_HERBEOORDEELD","Blijvende publieksfavoriet en herkenbaar ijkpunt binnen het genre.","https://openlibrary.org/works/OL17091839W | https://lumisco.re/book/17","2026-09-30","17","aanwezig","Open Library Work: OL17091839W; ISBN-13: 9780553418026","bevestigd","P3","Inhoudelijke AI-herbeoordeling van dit werk; geen auteur-/titelwoordregel. NL/EN verwijzen naar dezelfde categorie-ID. Redactionele AI-indeling; geen HIGH-evidence of menselijke beoordeling. Aanvullende genres opnieuw inhoudelijk afgewogen; uitsluitend canonieke genres, doelgroep en werkvorm blijven afzonderlijk."
"LS1000-0172","The Marvelous Land of Oz","L. Frank Baum","1904","Fantasy","Fantasy","","volwassenen","roman","ZEKER","AI_KENNIS_HERBEOORDEELD","Blijvende publieksfavoriet en herkenbaar ijkpunt binnen het genre.","https://openlibrary.org/works/OL18396W | https://lumisco.re/book/306","2026-09-30","306","aanwezig","Open Library Work: OL18396W; ISBN-13: 9798671935981","niet gevonden","P3","Redactionele AI-indeling; geen HIGH-evidence of menselijke beoordeling. Aanvullende genres opnieuw inhoudelijk afgewogen; uitsluitend canonieke genres, doelgroep en werkvorm blijven afzonderlijk."
"LS1000-0173","The Midnight Library","Matt Haig","2020","Fantasy","Fantasy","","volwassenen","roman","ZEKER","AI_KENNIS_HERBEOORDEELD","Recente, reeds verschenen titel die de selectie actueel en veelzijdig houdt.","https://openlibrary.org/works/OL20965973W | https://lumisco.re/book/113","2026-09-30","113","aanwezig","Open Library Work: OL20965973W; ISBN-13: 9781838852870","niet gevonden","P3","Redactionele AI-indeling; geen HIGH-evidence of menselijke beoordeling. Aanvullende genres opnieuw inhoudelijk afgewogen; uitsluitend canonieke genres, doelgroep en werkvorm blijven afzonderlijk."
"LS1000-0174","The Name of the Wind","Patrick Rothfuss","2007","Fantasy","Fantasy","","volwassenen","roman","ZEKER","AI_KENNIS_HERBEOORDEELD","Genreanker uit een gespecialiseerde redactionele fantasylijst.","https://openlibrary.org/works/OL8479867W | https://www.fantasybookreview.co.uk/top-100-fantasy-books/ | https://lumisco.re/book/23","2026-09-30","23","aanwezig","Open Library Work: OL8479867W; ISBN-13: 9780756404079","bevestigd","P3","Redactionele AI-indeling; geen HIGH-evidence of menselijke beoordeling. Aanvullende genres opnieuw inhoudelijk afgewogen; uitsluitend canonieke genres, doelgroep en werkvorm blijven afzonderlijk."
"LS1000-0175","The Once and Future King","T. H. White","1958","Fantasy","Fantasy","","volwassenen","roman","ZEKER","AI_KENNIS_HERBEOORDEELD","Genreanker uit een gespecialiseerde redactionele fantasylijst.","https://openlibrary.org/works/OL1388028W | https://www.fantasybookreview.co.uk/top-100-fantasy-books/ | https://lumisco.re/book/182","2026-09-30","182","aanwezig","Open Library Work: OL1388028W; ISBN-13: 9798513484790","niet gevonden","P3","AI-bibliografische correctie: oorspronkelijke publicatie in plaats van onjuist bron-/editiejaar; geen wijziging bestaand databasejaar. Redactionele AI-indeling; geen HIGH-evidence of menselijke beoordeling. Aanvullende genres opnieuw inhoudelijk afgewogen; uitsluitend canonieke genres, doelgroep en werkvorm blijven afzonderlijk."
"LS1000-0176","The Phantom Tollbooth","Norton Juster","1961","Fantasy","Fantasy","","volwassenen","roman","ZEKER","AI_KENNIS_HERBEOORDEELD","Blijvende publieksfavoriet en herkenbaar ijkpunt binnen het genre.","https://openlibrary.org/works/OL1636262W | https://lumisco.re/book/236","2026-09-30","236","aanwezig","Open Library Work: OL1636262W; ISBN-13: 9780807210963","niet gevonden","P3","Redactionele AI-indeling; geen HIGH-evidence of menselijke beoordeling. Aanvullende genres opnieuw inhoudelijk afgewogen; uitsluitend canonieke genres, doelgroep en werkvorm blijven afzonderlijk."
"LS1000-0177","The Phoenix and the Carpet","Edith Nesbit","1904","Fantasy","Fantasy","","volwassenen","roman","WAARSCHIJNLIJK","AI_KENNIS_HERBEOORDEELD","Veeluitgegeven fantasywerk dat een nog ontbrekende plek in de catalogus vult.","https://openlibrary.org/works/OL99539W | https://openlibrary.org/subjects/fantasy","2026-09-30","","ontbreekt","Open Library Work: OL99539W; ISBN-13: 9781653881864","niet gevonden","P2","Redactionele AI-indeling; geen HIGH-evidence of menselijke beoordeling. Aanvullende genres opnieuw inhoudelijk afgewogen; uitsluitend canonieke genres, doelgroep en werkvorm blijven afzonderlijk."
"LS1000-0178","The Princess and Curdie","George MacDonald","1883","Fantasy","Fantasy","","volwassenen","roman","WAARSCHIJNLIJK","AI_KENNIS_HERBEOORDEELD","Veeluitgegeven internationaal werk dat de redactionele breedte van de catalogus vergroot.","https://openlibrary.org/works/OL15448W | https://openlibrary.org/subjects/classics","2026-09-30","","ontbreekt","Open Library Work: OL15448W; ISBN-13: 9781547094806","niet gevonden","P2","Redactionele AI-indeling; geen HIGH-evidence of menselijke beoordeling. Aanvullende genres opnieuw inhoudelijk afgewogen; uitsluitend canonieke genres, doelgroep en werkvorm blijven afzonderlijk."
"LS1000-0179","The Priory of the Orange Tree","Samantha Shannon","2019","Fantasy","Fantasy","","volwassenen","roman","ZEKER","AI_KENNIS_HERBEOORDEELD","Genreanker uit een gespecialiseerde redactionele fantasylijst.","https://openlibrary.org/works/OL20157354W | https://www.fantasybookreview.co.uk/top-100-fantasy-books/ | https://lumisco.re/book/169","2026-09-30","169","aanwezig","Open Library Work: OL20157354W; ISBN-13: 9781408883464","niet gevonden","P3","AI-bibliografische correctie: oorspronkelijke publicatie in plaats van onjuist bron-/editiejaar; geen wijziging bestaand databasejaar. Redactionele AI-indeling; geen HIGH-evidence of menselijke beoordeling. Aanvullende genres opnieuw inhoudelijk afgewogen; uitsluitend canonieke genres, doelgroep en werkvorm blijven afzonderlijk."
"LS1000-0180","The Red Pyramid","Rick Riordan","2010","Fantasy","Fantasy","","volwassenen","roman","ZEKER","AI_KENNIS_HERBEOORDEELD","Blijvende publieksfavoriet en herkenbaar ijkpunt binnen het genre.","https://openlibrary.org/works/OL15183119W | https://lumisco.re/book/229","2026-09-30","229","aanwezig","Open Library Work: OL15183119W; ISBN-13: 9780141331584","niet gevonden","P3","Redactionele AI-indeling; geen HIGH-evidence of menselijke beoordeling. Aanvullende genres opnieuw inhoudelijk afgewogen; uitsluitend canonieke genres, doelgroep en werkvorm blijven afzonderlijk."
"LS1000-0181","The Royal Book of Oz","Ruth Plumly Thompson","1921","Fantasy","Fantasy","","volwassenen","roman","WAARSCHIJNLIJK","AI_KENNIS_HERBEOORDEELD","Veeluitgegeven fantasywerk dat een nog ontbrekende plek in de catalogus vult.","https://openlibrary.org/works/OL1156218W | https://openlibrary.org/subjects/fantasy","2026-09-30","","ontbreekt","Open Library Work: OL1156218W; ISBN-13: 9798512466674","niet gevonden","P2","Redactionele AI-indeling; geen HIGH-evidence of menselijke beoordeling. Aanvullende genres opnieuw inhoudelijk afgewogen; uitsluitend canonieke genres, doelgroep en werkvorm blijven afzonderlijk."
"LS1000-0182","The Secret Garden","Frances Hodgson Burnett","1911","Literaire & algemene fictie","Literary & General Fiction","","jeugd","roman","ZEKER","AI_KENNIS_HERBEOORDEELD","Bekende jeugd- of YA-titel met blijvende ontdekkingswaarde.","https://openlibrary.org/works/OL69612W | https://lumisco.re/book/96","2026-09-30","96","aanwezig","Open Library Work: OL69612W; ISBN-13: 9798527734768","niet gevonden","P3","Inhoudelijke AI-herbeoordeling van dit werk; geen auteur-/titelwoordregel. NL/EN verwijzen naar dezelfde categorie-ID. Redactionele AI-indeling; geen HIGH-evidence of menselijke beoordeling. Aanvullende genres opnieuw inhoudelijk afgewogen; uitsluitend canonieke genres, doelgroep en werkvorm blijven afzonderlijk."
"LS1000-0183","The Silmarillion","J.R.R. Tolkien","1977","Fantasy","Fantasy","","volwassenen","roman","ZEKER","AI_KENNIS_HERBEOORDEELD","Blijvende publieksfavoriet en herkenbaar ijkpunt binnen het genre.","https://openlibrary.org/works/OL27495W | https://lumisco.re/book/192","2026-09-30","192","aanwezig","Open Library Work: OL27495W; ISBN-13: 9780345306920","bevestigd","P3","Redactionele AI-indeling; geen HIGH-evidence of menselijke beoordeling. Aanvullende genres opnieuw inhoudelijk afgewogen; uitsluitend canonieke genres, doelgroep en werkvorm blijven afzonderlijk."
"LS1000-0184","The Testaments","Margaret Atwood","2019","Sciencefiction","Science Fiction","","volwassenen","roman","ZEKER","AI_KENNIS_HERBEOORDEELD","Bekroonde literaire titel die de internationale kernselectie versterkt.","https://openlibrary.org/works/OL20129837W | https://thebookerprizes.com/the-booker-library/features/full-list-of-booker-prize-winners-shortlisted-and-longlisted-authors | https://lumisco.re/book/199","2026-09-30","199","aanwezig","Open Library Work: OL20129837W; ISBN-13: 9780385543781","niet gevonden","P3","Inhoudelijke AI-herbeoordeling van dit werk; geen auteur-/titelwoordregel. NL/EN verwijzen naar dezelfde categorie-ID. Redactionele AI-indeling; geen HIGH-evidence of menselijke beoordeling. Aanvullende genres opnieuw inhoudelijk afgewogen; uitsluitend canonieke genres, doelgroep en werkvorm blijven afzonderlijk."
"LS1000-0185","The Throne of Fire","Rick Riordan","2011","Fantasy","Fantasy","","volwassenen","roman","ZEKER","AI_KENNIS_HERBEOORDEELD","Blijvende publieksfavoriet en herkenbaar ijkpunt binnen het genre.","https://openlibrary.org/works/OL15946464W | https://lumisco.re/book/175","2026-09-30","175","aanwezig","Open Library Work: OL15946464W; ISBN-13: 9781410436078","niet gevonden","P3","Redactionele AI-indeling; geen HIGH-evidence of menselijke beoordeling. Aanvullende genres opnieuw inhoudelijk afgewogen; uitsluitend canonieke genres, doelgroep en werkvorm blijven afzonderlijk."
"LS1000-0186","The Time Machine","H. G. Wells","1895","Sciencefiction","Science Fiction","","volwassenen","roman","ZEKER","AI_KENNIS_HERBEOORDEELD","Blijvende publieksfavoriet en herkenbaar ijkpunt binnen het genre.","https://openlibrary.org/works/OL52267W | https://lumisco.re/book/122","2026-09-30","122","aanwezig","Open Library Work: OL52267W; ISBN-13: 9781591090144","niet gevonden","P3","Inhoudelijke AI-herbeoordeling van dit werk; geen auteur-/titelwoordregel. NL/EN verwijzen naar dezelfde categorie-ID. Redactionele AI-indeling; geen HIGH-evidence of menselijke beoordeling. Aanvullende genres opnieuw inhoudelijk afgewogen; uitsluitend canonieke genres, doelgroep en werkvorm blijven afzonderlijk."
"LS1000-0187","The Trial","Franz Kafka","1925","Literaire & algemene fictie","Literary & General Fiction","","volwassenen","roman","WAARSCHIJNLIJK","AI_KENNIS_HERBEOORDEELD","Blijvende publieksfavoriet en herkenbaar ijkpunt binnen het genre.","https://openlibrary.org/works/OL498463W | https://lumisco.re/book/177","2026-09-30","177","aanwezig","Open Library Work: OL498463W; ISBN-13: 9783956763717","bevestigd","P3","Oorspronkelijke notitie (niet overgenomen als regel): Publicatiejaar verschilt tussen de kandidaatbron (1925) en Open Library (1825); Open Library-jaar gebruikt. Inhoudelijke AI-herbeoordeling van dit werk; geen auteur-/titelwoordregel. NL/EN verwijzen naar dezelfde categorie-ID. AI-bibliografische correctie: oorspronkelijke publicatie in plaats van onjuist bron-/editiejaar; geen wijziging bestaand databasejaar. Redactionele AI-indeling; geen HIGH-evidence of menselijke beoordeling. Aanvullende genres opnieuw inhoudelijk afgewogen; uitsluitend canonieke genres, doelgroep en werkvorm blijven afzonderlijk."
"LS1000-0188","The Way of Kings","Brandon Sanderson","2010","Fantasy","Fantasy","","volwassenen","roman","ZEKER","AI_KENNIS_HERBEOORDEELD","Genreanker uit een gespecialiseerde redactionele fantasylijst.","https://openlibrary.org/works/OL15358691W | https://www.fantasybookreview.co.uk/top-100-fantasy-books/ | https://lumisco.re/book/24","2026-09-30","24","aanwezig","Open Library Work: OL15358691W; ISBN-13: 9780765326355","niet gevonden","P3","Redactionele AI-indeling; geen HIGH-evidence of menselijke beoordeling. Aanvullende genres opnieuw inhoudelijk afgewogen; uitsluitend canonieke genres, doelgroep en werkvorm blijven afzonderlijk."
"LS1000-0189","The Well of Ascension","Brandon Sanderson","2007","Fantasy","Fantasy","","volwassenen","roman","ZEKER","AI_KENNIS_HERBEOORDEELD","Blijvende publieksfavoriet en herkenbaar ijkpunt binnen het genre.","https://openlibrary.org/works/OL5738150W | https://lumisco.re/book/277","2026-09-30","277","aanwezig","Open Library Work: OL5738150W; ISBN-13: 9780765356130","niet gevonden","P3","Redactionele AI-indeling; geen HIGH-evidence of menselijke beoordeling. Aanvullende genres opnieuw inhoudelijk afgewogen; uitsluitend canonieke genres, doelgroep en werkvorm blijven afzonderlijk."
"LS1000-0190","The Wind in the Willows","Kenneth Grahame","1908","Fantasy","Fantasy","","jeugd","roman","ZEKER","AI_KENNIS_HERBEOORDEELD","Bekende jeugd- of YA-titel met blijvende ontdekkingswaarde.","https://openlibrary.org/works/OL28570037W | https://lumisco.re/book/98","2026-09-30","98","aanwezig","Open Library Work: OL28570037W; ISBN-13: 9798428595611","niet gevonden","P3","Redactionele AI-indeling; geen HIGH-evidence of menselijke beoordeling. Aanvullende genres opnieuw inhoudelijk afgewogen; uitsluitend canonieke genres, doelgroep en werkvorm blijven afzonderlijk."
"LS1000-0191","The Wise Man’s Fear","Patrick Rothfuss","2011","Fantasy","Fantasy","","volwassenen","roman","ZEKER","AI_KENNIS_HERBEOORDEELD","Blijvende publieksfavoriet en herkenbaar ijkpunt binnen het genre.","https://openlibrary.org/works/OL8479869W | https://lumisco.re/book/270","2026-09-30","270","aanwezig","Open Library Work: OL8479869W; ISBN-13: 9780756404734","niet gevonden","P3","Redactionele AI-indeling; geen HIGH-evidence of menselijke beoordeling. Aanvullende genres opnieuw inhoudelijk afgewogen; uitsluitend canonieke genres, doelgroep en werkvorm blijven afzonderlijk."
"LS1000-0192","The Wonderful Wizard of Oz","L. Frank Baum","1900","Fantasy","Fantasy","","volwassenen","roman","ZEKER","AI_KENNIS_HERBEOORDEELD","Blijvende publieksfavoriet en herkenbaar ijkpunt binnen het genre.","https://openlibrary.org/works/OL18417W | https://lumisco.re/book/172","2026-09-30","172","aanwezig","Open Library Work: OL18417W; ISBN-13: 9781646433322","bevestigd","P3","AI-bibliografische correctie: oorspronkelijke publicatie in plaats van onjuist bron-/editiejaar; geen wijziging bestaand databasejaar. Redactionele AI-indeling; geen HIGH-evidence of menselijke beoordeling. Aanvullende genres opnieuw inhoudelijk afgewogen; uitsluitend canonieke genres, doelgroep en werkvorm blijven afzonderlijk."
"LS1000-0193","Tilting the Balance","Harry Turtledove","1994","Sciencefiction","Science Fiction","Historische fictie","volwassenen","roman","ZEKER","AI_KENNIS_HERBEOORDEELD","Blijvende publieksfavoriet en herkenbaar ijkpunt binnen het genre.","https://openlibrary.org/works/OL16545W | https://lumisco.re/book/280","2026-09-30","280","aanwezig","Open Library Work: OL16545W; ISBN-13: 9780345402400","niet gevonden","P3","Inhoudelijke AI-herbeoordeling van dit werk; geen auteur-/titelwoordregel. NL/EN verwijzen naar dezelfde categorie-ID. Redactionele AI-indeling; geen HIGH-evidence of menselijke beoordeling. Aanvullende genres opnieuw inhoudelijk afgewogen; uitsluitend canonieke genres, doelgroep en werkvorm blijven afzonderlijk."
"LS1000-0194","Treasure Island","Robert Louis Stevenson","1881","Literaire & algemene fictie","Literary & General Fiction","","volwassenen","roman","ZEKER","AI_KENNIS_HERBEOORDEELD","Blijvende publieksfavoriet en herkenbaar ijkpunt binnen het genre.","https://openlibrary.org/works/OL24034W | https://lumisco.re/book/173","2026-09-30","173","aanwezig","Open Library Work: OL24034W; ISBN-13: 9781724169228","bevestigd","P3","Inhoudelijke AI-herbeoordeling van dit werk; geen auteur-/titelwoordregel. NL/EN verwijzen naar dezelfde categorie-ID. 1881 start tijdschriftpublicatie; eerste boekuitgave 1883. Redactionele AI-indeling; geen HIGH-evidence of menselijke beoordeling. Aanvullende genres opnieuw inhoudelijk afgewogen; uitsluitend canonieke genres, doelgroep en werkvorm blijven afzonderlijk."
"LS1000-0195","Vingt mille lieues sous les mers","Jules Verne","1870","Sciencefiction","Science Fiction","","volwassenen","roman","ZEKER","AI_KENNIS_HERBEOORDEELD","Blijvende publieksfavoriet en herkenbaar ijkpunt binnen het genre.","https://openlibrary.org/works/OL1099280W | https://lumisco.re/book/267","2026-09-30","267","aanwezig","Open Library Work: OL1099280W; ISBN-13: 9781513221007","niet gevonden","P3","Inhoudelijke AI-herbeoordeling van dit werk; geen auteur-/titelwoordregel. NL/EN verwijzen naar dezelfde categorie-ID. Redactionele AI-indeling; geen HIGH-evidence of menselijke beoordeling. Aanvullende genres opnieuw inhoudelijk afgewogen; uitsluitend canonieke genres, doelgroep en werkvorm blijven afzonderlijk."
"LS1000-0196","Voyage au Centre de la Terre","Jules Verne","1864","Sciencefiction","Science Fiction","","volwassenen","roman","ZEKER","AI_KENNIS_HERBEOORDEELD","Blijvende publieksfavoriet en herkenbaar ijkpunt binnen het genre.","https://openlibrary.org/works/OL1099513W | https://lumisco.re/book/262","2026-09-30","262","aanwezig","Open Library Work: OL1099513W; ISBN-13: 9780396084297","niet gevonden","P3","Inhoudelijke AI-herbeoordeling van dit werk; geen auteur-/titelwoordregel. NL/EN verwijzen naar dezelfde categorie-ID. AI-bibliografische correctie: oorspronkelijke publicatie in plaats van onjuist bron-/editiejaar; geen wijziging bestaand databasejaar. Redactionele AI-indeling; geen HIGH-evidence of menselijke beoordeling. Aanvullende genres opnieuw inhoudelijk afgewogen; uitsluitend canonieke genres, doelgroep en werkvorm blijven afzonderlijk."
"LS1000-0197","Watchmen","Alan Moore","1986","Sciencefiction","Science Fiction","Literaire & algemene fictie","volwassenen","graphic novel","ZEKER","AI_KENNIS_HERBEOORDEELD","Blijvende publieksfavoriet en herkenbaar ijkpunt binnen het genre.","https://openlibrary.org/works/OL2897798W | https://lumisco.re/book/247","2026-09-30","247","aanwezig","Open Library Work: OL2897798W; ISBN-13: 9780930289232","niet gevonden","P3","Inhoudelijke AI-herbeoordeling van dit werk; geen auteur-/titelwoordregel. NL/EN verwijzen naar dezelfde categorie-ID. Redactionele AI-indeling; geen HIGH-evidence of menselijke beoordeling. Aanvullende genres opnieuw inhoudelijk afgewogen; uitsluitend canonieke genres, doelgroep en werkvorm blijven afzonderlijk."
"LS1000-0198","When the Sleeper Awakes","H. G. Wells","1899","Sciencefiction","Science Fiction","","volwassenen","roman","ZEKER","AI_KENNIS_HERBEOORDEELD","Blijvende publieksfavoriet en herkenbaar ijkpunt binnen het genre.","https://openlibrary.org/works/OL52151W | https://lumisco.re/book/150","2026-09-30","150","aanwezig","Open Library Work: OL52151W; ISBN-13: 9781796948950","niet gevonden","P3","Inhoudelijke AI-herbeoordeling van dit werk; geen auteur-/titelwoordregel. NL/EN verwijzen naar dezelfde categorie-ID. Redactionele AI-indeling; geen HIGH-evidence of menselijke beoordeling. Aanvullende genres opnieuw inhoudelijk afgewogen; uitsluitend canonieke genres, doelgroep en werkvorm blijven afzonderlijk."
"LS1000-0199","Wicked","Gregory Maguire","1995","Fantasy","Fantasy","","volwassenen","roman","ZEKER","AI_KENNIS_HERBEOORDEELD","Blijvende publieksfavoriet en herkenbaar ijkpunt binnen het genre.","https://openlibrary.org/works/OL66218W | https://lumisco.re/book/246","2026-09-30","246","aanwezig","Open Library Work: OL66218W; ISBN-13: 9781417665563","bevestigd","P3","Redactionele AI-indeling; geen HIGH-evidence of menselijke beoordeling. Aanvullende genres opnieuw inhoudelijk afgewogen; uitsluitend canonieke genres, doelgroep en werkvorm blijven afzonderlijk."
"LS1000-0200","Xenocide","Orson Scott Card","1991","Sciencefiction","Science Fiction","","volwassenen","roman","ZEKER","AI_KENNIS_HERBEOORDEELD","Blijvende publieksfavoriet en herkenbaar ijkpunt binnen het genre.","https://openlibrary.org/works/OL49604W | https://lumisco.re/book/156","2026-09-30","156","aanwezig","Open Library Work: OL49604W; ISBN-13: 9780748134229","niet gevonden","P3","Inhoudelijke AI-herbeoordeling van dit werk; geen auteur-/titelwoordregel. NL/EN verwijzen naar dezelfde categorie-ID. Redactionele AI-indeling; geen HIGH-evidence of menselijke beoordeling. Aanvullende genres opnieuw inhoudelijk afgewogen; uitsluitend canonieke genres, doelgroep en werkvorm blijven afzonderlijk."
"LS1000-0201","101 Essays That Will Change The Way You Think","Brianna Wiest","2016","Psychologie & persoonlijke ontwikkeling","Psychology & Self-Development","","volwassenen","non-fictieboek","ZEKER","AI_KENNIS_HERBEOORDEELD","Herkenbare non-fictietitel die een belangrijk onderwerp toegankelijk maakt.","https://openlibrary.org/works/OL23746568W | https://lumisco.re/book/872","2026-09-30","872","aanwezig","Open Library Work: OL23746568W; ISBN-13: 9781945796067","niet gevonden","P3","Inhoudelijke AI-herbeoordeling van dit werk; geen auteur-/titelwoordregel. NL/EN verwijzen naar dezelfde categorie-ID. AI-bibliografische correctie: oorspronkelijke publicatie in plaats van onjuist bron-/editiejaar; geen wijziging bestaand databasejaar. Redactionele AI-indeling; geen HIGH-evidence of menselijke beoordeling. Aanvullende genres opnieuw inhoudelijk afgewogen; uitsluitend canonieke genres, doelgroep en werkvorm blijven afzonderlijk."
"LS1000-0202","12 Rules for Life","Jordan B. Peterson","2018","Psychologie & persoonlijke ontwikkeling","Psychology & Self-Development","","volwassenen","non-fictieboek","ZEKER","AI_KENNIS_HERBEOORDEELD","Herkenbare non-fictietitel die een belangrijk onderwerp toegankelijk maakt.","https://openlibrary.org/works/OL17837119W | https://lumisco.re/book/862","2026-09-30","862","aanwezig","Open Library Work: OL17837119W; ISBN-13: 9780345816023","niet gevonden","P3","Inhoudelijke AI-herbeoordeling van dit werk; geen auteur-/titelwoordregel. NL/EN verwijzen naar dezelfde categorie-ID. AI-bibliografische correctie: oorspronkelijke publicatie in plaats van onjuist bron-/editiejaar; geen wijziging bestaand databasejaar. Redactionele AI-indeling; geen HIGH-evidence of menselijke beoordeling. Aanvullende genres opnieuw inhoudelijk afgewogen; uitsluitend canonieke genres, doelgroep en werkvorm blijven afzonderlijk."
"LS1000-0203","A Gentle Reminder","Bianca Sparacino","2021","Psychologie & persoonlijke ontwikkeling","Psychology & Self-Development","","volwassenen","non-fictieboek","ZEKER","AI_KENNIS_HERBEOORDEELD","Recente, reeds verschenen titel die de selectie actueel en veelzijdig houdt.","https://openlibrary.org/works/OL25296570W | https://lumisco.re/book/876","2026-09-30","876","aanwezig","Open Library Work: OL25296570W; ISBN-13: 9781949759297","niet gevonden","P3","Inhoudelijke AI-herbeoordeling van dit werk; geen auteur-/titelwoordregel. NL/EN verwijzen naar dezelfde categorie-ID. AI-bibliografische correctie: oorspronkelijke publicatie in plaats van onjuist bron-/editiejaar; geen wijziging bestaand databasejaar. Redactionele AI-indeling; geen HIGH-evidence of menselijke beoordeling. Aanvullende genres opnieuw inhoudelijk afgewogen; uitsluitend canonieke genres, doelgroep en werkvorm blijven afzonderlijk."
"LS1000-0204","An essay on man","Alexander Pope","1733","Literaire & algemene fictie","Literary & General Fiction","","volwassenen","poëzie","WAARSCHIJNLIJK","AI_KENNIS_HERBEOORDEELD","Veeluitgegeven non-fictiewerk dat een inhoudelijke leemte in de catalogus aanvult.","https://openlibrary.org/works/OL79353W | https://openlibrary.org/subjects/philosophy","2026-09-30","","ontbreekt","Open Library Work: OL79353W; ISBN-13: 9798469629320","niet gevonden","P2","Inhoudelijke AI-herbeoordeling van dit werk; geen auteur-/titelwoordregel. NL/EN verwijzen naar dezelfde categorie-ID. Redactionele AI-indeling; geen HIGH-evidence of menselijke beoordeling. Aanvullende genres opnieuw inhoudelijk afgewogen; uitsluitend canonieke genres, doelgroep en werkvorm blijven afzonderlijk."
"LS1000-0205","And the Band Played on","Randy Shilts","1987","Maatschappij & actualiteit","Society & Current Affairs","","volwassenen","non-fictieboek","ZEKER","AI_KENNIS_HERBEOORDEELD","Herkenbare non-fictietitel die een belangrijk onderwerp toegankelijk maakt.","https://openlibrary.org/works/OL3912083W | https://lumisco.re/book/898","2026-09-30","898","aanwezig","Open Library Work: OL3912083W; ISBN-13: 9780312374631","niet gevonden","P3","Inhoudelijke AI-herbeoordeling van dit werk; geen auteur-/titelwoordregel. NL/EN verwijzen naar dezelfde categorie-ID. Redactionele AI-indeling; geen HIGH-evidence of menselijke beoordeling. Aanvullende genres opnieuw inhoudelijk afgewogen; uitsluitend canonieke genres, doelgroep en werkvorm blijven afzonderlijk."
"LS1000-0206","Das Kapital","Karl Marx","1867","Economie & ondernemerschap","Economics & Business","","volwassenen","non-fictieboek","ZEKER","AI_KENNIS_HERBEOORDEELD","Herkenbare non-fictietitel die een belangrijk onderwerp toegankelijk maakt.","https://openlibrary.org/works/OL628450W | https://lumisco.re/book/859","2026-09-30","859","aanwezig","Open Library Work: OL628450W; ISBN-13: 9780140445688","niet gevonden","P3","Inhoudelijke AI-herbeoordeling van dit werk; geen auteur-/titelwoordregel. NL/EN verwijzen naar dezelfde categorie-ID. Redactionele AI-indeling; geen HIGH-evidence of menselijke beoordeling. Aanvullende genres opnieuw inhoudelijk afgewogen; uitsluitend canonieke genres, doelgroep en werkvorm blijven afzonderlijk."
"LS1000-0207","Deep Work","Cal Newport","2016","Psychologie & persoonlijke ontwikkeling","Psychology & Self-Development","","volwassenen","non-fictieboek","ZEKER","AI_KENNIS_HERBEOORDEELD","Herkenbare non-fictietitel die een belangrijk onderwerp toegankelijk maakt.","https://openlibrary.org/works/OL17713267W | https://lumisco.re/book/863","2026-09-30","863","aanwezig","Open Library Work: OL17713267W; ISBN-13: 9781455586691","niet gevonden","P3","Inhoudelijke AI-herbeoordeling van dit werk; geen auteur-/titelwoordregel. NL/EN verwijzen naar dezelfde categorie-ID. Redactionele AI-indeling; geen HIGH-evidence of menselijke beoordeling. Aanvullende genres opnieuw inhoudelijk afgewogen; uitsluitend canonieke genres, doelgroep en werkvorm blijven afzonderlijk."
"LS1000-0208","Dialogues Concerning Natural Religion","David Hume","1779","Filosofie & religie","Philosophy & Religion","","volwassenen","non-fictieboek","WAARSCHIJNLIJK","AI_KENNIS_HERBEOORDEELD","Veeluitgegeven non-fictiewerk dat een inhoudelijke leemte in de catalogus aanvult.","https://openlibrary.org/works/OL93568W | https://openlibrary.org/subjects/history","2026-09-30","","ontbreekt","Open Library Work: OL93568W; ISBN-13: 9798451192740","niet gevonden","P2","Inhoudelijke AI-herbeoordeling van dit werk; geen auteur-/titelwoordregel. NL/EN verwijzen naar dezelfde categorie-ID. Redactionele AI-indeling; geen HIGH-evidence of menselijke beoordeling. Aanvullende genres opnieuw inhoudelijk afgewogen; uitsluitend canonieke genres, doelgroep en werkvorm blijven afzonderlijk."
"LS1000-0209","Die Traumdeutung","Sigmund Freud","1899","Psychologie & persoonlijke ontwikkeling","Psychology & Self-Development","","volwassenen","non-fictieboek","WAARSCHIJNLIJK","AI_KENNIS_HERBEOORDEELD","Veeluitgegeven non-fictiewerk dat een inhoudelijke leemte in de catalogus aanvult.","https://openlibrary.org/works/OL1069300W | https://openlibrary.org/subjects/psychology","2026-09-30","","ontbreekt","Open Library Work: OL1069300W; ISBN-13: 9780192100498","niet gevonden","P2","Inhoudelijke AI-herbeoordeling van dit werk; geen auteur-/titelwoordregel. NL/EN verwijzen naar dezelfde categorie-ID. Redactionele AI-indeling; geen HIGH-evidence of menselijke beoordeling. Aanvullende genres opnieuw inhoudelijk afgewogen; uitsluitend canonieke genres, doelgroep en werkvorm blijven afzonderlijk. Verschenen eind 1899 met 1900 op titelblad; 1899 behouden."
"LS1000-0210","Eat That Frog! 21 Great Ways to Stop Procrastinating and Get More Done in Less Time","Brian Tracy","2001","Psychologie & persoonlijke ontwikkeling","Psychology & Self-Development","","volwassenen","non-fictieboek","ZEKER","AI_KENNIS_HERBEOORDEELD","Herkenbare non-fictietitel die een belangrijk onderwerp toegankelijk maakt.","https://openlibrary.org/works/OL2392324W | https://lumisco.re/book/865","2026-09-30","865","aanwezig","Open Library Work: OL2392324W; ISBN-13: 9781583762028","niet gevonden","P3","Inhoudelijke AI-herbeoordeling van dit werk; geen auteur-/titelwoordregel. NL/EN verwijzen naar dezelfde categorie-ID. Redactionele AI-indeling; geen HIGH-evidence of menselijke beoordeling. Aanvullende genres opnieuw inhoudelijk afgewogen; uitsluitend canonieke genres, doelgroep en werkvorm blijven afzonderlijk."
"LS1000-0211","Emotional Intelligence","Daniel Goleman","1995","Psychologie & persoonlijke ontwikkeling","Psychology & Self-Development","","volwassenen","non-fictieboek","ZEKER","AI_KENNIS_HERBEOORDEELD","Herkenbare non-fictietitel die een belangrijk onderwerp toegankelijk maakt.","https://openlibrary.org/works/OL1878267W | https://lumisco.re/book/797","2026-09-30","797","aanwezig","Open Library Work: OL1878267W; ISBN-13: 9781408806203","niet gevonden","P3","Inhoudelijke AI-herbeoordeling van dit werk; geen auteur-/titelwoordregel. NL/EN verwijzen naar dezelfde categorie-ID. Redactionele AI-indeling; geen HIGH-evidence of menselijke beoordeling. Aanvullende genres opnieuw inhoudelijk afgewogen; uitsluitend canonieke genres, doelgroep en werkvorm blijven afzonderlijk."
"LS1000-0212","Emotional Intelligence 2.0","Travis Bradberry","2009","Psychologie & persoonlijke ontwikkeling","Psychology & Self-Development","","volwassenen","non-fictieboek","ZEKER","AI_KENNIS_HERBEOORDEELD","Herkenbare non-fictietitel die een belangrijk onderwerp toegankelijk maakt.","https://openlibrary.org/works/OL15189300W | https://lumisco.re/book/839","2026-09-30","839","aanwezig","Open Library Work: OL15189300W; ISBN-13: 9780974320649","niet gevonden","P3","Inhoudelijke AI-herbeoordeling van dit werk; geen auteur-/titelwoordregel. NL/EN verwijzen naar dezelfde categorie-ID. Redactionele AI-indeling; geen HIGH-evidence of menselijke beoordeling. Aanvullende genres opnieuw inhoudelijk afgewogen; uitsluitend canonieke genres, doelgroep en werkvorm blijven afzonderlijk."
"LS1000-0213","How to Win Friends and Influence People","Dale Carnegie","1936","Psychologie & persoonlijke ontwikkeling","Psychology & Self-Development","","volwassenen","non-fictieboek","ZEKER","AI_KENNIS_HERBEOORDEELD","Herkenbare non-fictietitel die een belangrijk onderwerp toegankelijk maakt.","https://openlibrary.org/works/OL1063267W | https://lumisco.re/book/806","2026-09-30","806","aanwezig","Open Library Work: OL1063267W; ISBN-13: 9780762462018","niet gevonden","P3","Inhoudelijke AI-herbeoordeling van dit werk; geen auteur-/titelwoordregel. NL/EN verwijzen naar dezelfde categorie-ID. Redactionele AI-indeling; geen HIGH-evidence of menselijke beoordeling. Aanvullende genres opnieuw inhoudelijk afgewogen; uitsluitend canonieke genres, doelgroep en werkvorm blijven afzonderlijk."
"LS1000-0214","Influence","Robert B. Cialdini","1984","Psychologie & persoonlijke ontwikkeling","Psychology & Self-Development","","volwassenen","non-fictieboek","ZEKER","AI_KENNIS_HERBEOORDEELD","Herkenbare non-fictietitel die een belangrijk onderwerp toegankelijk maakt.","https://openlibrary.org/works/OL3902892W | https://lumisco.re/book/873","2026-09-30","873","aanwezig","Open Library Work: OL3902892W; ISBN-13: 9780205609994","niet gevonden","P3","Inhoudelijke AI-herbeoordeling van dit werk; geen auteur-/titelwoordregel. NL/EN verwijzen naar dezelfde categorie-ID. AI-bibliografische correctie: oorspronkelijke publicatie in plaats van onjuist bron-/editiejaar; geen wijziging bestaand databasejaar. Redactionele AI-indeling; geen HIGH-evidence of menselijke beoordeling. Aanvullende genres opnieuw inhoudelijk afgewogen; uitsluitend canonieke genres, doelgroep en werkvorm blijven afzonderlijk."
"LS1000-0215","Jenseits von Gut und Böse","Friedrich Nietzsche","1886","Filosofie & religie","Philosophy & Religion","","volwassenen","non-fictieboek","ZEKER","AI_KENNIS_HERBEOORDEELD","Herkenbare non-fictietitel die een belangrijk onderwerp toegankelijk maakt.","https://openlibrary.org/works/OL98174W | https://lumisco.re/book/856","2026-09-30","856","aanwezig","Open Library Work: OL98174W; ISBN-13: 9781098524807","niet gevonden","P3","Inhoudelijke AI-herbeoordeling van dit werk; geen auteur-/titelwoordregel. NL/EN verwijzen naar dezelfde categorie-ID. AI-bibliografische correctie: oorspronkelijke publicatie in plaats van onjuist bron-/editiejaar; geen wijziging bestaand databasejaar. Redactionele AI-indeling; geen HIGH-evidence of menselijke beoordeling. Aanvullende genres opnieuw inhoudelijk afgewogen; uitsluitend canonieke genres, doelgroep en werkvorm blijven afzonderlijk."
"LS1000-0216","Meditations","Marcus Aurelius","","Filosofie & religie","Philosophy & Religion","","volwassenen","non-fictieboek","ZEKER","AI_KENNIS_HERBEOORDEELD","Herkenbare non-fictietitel die een belangrijk onderwerp toegankelijk maakt.","https://openlibrary.org/works/OL1317211W | https://lumisco.re/book/830","2026-09-30","830","aanwezig","Open Library Work: OL1317211W; ISBN-13: 9781479260485","bevestigd","P3","Inhoudelijke AI-herbeoordeling van dit werk; geen auteur-/titelwoordregel. NL/EN verwijzen naar dezelfde categorie-ID. Exact oorspronkelijk publicatiejaar onvoldoende vastgesteld; niet afleiden van editie/ontstaan. Redactionele AI-indeling; geen HIGH-evidence of menselijke beoordeling. Aanvullende genres opnieuw inhoudelijk afgewogen; uitsluitend canonieke genres, doelgroep en werkvorm blijven afzonderlijk."
"LS1000-0217","Ons creatieve brein","Dick Swaab","2017","Wetenschap & natuur","Science & Nature","","volwassenen","non-fictieboek","ZEKER","AI_KENNIS_HERBEOORDEELD","Nederlandstalige of Vlaamse kernselectie met blijvende lees- en ontdekkingswaarde.","https://openlibrary.org/works/OL20921817W | https://lumisco.re/book/1172","2026-09-30","1172","aanwezig","Open Library Work: OL20921817W; ISBN-13: 9783426277195","niet onderzocht","P3","Inhoudelijke AI-herbeoordeling van dit werk; geen auteur-/titelwoordregel. NL/EN verwijzen naar dezelfde categorie-ID. Redactionele AI-indeling; geen HIGH-evidence of menselijke beoordeling. Aanvullende genres opnieuw inhoudelijk afgewogen; uitsluitend canonieke genres, doelgroep en werkvorm blijven afzonderlijk."
"LS1000-0218","Pensées","Blaise Pascal","1670","Filosofie & religie","Philosophy & Religion","","volwassenen","non-fictieboek","WAARSCHIJNLIJK","AI_KENNIS_HERBEOORDEELD","Veeluitgegeven non-fictiewerk dat een inhoudelijke leemte in de catalogus aanvult.","https://openlibrary.org/works/OL1262495W | https://openlibrary.org/subjects/history","2026-09-30","","ontbreekt","Open Library Work: OL1262495W; ISBN-13: 9781499728194","niet gevonden","P2","Inhoudelijke AI-herbeoordeling van dit werk; geen auteur-/titelwoordregel. NL/EN verwijzen naar dezelfde categorie-ID. Redactionele AI-indeling; geen HIGH-evidence of menselijke beoordeling. Aanvullende genres opnieuw inhoudelijk afgewogen; uitsluitend canonieke genres, doelgroep en werkvorm blijven afzonderlijk."
"LS1000-0219","Predictably Irrational","Dan Ariely","2008","Psychologie & persoonlijke ontwikkeling","Psychology & Self-Development","","volwassenen","non-fictieboek","ZEKER","AI_KENNIS_HERBEOORDEELD","Herkenbare non-fictietitel die een belangrijk onderwerp toegankelijk maakt.","https://openlibrary.org/works/OL9302660W | https://lumisco.re/book/864","2026-09-30","864","aanwezig","Open Library Work: OL9302660W; ISBN-13: 9780061353246","niet gevonden","P3","Inhoudelijke AI-herbeoordeling van dit werk; geen auteur-/titelwoordregel. NL/EN verwijzen naar dezelfde categorie-ID. Redactionele AI-indeling; geen HIGH-evidence of menselijke beoordeling. Aanvullende genres opnieuw inhoudelijk afgewogen; uitsluitend canonieke genres, doelgroep en werkvorm blijven afzonderlijk."
"LS1000-0220","The 4-Hour Workweek","Timothy Ferriss","2007","Economie & ondernemerschap","Economics & Business","","volwassenen","non-fictieboek","ZEKER","AI_KENNIS_HERBEOORDEELD","Herkenbare non-fictietitel die een belangrijk onderwerp toegankelijk maakt.","https://openlibrary.org/works/OL3353439W | https://lumisco.re/book/869","2026-09-30","869","aanwezig","Open Library Work: OL3353439W; ISBN-13: 9780307353139","niet gevonden","P3","Inhoudelijke AI-herbeoordeling van dit werk; geen auteur-/titelwoordregel. NL/EN verwijzen naar dezelfde categorie-ID. AI-bibliografische correctie: oorspronkelijke publicatie in plaats van onjuist bron-/editiejaar; geen wijziging bestaand databasejaar. Redactionele AI-indeling; geen HIGH-evidence of menselijke beoordeling. Aanvullende genres opnieuw inhoudelijk afgewogen; uitsluitend canonieke genres, doelgroep en werkvorm blijven afzonderlijk."
"LS1000-0221","The Art of Seduction","Robert Greene","2001","Psychologie & persoonlijke ontwikkeling","Psychology & Self-Development","","volwassenen","non-fictieboek","ZEKER","AI_KENNIS_HERBEOORDEELD","Herkenbare non-fictietitel die een belangrijk onderwerp toegankelijk maakt.","https://openlibrary.org/works/OL1968364W | https://lumisco.re/book/850","2026-09-30","850","aanwezig","Open Library Work: OL1968364W; ISBN-13: 9781101173466","niet gevonden","P3","Inhoudelijke AI-herbeoordeling van dit werk; geen auteur-/titelwoordregel. NL/EN verwijzen naar dezelfde categorie-ID. Redactionele AI-indeling; geen HIGH-evidence of menselijke beoordeling. Aanvullende genres opnieuw inhoudelijk afgewogen; uitsluitend canonieke genres, doelgroep en werkvorm blijven afzonderlijk."
"LS1000-0222","The Artist's Way","Julia Cameron","1992","Psychologie & persoonlijke ontwikkeling","Psychology & Self-Development","","volwassenen","non-fictieboek","ZEKER","AI_KENNIS_HERBEOORDEELD","Herkenbare non-fictietitel die een belangrijk onderwerp toegankelijk maakt.","https://openlibrary.org/works/OL14856321W | https://lumisco.re/book/892","2026-09-30","892","aanwezig","Open Library Work: OL14856321W; ISBN-13: 9789756744956","niet gevonden","P3","Inhoudelijke AI-herbeoordeling van dit werk; geen auteur-/titelwoordregel. NL/EN verwijzen naar dezelfde categorie-ID. Redactionele AI-indeling; geen HIGH-evidence of menselijke beoordeling. Aanvullende genres opnieuw inhoudelijk afgewogen; uitsluitend canonieke genres, doelgroep en werkvorm blijven afzonderlijk."
"LS1000-0223","The beauty myth","Naomi Wolf","1990","Maatschappij & actualiteit","Society & Current Affairs","","volwassenen","non-fictieboek","ZEKER","AI_KENNIS_HERBEOORDEELD","Herkenbare non-fictietitel die een belangrijk onderwerp toegankelijk maakt.","https://openlibrary.org/works/OL3348658W | https://lumisco.re/book/885","2026-09-30","885","aanwezig","Open Library Work: OL3348658W; ISBN-13: 9780099861904","niet gevonden","P3","Inhoudelijke AI-herbeoordeling van dit werk; geen auteur-/titelwoordregel. NL/EN verwijzen naar dezelfde categorie-ID. Redactionele AI-indeling; geen HIGH-evidence of menselijke beoordeling. Aanvullende genres opnieuw inhoudelijk afgewogen; uitsluitend canonieke genres, doelgroep en werkvorm blijven afzonderlijk."
"LS1000-0224","The Black Swan","Nassim Nicholas Taleb","2007","Economie & ondernemerschap","Economics & Business","","volwassenen","non-fictieboek","ZEKER","AI_KENNIS_HERBEOORDEELD","Herkenbare non-fictietitel die een belangrijk onderwerp toegankelijk maakt.","https://openlibrary.org/works/OL3295030W | https://lumisco.re/book/902","2026-09-30","902","aanwezig","Open Library Work: OL3295030W; ISBN-13: 9780812973815","niet gevonden","P3","Inhoudelijke AI-herbeoordeling van dit werk; geen auteur-/titelwoordregel. NL/EN verwijzen naar dezelfde categorie-ID. AI-bibliografische correctie: oorspronkelijke publicatie in plaats van onjuist bron-/editiejaar; geen wijziging bestaand databasejaar. Redactionele AI-indeling; geen HIGH-evidence of menselijke beoordeling. Aanvullende genres opnieuw inhoudelijk afgewogen; uitsluitend canonieke genres, doelgroep en werkvorm blijven afzonderlijk."
"LS1000-0225","The Courage to Be Disliked","Ichirō Kishimi","2013","Psychologie & persoonlijke ontwikkeling","Psychology & Self-Development","","volwassenen","non-fictieboek","ZEKER","AI_KENNIS_HERBEOORDEELD","Herkenbare non-fictietitel die een belangrijk onderwerp toegankelijk maakt.","https://openlibrary.org/works/OL19744000W | https://lumisco.re/book/790","2026-09-30","790","aanwezig","Open Library Work: OL19744000W; ISBN-13: 9781501197277","niet gevonden","P3","Inhoudelijke AI-herbeoordeling van dit werk; geen auteur-/titelwoordregel. NL/EN verwijzen naar dezelfde categorie-ID. Redactionele AI-indeling; geen HIGH-evidence of menselijke beoordeling. Aanvullende genres opnieuw inhoudelijk afgewogen; uitsluitend canonieke genres, doelgroep en werkvorm blijven afzonderlijk."
"LS1000-0226","The game of life and how to play it","Florence Scovel Shinn","1925","Psychologie & persoonlijke ontwikkeling","Psychology & Self-Development","","volwassenen","non-fictieboek","ZEKER","AI_KENNIS_HERBEOORDEELD","Herkenbare non-fictietitel die een belangrijk onderwerp toegankelijk maakt.","https://openlibrary.org/works/OL4794651W | https://lumisco.re/book/807","2026-09-30","807","aanwezig","Open Library Work: OL4794651W; ISBN-13: 9780685707197","niet gevonden","P3","Inhoudelijke AI-herbeoordeling van dit werk; geen auteur-/titelwoordregel. NL/EN verwijzen naar dezelfde categorie-ID. Redactionele AI-indeling; geen HIGH-evidence of menselijke beoordeling. Aanvullende genres opnieuw inhoudelijk afgewogen; uitsluitend canonieke genres, doelgroep en werkvorm blijven afzonderlijk."
"LS1000-0227","The Law of Success","Napoleon Hill","1928","Economie & ondernemerschap","Economics & Business","","volwassenen","non-fictieboek","ZEKER","AI_KENNIS_HERBEOORDEELD","Herkenbare non-fictietitel die een belangrijk onderwerp toegankelijk maakt.","https://openlibrary.org/works/OL527383W | https://lumisco.re/book/871","2026-09-30","871","aanwezig","Open Library Work: OL527383W; ISBN-13: 9780685220153","niet gevonden","P3","Inhoudelijke AI-herbeoordeling van dit werk; geen auteur-/titelwoordregel. NL/EN verwijzen naar dezelfde categorie-ID. AI-bibliografische correctie: oorspronkelijke publicatie in plaats van onjuist bron-/editiejaar; geen wijziging bestaand databasejaar. Redactionele AI-indeling; geen HIGH-evidence of menselijke beoordeling. Aanvullende genres opnieuw inhoudelijk afgewogen; uitsluitend canonieke genres, doelgroep en werkvorm blijven afzonderlijk."
"LS1000-0228","The Power of Now","Eckhart Tolle","1997","Filosofie & religie","Philosophy & Religion","","volwassenen","non-fictieboek","ZEKER","AI_KENNIS_HERBEOORDEELD","Herkenbare non-fictietitel die een belangrijk onderwerp toegankelijk maakt.","https://openlibrary.org/works/OL5727686W | https://lumisco.re/book/849","2026-09-30","849","aanwezig","Open Library Work: OL5727686W; ISBN-13: 9780340733509","niet gevonden","P3","Inhoudelijke AI-herbeoordeling van dit werk; geen auteur-/titelwoordregel. NL/EN verwijzen naar dezelfde categorie-ID. Redactionele AI-indeling; geen HIGH-evidence of menselijke beoordeling. Aanvullende genres opnieuw inhoudelijk afgewogen; uitsluitend canonieke genres, doelgroep en werkvorm blijven afzonderlijk."
"LS1000-0229","The Power of Your Subconscious Mind","Joseph Murphy","1963","Psychologie & persoonlijke ontwikkeling","Psychology & Self-Development","","volwassenen","non-fictieboek","ZEKER","AI_KENNIS_HERBEOORDEELD","Herkenbare non-fictietitel die een belangrijk onderwerp toegankelijk maakt.","https://openlibrary.org/works/OL55806W | https://lumisco.re/book/835","2026-09-30","835","aanwezig","Open Library Work: OL55806W; ISBN-13: 9781604590814","niet gevonden","P3","Inhoudelijke AI-herbeoordeling van dit werk; geen auteur-/titelwoordregel. NL/EN verwijzen naar dezelfde categorie-ID. Redactionele AI-indeling; geen HIGH-evidence of menselijke beoordeling. Aanvullende genres opnieuw inhoudelijk afgewogen; uitsluitend canonieke genres, doelgroep en werkvorm blijven afzonderlijk."
"LS1000-0230","The Problems of Philosophy","Bertrand Russell","1912","Filosofie & religie","Philosophy & Religion","","volwassenen","non-fictieboek","WAARSCHIJNLIJK","AI_KENNIS_HERBEOORDEELD","Veeluitgegeven non-fictiewerk dat een inhoudelijke leemte in de catalogus aanvult.","https://openlibrary.org/works/OL1088577W | https://openlibrary.org/subjects/psychology","2026-09-30","","ontbreekt","Open Library Work: OL1088577W; ISBN-13: 9781691297337","niet gevonden","P2","Inhoudelijke AI-herbeoordeling van dit werk; geen auteur-/titelwoordregel. NL/EN verwijzen naar dezelfde categorie-ID. Redactionele AI-indeling; geen HIGH-evidence of menselijke beoordeling. Aanvullende genres opnieuw inhoudelijk afgewogen; uitsluitend canonieke genres, doelgroep en werkvorm blijven afzonderlijk."
"LS1000-0231","The Secret","Rhonda Byrne","2006","Psychologie & persoonlijke ontwikkeling","Psychology & Self-Development","","volwassenen","non-fictieboek","ZEKER","AI_KENNIS_HERBEOORDEELD","Herkenbare non-fictietitel die een belangrijk onderwerp toegankelijk maakt.","https://openlibrary.org/works/OL15839737W | https://lumisco.re/book/860","2026-09-30","860","aanwezig","Open Library Work: OL15839737W; ISBN-13: 9781582701707","niet gevonden","P3","Inhoudelijke AI-herbeoordeling van dit werk; geen auteur-/titelwoordregel. NL/EN verwijzen naar dezelfde categorie-ID. AI-bibliografische correctie: oorspronkelijke publicatie in plaats van onjuist bron-/editiejaar; geen wijziging bestaand databasejaar. Redactionele AI-indeling; geen HIGH-evidence of menselijke beoordeling. Aanvullende genres opnieuw inhoudelijk afgewogen; uitsluitend canonieke genres, doelgroep en werkvorm blijven afzonderlijk."
"LS1000-0232","The Theory of the Leisure Class","Thorstein Veblen","1899","Maatschappij & actualiteit","Society & Current Affairs","","volwassenen","non-fictieboek","WAARSCHIJNLIJK","AI_KENNIS_HERBEOORDEELD","Veeluitgegeven non-fictiewerk dat een inhoudelijke leemte in de catalogus aanvult.","https://openlibrary.org/works/OL1868441W | https://openlibrary.org/subjects/philosophy","2026-09-30","","ontbreekt","Open Library Work: OL1868441W; ISBN-13: 9781721887217","niet gevonden","P2","Inhoudelijke AI-herbeoordeling van dit werk; geen auteur-/titelwoordregel. NL/EN verwijzen naar dezelfde categorie-ID. Redactionele AI-indeling; geen HIGH-evidence of menselijke beoordeling. Aanvullende genres opnieuw inhoudelijk afgewogen; uitsluitend canonieke genres, doelgroep en werkvorm blijven afzonderlijk."
"LS1000-0233","The Varieties of Religious Experience","William James","1902","Filosofie & religie","Philosophy & Religion","","volwassenen","non-fictieboek","WAARSCHIJNLIJK","AI_KENNIS_HERBEOORDEELD","Veeluitgegeven non-fictiewerk dat een inhoudelijke leemte in de catalogus aanvult.","https://openlibrary.org/works/OL1073561W | https://openlibrary.org/subjects/psychology","2026-09-30","","ontbreekt","Open Library Work: OL1073561W; ISBN-13: 9780980060546","niet gevonden","P2","Inhoudelijke AI-herbeoordeling van dit werk; geen auteur-/titelwoordregel. NL/EN verwijzen naar dezelfde categorie-ID. Redactionele AI-indeling; geen HIGH-evidence of menselijke beoordeling. Aanvullende genres opnieuw inhoudelijk afgewogen; uitsluitend canonieke genres, doelgroep en werkvorm blijven afzonderlijk."
"LS1000-0234","Think and Grow Rich","Napoleon Hill","1937","Psychologie & persoonlijke ontwikkeling","Psychology & Self-Development","","volwassenen","non-fictieboek","ZEKER","AI_KENNIS_HERBEOORDEELD","Herkenbare non-fictietitel die een belangrijk onderwerp toegankelijk maakt.","https://openlibrary.org/works/OL527464W | https://lumisco.re/book/832","2026-09-30","832","aanwezig","Open Library Work: OL527464W; ISBN-13: 9789562914277","niet gevonden","P3","Inhoudelijke AI-herbeoordeling van dit werk; geen auteur-/titelwoordregel. NL/EN verwijzen naar dezelfde categorie-ID. Redactionele AI-indeling; geen HIGH-evidence of menselijke beoordeling. Aanvullende genres opnieuw inhoudelijk afgewogen; uitsluitend canonieke genres, doelgroep en werkvorm blijven afzonderlijk."
"LS1000-0235","Thinking, Fast and Slow","Daniel Kahneman","2011","Psychologie & persoonlijke ontwikkeling","Psychology & Self-Development","","volwassenen","non-fictieboek","ZEKER","AI_KENNIS_HERBEOORDEELD","Herkenbare non-fictietitel die een belangrijk onderwerp toegankelijk maakt.","https://openlibrary.org/works/OL15992072W | https://lumisco.re/book/81","2026-09-30","81","aanwezig","Open Library Work: OL15992072W; ISBN-13: 9780374275631","bevestigd","P3","Inhoudelijke AI-herbeoordeling van dit werk; geen auteur-/titelwoordregel. NL/EN verwijzen naar dezelfde categorie-ID. Redactionele AI-indeling; geen HIGH-evidence of menselijke beoordeling. Aanvullende genres opnieuw inhoudelijk afgewogen; uitsluitend canonieke genres, doelgroep en werkvorm blijven afzonderlijk."
"LS1000-0236","Wij zijn ons brein","Dick Swaab","2010","Wetenschap & natuur","Science & Nature","","volwassenen","non-fictieboek","ZEKER","AI_KENNIS_HERBEOORDEELD","Nederlandstalige of Vlaamse kernselectie met blijvende lees- en ontdekkingswaarde.","https://openlibrary.org/works/OL24713032W | https://lumisco.re/book/1171","2026-09-30","1171","aanwezig","Open Library Work: OL24713032W; ISBN-13: 9789025435226","bevestigd","P3","Inhoudelijke AI-herbeoordeling van dit werk; geen auteur-/titelwoordregel. NL/EN verwijzen naar dezelfde categorie-ID. Redactionele AI-indeling; geen HIGH-evidence of menselijke beoordeling. Aanvullende genres opnieuw inhoudelijk afgewogen; uitsluitend canonieke genres, doelgroep en werkvorm blijven afzonderlijk."
"LS1000-0237","Book of common prayer","Church of England","1549","Filosofie & religie","Philosophy & Religion","","volwassenen","non-fictieboek","WAARSCHIJNLIJK","AI_KENNIS_HERBEOORDEELD","Veeluitgegeven non-fictiewerk dat een inhoudelijke leemte in de catalogus aanvult.","https://openlibrary.org/works/OL769120W | https://openlibrary.org/subjects/history","2026-09-30","","ontbreekt","Open Library Work: OL769120W; ISBN-13: 9780665146473","niet gevonden","P2","Inhoudelijke AI-herbeoordeling van dit werk; geen auteur-/titelwoordregel. NL/EN verwijzen naar dezelfde categorie-ID. Redactionele AI-indeling; geen HIGH-evidence of menselijke beoordeling. Aanvullende genres opnieuw inhoudelijk afgewogen; uitsluitend canonieke genres, doelgroep en werkvorm blijven afzonderlijk."
"LS1000-0238","Civil Disobedience","Henry David Thoreau","1849","Maatschappij & actualiteit","Society & Current Affairs","","volwassenen","essay","WAARSCHIJNLIJK","AI_KENNIS_HERBEOORDEELD","Veeluitgegeven non-fictiewerk dat een inhoudelijke leemte in de catalogus aanvult.","https://openlibrary.org/works/OL55631W | https://openlibrary.org/subjects/biography","2026-09-30","","ontbreekt","Open Library Work: OL55631W; ISBN-13: 9781096952435","niet gevonden","P2","Inhoudelijke AI-herbeoordeling van dit werk; geen auteur-/titelwoordregel. NL/EN verwijzen naar dezelfde categorie-ID. Redactionele AI-indeling; geen HIGH-evidence of menselijke beoordeling. Aanvullende genres opnieuw inhoudelijk afgewogen; uitsluitend canonieke genres, doelgroep en werkvorm blijven afzonderlijk."
"LS1000-0239","Congo","David Van Reybrouck","2010","Geschiedenis","History","","volwassenen","non-fictieboek","ZEKER","AI_KENNIS_HERBEOORDEELD","Nederlandstalige of Vlaamse kernselectie met blijvende lees- en ontdekkingswaarde.","https://openlibrary.org/works/OL19980745W | https://lumisco.re/book/1168","2026-09-30","1168","aanwezig","Open Library Work: OL19980745W; ISBN-13: 9780062200112","niet gevonden","P3","Inhoudelijke AI-herbeoordeling van dit werk; geen auteur-/titelwoordregel. NL/EN verwijzen naar dezelfde categorie-ID. Redactionele AI-indeling; geen HIGH-evidence of menselijke beoordeling. Aanvullende genres opnieuw inhoudelijk afgewogen; uitsluitend canonieke genres, doelgroep en werkvorm blijven afzonderlijk."
"LS1000-0240","De brug","Geert Mak","2007","Reizen","Travel","","volwassenen","non-fictieboek","ZEKER","AI_KENNIS_HERBEOORDEELD","Nederlandstalige of Vlaamse kernselectie met blijvende lees- en ontdekkingswaarde.","https://openlibrary.org/works/OL20112304W | https://lumisco.re/book/1150","2026-09-30","1150","aanwezig","Open Library Work: OL20112304W; ISBN-13: 9789059650466","bevestigd","P3","Inhoudelijke AI-herbeoordeling van dit werk; geen auteur-/titelwoordregel. NL/EN verwijzen naar dezelfde categorie-ID. Redactionele AI-indeling; geen HIGH-evidence of menselijke beoordeling. Aanvullende genres opnieuw inhoudelijk afgewogen; uitsluitend canonieke genres, doelgroep en werkvorm blijven afzonderlijk."
"LS1000-0241","De eeuw van mijn vader","Geert Mak","1999","Geschiedenis","History","","volwassenen","non-fictieboek","ZEKER","AI_KENNIS_HERBEOORDEELD","Nederlandstalige of Vlaamse kernselectie met blijvende lees- en ontdekkingswaarde.","https://openlibrary.org/works/OL931621W | https://lumisco.re/book/1146","2026-09-30","1146","aanwezig","Open Library Work: OL931621W; ISBN-13: 9783442733477","bevestigd","P3","Inhoudelijke AI-herbeoordeling van dit werk; geen auteur-/titelwoordregel. NL/EN verwijzen naar dezelfde categorie-ID. AI-bibliografische correctie: oorspronkelijke publicatie in plaats van onjuist bron-/editiejaar; geen wijziging bestaand databasejaar. Redactionele AI-indeling; geen HIGH-evidence of menselijke beoordeling. Aanvullende genres opnieuw inhoudelijk afgewogen; uitsluitend canonieke genres, doelgroep en werkvorm blijven afzonderlijk."
"LS1000-0242","De omwenteling","Suzanna Jansen","2022","Maatschappij & actualiteit","Society & Current Affairs","","volwassenen","non-fictieboek","WAARSCHIJNLIJK","AI_KENNIS_HERBEOORDEELD","Nederlandstalige of Vlaamse kernselectie met blijvende lees- en ontdekkingswaarde.","https://openlibrary.org/works/OL34961957W | https://lumisco.re/book/1177","2026-09-30","1177","aanwezig","Open Library Work: OL34961957W; ISBN-13: 9789026355493","bevestigd","P3","Inhoudelijke AI-herbeoordeling van dit werk; geen auteur-/titelwoordregel. NL/EN verwijzen naar dezelfde categorie-ID. Redactionele AI-indeling; geen HIGH-evidence of menselijke beoordeling. Aanvullende genres opnieuw inhoudelijk afgewogen; uitsluitend canonieke genres, doelgroep en werkvorm blijven afzonderlijk."
"LS1000-0243","De zeven vinkjes","Joris Luyendijk","2022","Maatschappij & actualiteit","Society & Current Affairs","","volwassenen","non-fictieboek","ZEKER","AI_KENNIS_HERBEOORDEELD","Nederlandstalige of Vlaamse kernselectie met blijvende lees- en ontdekkingswaarde.","https://openlibrary.org/works/OL28216089W | https://lumisco.re/book/1167","2026-09-30","1167","aanwezig","Open Library Work: OL28216089W; ISBN-13: 9789493256675","bevestigd","P3","Inhoudelijke AI-herbeoordeling van dit werk; geen auteur-/titelwoordregel. NL/EN verwijzen naar dezelfde categorie-ID. Redactionele AI-indeling; geen HIGH-evidence of menselijke beoordeling. Aanvullende genres opnieuw inhoudelijk afgewogen; uitsluitend canonieke genres, doelgroep en werkvorm blijven afzonderlijk."
"LS1000-0244","Dit kan niet waar zijn","Joris Luyendijk","2015","Economie & ondernemerschap","Economics & Business","","volwassenen","non-fictieboek","ZEKER","AI_KENNIS_HERBEOORDEELD","Nederlandstalige of Vlaamse kernselectie met blijvende lees- en ontdekkingswaarde.","https://openlibrary.org/works/OL22937543W | https://lumisco.re/book/1166","2026-09-30","1166","aanwezig","Open Library Work: OL22937543W; ISBN-13: 9789045028163","bevestigd","P3","Inhoudelijke AI-herbeoordeling van dit werk; geen auteur-/titelwoordregel. NL/EN verwijzen naar dezelfde categorie-ID. Redactionele AI-indeling; geen HIGH-evidence of menselijke beoordeling. Aanvullende genres opnieuw inhoudelijk afgewogen; uitsluitend canonieke genres, doelgroep en werkvorm blijven afzonderlijk."
"LS1000-0245","Eugenics and Other Evils","Gilbert Keith Chesterton","1922","Maatschappij & actualiteit","Society & Current Affairs","","volwassenen","non-fictieboek","WAARSCHIJNLIJK","AI_KENNIS_HERBEOORDEELD","Veeluitgegeven non-fictiewerk dat een inhoudelijke leemte in de catalogus aanvult.","https://openlibrary.org/works/OL76446W | https://openlibrary.org/subjects/history","2026-09-30","","ontbreekt","Open Library Work: OL76446W; ISBN-13: 9781091371750","niet gevonden","P2","Inhoudelijke AI-herbeoordeling van dit werk; geen auteur-/titelwoordregel. NL/EN verwijzen naar dezelfde categorie-ID. Redactionele AI-indeling; geen HIGH-evidence of menselijke beoordeling. Aanvullende genres opnieuw inhoudelijk afgewogen; uitsluitend canonieke genres, doelgroep en werkvorm blijven afzonderlijk."
"LS1000-0246","Grote verwachtingen","Geert Mak","2019","Geschiedenis","History","","volwassenen","non-fictieboek","ZEKER","AI_KENNIS_HERBEOORDEELD","Nederlandstalige of Vlaamse kernselectie met blijvende lees- en ontdekkingswaarde.","https://openlibrary.org/works/OL24591945W | https://lumisco.re/book/1149","2026-09-30","1149","aanwezig","Open Library Work: OL24591945W; ISBN-13: 9789045039770","bevestigd","P3","Inhoudelijke AI-herbeoordeling van dit werk; geen auteur-/titelwoordregel. NL/EN verwijzen naar dezelfde categorie-ID. Redactionele AI-indeling; geen HIGH-evidence of menselijke beoordeling. Aanvullende genres opnieuw inhoudelijk afgewogen; uitsluitend canonieke genres, doelgroep en werkvorm blijven afzonderlijk."
"LS1000-0247","Het geluk van Limburg","Marcia Luyten","2015","Geschiedenis","History","","volwassenen","non-fictieboek","WAARSCHIJNLIJK","AI_KENNIS_HERBEOORDEELD","Nederlandstalige of Vlaamse kernselectie met blijvende lees- en ontdekkingswaarde.","https://openlibrary.org/works/OL31276092W | https://lumisco.re/book/1174","2026-09-30","1174","aanwezig","Open Library Work: OL31276092W; ISBN-13: 9789403125008","niet onderzocht","P3","Inhoudelijke AI-herbeoordeling van dit werk; geen auteur-/titelwoordregel. NL/EN verwijzen naar dezelfde categorie-ID. AI-bibliografische correctie: oorspronkelijke publicatie in plaats van onjuist bron-/editiejaar; geen wijziging bestaand databasejaar. Redactionele AI-indeling; geen HIGH-evidence of menselijke beoordeling. Aanvullende genres opnieuw inhoudelijk afgewogen; uitsluitend canonieke genres, doelgroep en werkvorm blijven afzonderlijk."
"LS1000-0248","Het pauperparadijs","Suzanna Jansen","2008","Geschiedenis","History","","volwassenen","non-fictieboek","WAARSCHIJNLIJK","AI_KENNIS_HERBEOORDEELD","Nederlandstalige of Vlaamse kernselectie met blijvende lees- en ontdekkingswaarde.","https://openlibrary.org/works/OL29298344W | https://lumisco.re/book/1176","2026-09-30","1176","aanwezig","Open Library Work: OL29298344W; ISBN-13: 9789460032059","niet onderzocht","P3","Inhoudelijke AI-herbeoordeling van dit werk; geen auteur-/titelwoordregel. NL/EN verwijzen naar dezelfde categorie-ID. Redactionele AI-indeling; geen HIGH-evidence of menselijke beoordeling. Aanvullende genres opnieuw inhoudelijk afgewogen; uitsluitend canonieke genres, doelgroep en werkvorm blijven afzonderlijk."
"LS1000-0249","Het zwijgen van Maria Zachea","Judith Koelemeijer","2001","Biografie & memoires","Biography & Memoir","","volwassenen","non-fictieboek","WAARSCHIJNLIJK","AI_KENNIS_HERBEOORDEELD","Nederlandstalige of Vlaamse kernselectie met blijvende lees- en ontdekkingswaarde.","https://openlibrary.org/works/OL9100673W | https://lumisco.re/book/1162","2026-09-30","1162","aanwezig","Open Library Work: OL9100673W; ISBN-13: 9789058070913","niet gevonden","P3","Inhoudelijke AI-herbeoordeling van dit werk; geen auteur-/titelwoordregel. NL/EN verwijzen naar dezelfde categorie-ID. Redactionele AI-indeling; geen HIGH-evidence of menselijke beoordeling. Aanvullende genres opnieuw inhoudelijk afgewogen; uitsluitend canonieke genres, doelgroep en werkvorm blijven afzonderlijk."
"LS1000-0250","Hoe God verdween uit Jorwerd","Geert Mak","1996","Geschiedenis","History","","volwassenen","non-fictieboek","ZEKER","AI_KENNIS_HERBEOORDEELD","Nederlandstalige of Vlaamse kernselectie met blijvende lees- en ontdekkingswaarde.","https://openlibrary.org/works/OL931628W | https://lumisco.re/book/1145","2026-09-30","1145","aanwezig","Open Library Work: OL931628W; ISBN-13: 9783886806690","bevestigd","P3","Inhoudelijke AI-herbeoordeling van dit werk; geen auteur-/titelwoordregel. NL/EN verwijzen naar dezelfde categorie-ID. AI-bibliografische correctie: oorspronkelijke publicatie in plaats van onjuist bron-/editiejaar; geen wijziging bestaand databasejaar. Redactionele AI-indeling; geen HIGH-evidence of menselijke beoordeling. Aanvullende genres opnieuw inhoudelijk afgewogen; uitsluitend canonieke genres, doelgroep en werkvorm blijven afzonderlijk."
"LS1000-0251","Our Androcentric Culture, or the Man-Made World","Charlotte Perkins Gilman","1911","Maatschappij & actualiteit","Society & Current Affairs","","volwassenen","non-fictieboek","WAARSCHIJNLIJK","AI_KENNIS_HERBEOORDEELD","Veeluitgegeven non-fictiewerk dat een inhoudelijke leemte in de catalogus aanvult.","https://openlibrary.org/works/OL2772023W | https://openlibrary.org/subjects/history","2026-09-30","","ontbreekt","Open Library Work: OL2772023W; ISBN-13: 9781404316188","niet gevonden","P2","Inhoudelijke AI-herbeoordeling van dit werk; geen auteur-/titelwoordregel. NL/EN verwijzen naar dezelfde categorie-ID. Redactionele AI-indeling; geen HIGH-evidence of menselijke beoordeling. Aanvullende genres opnieuw inhoudelijk afgewogen; uitsluitend canonieke genres, doelgroep en werkvorm blijven afzonderlijk."
"LS1000-0252","Revolusi","David Van Reybrouck","2020","Geschiedenis","History","","volwassenen","non-fictieboek","ZEKER","AI_KENNIS_HERBEOORDEELD","Nederlandstalige of Vlaamse kernselectie met blijvende lees- en ontdekkingswaarde.","https://openlibrary.org/works/OL24234444W | https://lumisco.re/book/1170","2026-09-30","1170","aanwezig","Open Library Work: OL24234444W; ISBN-13: 9789403183404","bevestigd","P3","Inhoudelijke AI-herbeoordeling van dit werk; geen auteur-/titelwoordregel. NL/EN verwijzen naar dezelfde categorie-ID. Redactionele AI-indeling; geen HIGH-evidence of menselijke beoordeling. Aanvullende genres opnieuw inhoudelijk afgewogen; uitsluitend canonieke genres, doelgroep en werkvorm blijven afzonderlijk."
"LS1000-0253","Tegen verkiezingen","David Van Reybrouck","2013","Maatschappij & actualiteit","Society & Current Affairs","","volwassenen","non-fictieboek","WAARSCHIJNLIJK","AI_KENNIS_HERBEOORDEELD","Nederlandstalige of Vlaamse kernselectie met blijvende lees- en ontdekkingswaarde.","https://openlibrary.org/works/OL32958567W | https://lumisco.re/book/1169","2026-09-30","1169","aanwezig","Open Library Work: OL32958567W; ISBN-13: 9782330028206","niet gevonden","P3","Inhoudelijke AI-herbeoordeling van dit werk; geen auteur-/titelwoordregel. NL/EN verwijzen naar dezelfde categorie-ID. AI-bibliografische correctie: oorspronkelijke publicatie in plaats van onjuist bron-/editiejaar; geen wijziging bestaand databasejaar. Redactionele AI-indeling; geen HIGH-evidence of menselijke beoordeling. Aanvullende genres opnieuw inhoudelijk afgewogen; uitsluitend canonieke genres, doelgroep en werkvorm blijven afzonderlijk."
"LS1000-0254","A Tale of Two Cities","Charles Dickens","1859","Historische fictie","Historical Fiction","","volwassenen","roman","WAARSCHIJNLIJK","AI_KENNIS_HERBEOORDEELD","Blijvende publieksfavoriet en herkenbaar ijkpunt binnen het genre.","https://openlibrary.org/works/OL8193465W | https://lumisco.re/book/314","2026-09-30","314","aanwezig","Open Library Work: OL8193465W; ISBN-13: 9781403739094","bevestigd","P3","Oorspronkelijke notitie (niet overgenomen als regel): Publicatiejaar verschilt tussen de kandidaatbron (1859) en Open Library (1800); Open Library-jaar gebruikt. 1859 publicatie, geen generiek 1800. Redactionele AI-indeling; geen HIGH-evidence of menselijke beoordeling. Aanvullende genres opnieuw inhoudelijk afgewogen; uitsluitend canonieke genres, doelgroep en werkvorm blijven afzonderlijk."
"LS1000-0255","Admiral Hornblower in the West Indies","C. S. Forester","1958","Historische fictie","Historical Fiction","","young adult","roman","WAARSCHIJNLIJK","AI_KENNIS_HERBEOORDEELD","Veeluitgegeven jeugd- of YA-werk met internationale ontdekkingswaarde.","https://openlibrary.org/works/OL1937674W | https://openlibrary.org/subjects/young_adult_fiction","2026-09-30","","ontbreekt","Open Library Work: OL1937674W; ISBN-13: 9780862206161","bevestigd","P2","Redactionele AI-indeling; geen HIGH-evidence of menselijke beoordeling. Aanvullende genres opnieuw inhoudelijk afgewogen; uitsluitend canonieke genres, doelgroep en werkvorm blijven afzonderlijk."
"LS1000-0256","Adventures of Huckleberry Finn","Mark Twain","1884","Literaire & algemene fictie","Literary & General Fiction","","volwassenen","roman","WAARSCHIJNLIJK","AI_KENNIS_HERBEOORDEELD","Blijvende publieksfavoriet en herkenbaar ijkpunt binnen het genre.","https://openlibrary.org/works/OL53908W | https://lumisco.re/book/350","2026-09-30","350","aanwezig","Open Library Work: OL53908W; ISBN-13: 9798420045008","bevestigd","P3","Inhoudelijke AI-herbeoordeling van dit werk; geen auteur-/titelwoordregel. NL/EN verwijzen naar dezelfde categorie-ID. AI-bibliografische correctie: oorspronkelijke publicatie in plaats van onjuist bron-/editiejaar; geen wijziging bestaand databasejaar. Redactionele AI-indeling; geen HIGH-evidence of menselijke beoordeling. Aanvullende genres opnieuw inhoudelijk afgewogen; uitsluitend canonieke genres, doelgroep en werkvorm blijven afzonderlijk."
"LS1000-0257","All the Light We Cannot See","Anthony Doerr","2014","Historische fictie","Historical Fiction","","volwassenen","roman","WAARSCHIJNLIJK","AI_KENNIS_HERBEOORDEELD","Blijvende publieksfavoriet en herkenbaar ijkpunt binnen het genre.","https://openlibrary.org/works/OL16821606W | https://lumisco.re/book/336","2026-09-30","336","aanwezig","Open Library Work: OL16821606W; ISBN-13: 9781476746586","bevestigd","P3","Redactionele AI-indeling; geen HIGH-evidence of menselijke beoordeling. Aanvullende genres opnieuw inhoudelijk afgewogen; uitsluitend canonieke genres, doelgroep en werkvorm blijven afzonderlijk."
"LS1000-0258","Atonement","Ian McEwan","2001","Historische fictie","Historical Fiction","","volwassenen","roman","WAARSCHIJNLIJK","AI_KENNIS_HERBEOORDEELD","Blijvende publieksfavoriet en herkenbaar ijkpunt binnen het genre.","https://openlibrary.org/works/OL1855944W | https://lumisco.re/book/342","2026-09-30","342","aanwezig","Open Library Work: OL1855944W; ISBN-13: 9780307387158","niet gevonden","P3","Redactionele AI-indeling; geen HIGH-evidence of menselijke beoordeling. Aanvullende genres opnieuw inhoudelijk afgewogen; uitsluitend canonieke genres, doelgroep en werkvorm blijven afzonderlijk."
"LS1000-0259","Beloved","Toni Morrison","1987","Historische fictie","Historical Fiction","Horror","volwassenen","roman","WAARSCHIJNLIJK","AI_KENNIS_HERBEOORDEELD","Blijvende klassieker; de openbare lezersplank is alleen als aanvullend signaal gebruikt.","https://openlibrary.org/works/OL50548W | https://www.goodreads.com/shelf/show/top-250 | https://lumisco.re/book/361","2026-09-30","361","aanwezig","Open Library Work: OL50548W; ISBN-13: 9780606330749","niet gevonden","P3","Redactionele AI-indeling; geen HIGH-evidence of menselijke beoordeling. Aanvullende genres opnieuw inhoudelijk afgewogen; uitsluitend canonieke genres, doelgroep en werkvorm blijven afzonderlijk."
"LS1000-0260","Catch-22","Joseph Heller","1961","Literaire & algemene fictie","Literary & General Fiction","","volwassenen","roman","WAARSCHIJNLIJK","AI_KENNIS_HERBEOORDEELD","Blijvende publieksfavoriet en herkenbaar ijkpunt binnen het genre.","https://openlibrary.org/works/OL276798W | https://lumisco.re/book/362","2026-09-30","362","aanwezig","Open Library Work: OL276798W; ISBN-13: 9780606004534","niet gevonden","P3","Inhoudelijke AI-herbeoordeling van dit werk; geen auteur-/titelwoordregel. NL/EN verwijzen naar dezelfde categorie-ID. Redactionele AI-indeling; geen HIGH-evidence of menselijke beoordeling. Aanvullende genres opnieuw inhoudelijk afgewogen; uitsluitend canonieke genres, doelgroep en werkvorm blijven afzonderlijk."
"LS1000-0261","David Copperfield","Charles Dickens","1849","Literaire & algemene fictie","Literary & General Fiction","","volwassenen","roman","WAARSCHIJNLIJK","AI_KENNIS_HERBEOORDEELD","Blijvende publieksfavoriet en herkenbaar ijkpunt binnen het genre.","https://openlibrary.org/works/OL8662242W | https://lumisco.re/book/380","2026-09-30","380","aanwezig","Open Library Work: OL8662242W; ISBN-13: 9780196382296","bevestigd","P3","Inhoudelijke AI-herbeoordeling van dit werk; geen auteur-/titelwoordregel. NL/EN verwijzen naar dezelfde categorie-ID. AI-bibliografische correctie: oorspronkelijke publicatie in plaats van onjuist bron-/editiejaar; geen wijziging bestaand databasejaar. Redactionele AI-indeling; geen HIGH-evidence of menselijke beoordeling. Aanvullende genres opnieuw inhoudelijk afgewogen; uitsluitend canonieke genres, doelgroep en werkvorm blijven afzonderlijk."
"LS1000-0262","De aanslag","Harry Mulisch","1982","Historische fictie","Historical Fiction","","volwassenen","roman","ZEKER","AI_KENNIS_HERBEOORDEELD","Nederlandstalige of Vlaamse kernselectie met blijvende lees- en ontdekkingswaarde.","https://openlibrary.org/works/OL16253633W | https://lumisco.re/book/1007","2026-09-30","1007","aanwezig","Open Library Work: OL16253633W; ISBN-13: 9780394542454","bevestigd","P3","Redactionele AI-indeling; geen HIGH-evidence of menselijke beoordeling. Aanvullende genres opnieuw inhoudelijk afgewogen; uitsluitend canonieke genres, doelgroep en werkvorm blijven afzonderlijk."
"LS1000-0263","Death on the Nile","Agatha Christie","1937","Detectives & misdaadfictie","Mystery & Crime Fiction","","volwassenen","roman","WAARSCHIJNLIJK","AI_KENNIS_HERBEOORDEELD","Blijvende publieksfavoriet en herkenbaar ijkpunt binnen het genre.","https://openlibrary.org/works/OL471724W | https://lumisco.re/book/368","2026-09-30","368","aanwezig","Open Library Work: OL471724W; ISBN-13: 9781405867795","niet gevonden","P3","Inhoudelijke AI-herbeoordeling van dit werk; geen auteur-/titelwoordregel. NL/EN verwijzen naar dezelfde categorie-ID. Redactionele AI-indeling; geen HIGH-evidence of menselijke beoordeling. Aanvullende genres opnieuw inhoudelijk afgewogen; uitsluitend canonieke genres, doelgroep en werkvorm blijven afzonderlijk."
"LS1000-0264","East of Eden","John Steinbeck","1952","Literaire & algemene fictie","Literary & General Fiction","","volwassenen","roman","WAARSCHIJNLIJK","AI_KENNIS_HERBEOORDEELD","Blijvende publieksfavoriet en herkenbaar ijkpunt binnen het genre.","https://openlibrary.org/works/OL23166W | https://lumisco.re/book/319","2026-09-30","319","aanwezig","Open Library Work: OL23166W; ISBN-13: 9781417704743","niet gevonden","P3","Inhoudelijke AI-herbeoordeling van dit werk; geen auteur-/titelwoordregel. NL/EN verwijzen naar dezelfde categorie-ID. Redactionele AI-indeling; geen HIGH-evidence of menselijke beoordeling. Aanvullende genres opnieuw inhoudelijk afgewogen; uitsluitend canonieke genres, doelgroep en werkvorm blijven afzonderlijk."
"LS1000-0265","Emma","Jane Austen","1815","Literaire & algemene fictie","Literary & General Fiction","","volwassenen","roman","WAARSCHIJNLIJK","AI_KENNIS_HERBEOORDEELD","Blijvende publieksfavoriet en herkenbaar ijkpunt binnen het genre.","https://openlibrary.org/works/OL66513W | https://lumisco.re/book/324","2026-09-30","324","aanwezig","Open Library Work: OL66513W; ISBN-13: 9781730712241","bevestigd","P3","Inhoudelijke AI-herbeoordeling van dit werk; geen auteur-/titelwoordregel. NL/EN verwijzen naar dezelfde categorie-ID. Redactionele AI-indeling; geen HIGH-evidence of menselijke beoordeling. Aanvullende genres opnieuw inhoudelijk afgewogen; uitsluitend canonieke genres, doelgroep en werkvorm blijven afzonderlijk."
"LS1000-0266","For Whom the Bell Tolls","Ernest Hemingway","1940","Historische fictie","Historical Fiction","","volwassenen","roman","WAARSCHIJNLIJK","AI_KENNIS_HERBEOORDEELD","Blijvende publieksfavoriet en herkenbaar ijkpunt binnen het genre.","https://openlibrary.org/works/OL63009W | https://lumisco.re/book/376","2026-09-30","376","aanwezig","Open Library Work: OL63009W; ISBN-13: 9780224035736","bevestigd","P3","Redactionele AI-indeling; geen HIGH-evidence of menselijke beoordeling. Aanvullende genres opnieuw inhoudelijk afgewogen; uitsluitend canonieke genres, doelgroep en werkvorm blijven afzonderlijk."
"LS1000-0267","Heart of Darkness","Joseph Conrad","1899","Literaire & algemene fictie","Literary & General Fiction","","volwassenen","roman","WAARSCHIJNLIJK","AI_KENNIS_HERBEOORDEELD","Blijvende publieksfavoriet en herkenbaar ijkpunt binnen het genre.","https://openlibrary.org/works/OL38663W | https://lumisco.re/book/328","2026-09-30","328","aanwezig","Open Library Work: OL38663W; ISBN-13: 9789877186727","niet gevonden","P3","Inhoudelijke AI-herbeoordeling van dit werk; geen auteur-/titelwoordregel. NL/EN verwijzen naar dezelfde categorie-ID. Redactionele AI-indeling; geen HIGH-evidence of menselijke beoordeling. Aanvullende genres opnieuw inhoudelijk afgewogen; uitsluitend canonieke genres, doelgroep en werkvorm blijven afzonderlijk."
"LS1000-0268","Heren van de thee","Hella S. Haasse","1992","Historische fictie","Historical Fiction","","volwassenen","roman","ZEKER","AI_KENNIS_HERBEOORDEELD","Nederlandstalige of Vlaamse kernselectie met blijvende lees- en ontdekkingswaarde.","https://openlibrary.org/works/OL1348408W | https://lumisco.re/book/1031","2026-09-30","1031","aanwezig","Open Library Work: OL1348408W; ISBN-13: 9789078432180","bevestigd","P3","Redactionele AI-indeling; geen HIGH-evidence of menselijke beoordeling. Aanvullende genres opnieuw inhoudelijk afgewogen; uitsluitend canonieke genres, doelgroep en werkvorm blijven afzonderlijk."
"LS1000-0269","La tulipe noire","Alexandre Dumas","1850","Historische fictie","Historical Fiction","","volwassenen","roman","WAARSCHIJNLIJK","AI_KENNIS_HERBEOORDEELD","Veeluitgegeven internationaal werk dat de redactionele breedte van de catalogus vergroot.","https://openlibrary.org/works/OL36854W | https://openlibrary.org/subjects/historical_fiction","2026-09-30","","ontbreekt","Open Library Work: OL36854W; ISBN-13: 9781539367857","niet gevonden","P2","Redactionele AI-indeling; geen HIGH-evidence of menselijke beoordeling. Aanvullende genres opnieuw inhoudelijk afgewogen; uitsluitend canonieke genres, doelgroep en werkvorm blijven afzonderlijk."
"LS1000-0270","Little Women","Louisa May Alcott","1868","Literaire & algemene fictie","Literary & General Fiction","","volwassenen","roman","WAARSCHIJNLIJK","AI_KENNIS_HERBEOORDEELD","Blijvende publieksfavoriet en herkenbaar ijkpunt binnen het genre.","https://openlibrary.org/works/OL29983W | https://lumisco.re/book/118","2026-09-30","118","aanwezig","Open Library Work: OL29983W; ISBN-13: 9781684900602","niet gevonden","P3","Oorspronkelijke notitie (niet overgenomen als regel): Publicatiejaar verschilt tussen de kandidaatbron (1868) en Open Library (1848); Open Library-jaar gebruikt. Inhoudelijke AI-herbeoordeling van dit werk; geen auteur-/titelwoordregel. NL/EN verwijzen naar dezelfde categorie-ID. AI-bibliografische correctie: oorspronkelijke publicatie in plaats van onjuist bron-/editiejaar; geen wijziging bestaand databasejaar. Redactionele AI-indeling; geen HIGH-evidence of menselijke beoordeling. Aanvullende genres opnieuw inhoudelijk afgewogen; uitsluitend canonieke genres, doelgroep en werkvorm blijven afzonderlijk."
"LS1000-0271","O Pioneers!","Willa Cather","1913","Literaire & algemene fictie","Literary & General Fiction","","volwassenen","roman","WAARSCHIJNLIJK","AI_KENNIS_HERBEOORDEELD","Veeluitgegeven internationaal werk dat de redactionele breedte van de catalogus vergroot.","https://openlibrary.org/works/OL12795W | https://openlibrary.org/subjects/historical_fiction","2026-09-30","","ontbreekt","Open Library Work: OL12795W; ISBN-13: 9781534710184","niet gevonden","P2","Inhoudelijke AI-herbeoordeling van dit werk; geen auteur-/titelwoordregel. NL/EN verwijzen naar dezelfde categorie-ID. Redactionele AI-indeling; geen HIGH-evidence of menselijke beoordeling. Aanvullende genres opnieuw inhoudelijk afgewogen; uitsluitend canonieke genres, doelgroep en werkvorm blijven afzonderlijk."
"LS1000-0272","Of Mice and Men","John Steinbeck","1937","Literaire & algemene fictie","Literary & General Fiction","","volwassenen","novelle","WAARSCHIJNLIJK","AI_KENNIS_HERBEOORDEELD","Blijvende publieksfavoriet en herkenbaar ijkpunt binnen het genre.","https://openlibrary.org/works/OL23204W | https://lumisco.re/book/38","2026-09-30","38","aanwezig","Open Library Work: OL23204W; ISBN-13: 9781405855365","bevestigd","P3","Inhoudelijke AI-herbeoordeling van dit werk; geen auteur-/titelwoordregel. NL/EN verwijzen naar dezelfde categorie-ID. Redactionele AI-indeling; geen HIGH-evidence of menselijke beoordeling. Aanvullende genres opnieuw inhoudelijk afgewogen; uitsluitend canonieke genres, doelgroep en werkvorm blijven afzonderlijk."
"LS1000-0273","Oliver Twist","Charles Dickens","1837","Literaire & algemene fictie","Literary & General Fiction","","volwassenen","roman","WAARSCHIJNLIJK","AI_KENNIS_HERBEOORDEELD","Blijvende publieksfavoriet en herkenbaar ijkpunt binnen het genre.","https://openlibrary.org/works/OL8193478W | https://lumisco.re/book/352","2026-09-30","352","aanwezig","Open Library Work: OL8193478W; ISBN-13: 9780175570201","bevestigd","P3","Inhoudelijke AI-herbeoordeling van dit werk; geen auteur-/titelwoordregel. NL/EN verwijzen naar dezelfde categorie-ID. AI-bibliografische correctie: oorspronkelijke publicatie in plaats van onjuist bron-/editiejaar; geen wijziging bestaand databasejaar. Redactionele AI-indeling; geen HIGH-evidence of menselijke beoordeling. Aanvullende genres opnieuw inhoudelijk afgewogen; uitsluitend canonieke genres, doelgroep en werkvorm blijven afzonderlijk."
"LS1000-0274","Only Time Will Tell","Jeffrey Archer","2011","Historische fictie","Historical Fiction","","volwassenen","roman","ZEKER","AI_KENNIS_HERBEOORDEELD","Blijvende publieksfavoriet en herkenbaar ijkpunt binnen het genre.","https://openlibrary.org/works/OL15981099W | https://lumisco.re/book/937","2026-09-30","937","aanwezig","Open Library Work: OL15981099W; ISBN-13: 9780312539559","niet gevonden","P3","Redactionele AI-indeling; geen HIGH-evidence of menselijke beoordeling. Aanvullende genres opnieuw inhoudelijk afgewogen; uitsluitend canonieke genres, doelgroep en werkvorm blijven afzonderlijk."
"LS1000-0275","Oorlogswinter","Jan Terlouw","1972","Historische fictie","Historical Fiction","","young adult","roman","ZEKER","AI_KENNIS_HERBEOORDEELD","Nederlandstalige of Vlaamse kernselectie met blijvende lees- en ontdekkingswaarde.","https://openlibrary.org/works/OL3681911W | https://lumisco.re/book/1119","2026-09-30","1119","aanwezig","Open Library Work: OL3681911W; ISBN-13: 9781681374260","bevestigd","P3","Redactionele AI-indeling; geen HIGH-evidence of menselijke beoordeling. Aanvullende genres opnieuw inhoudelijk afgewogen; uitsluitend canonieke genres, doelgroep en werkvorm blijven afzonderlijk."
"LS1000-0276","Oosterschelde windkracht 10","Jan Terlouw","1976","Historische fictie","Historical Fiction","","jeugd","roman","ZEKER","AI_KENNIS_HERBEOORDEELD","Nederlandstalige of Vlaamse kernselectie met blijvende lees- en ontdekkingswaarde.","https://openlibrary.org/works/OL3681914W | https://lumisco.re/book/1121","2026-09-30","1121","aanwezig","Open Library Work: OL3681914W; ISBN-13: 9789060692790","bevestigd","P3","Redactionele AI-indeling; geen HIGH-evidence of menselijke beoordeling. Aanvullende genres opnieuw inhoudelijk afgewogen; uitsluitend canonieke genres, doelgroep en werkvorm blijven afzonderlijk."
"LS1000-0277","Pride and Prejudice","Jane Austen","1813","Literaire & algemene fictie","Literary & General Fiction","","volwassenen","roman","WAARSCHIJNLIJK","AI_KENNIS_HERBEOORDEELD","Blijvende publieksfavoriet en herkenbaar ijkpunt binnen het genre.","https://openlibrary.org/works/OL66554W | https://lumisco.re/book/3","2026-09-30","3","aanwezig","Open Library Work: OL66554W; ISBN-13: 9798844238420","bevestigd","P3","Inhoudelijke AI-herbeoordeling van dit werk; geen auteur-/titelwoordregel. NL/EN verwijzen naar dezelfde categorie-ID. Redactionele AI-indeling; geen HIGH-evidence of menselijke beoordeling. Aanvullende genres opnieuw inhoudelijk afgewogen; uitsluitend canonieke genres, doelgroep en werkvorm blijven afzonderlijk."
"LS1000-0278","Quo Vadis?","Henryk Sienkiewicz","1895","Historische fictie","Historical Fiction","","volwassenen","roman","WAARSCHIJNLIJK","AI_KENNIS_HERBEOORDEELD","Veeluitgegeven internationaal werk dat de redactionele breedte van de catalogus vergroot.","https://openlibrary.org/works/OL503424W | https://openlibrary.org/subjects/historical_fiction","2026-09-30","","ontbreekt","Open Library Work: OL503424W; ISBN-13: 9781544091396","niet gevonden","P2","Redactionele AI-indeling; geen HIGH-evidence of menselijke beoordeling. Aanvullende genres opnieuw inhoudelijk afgewogen; uitsluitend canonieke genres, doelgroep en werkvorm blijven afzonderlijk."
"LS1000-0279","Shirley","Charlotte Brontë","1849","Historische fictie","Historical Fiction","","volwassenen","roman","WAARSCHIJNLIJK","AI_KENNIS_HERBEOORDEELD","Veeluitgegeven internationaal werk dat de redactionele breedte van de catalogus vergroot.","https://openlibrary.org/works/OL1095397W | https://openlibrary.org/subjects/historical_fiction","2026-09-30","","ontbreekt","Open Library Work: OL1095397W; ISBN-13: 9798546495978","niet gevonden","P2","Redactionele AI-indeling; geen HIGH-evidence of menselijke beoordeling. Aanvullende genres opnieuw inhoudelijk afgewogen; uitsluitend canonieke genres, doelgroep en werkvorm blijven afzonderlijk."
"LS1000-0280","Siddhartha","Hermann Hesse","1922","Literaire & algemene fictie","Literary & General Fiction","","volwassenen","roman","WAARSCHIJNLIJK","AI_KENNIS_HERBEOORDEELD","Blijvende publieksfavoriet en herkenbaar ijkpunt binnen het genre.","https://openlibrary.org/works/OL872932W | https://lumisco.re/book/357","2026-09-30","357","aanwezig","Open Library Work: OL872932W; ISBN-13: 9781416561484","niet gevonden","P3","Inhoudelijke AI-herbeoordeling van dit werk; geen auteur-/titelwoordregel. NL/EN verwijzen naar dezelfde categorie-ID. Redactionele AI-indeling; geen HIGH-evidence of menselijke beoordeling. Aanvullende genres opnieuw inhoudelijk afgewogen; uitsluitend canonieke genres, doelgroep en werkvorm blijven afzonderlijk."
"LS1000-0281","Tender is the Night","F. Scott Fitzgerald","1934","Literaire & algemene fictie","Literary & General Fiction","","volwassenen","roman","WAARSCHIJNLIJK","AI_KENNIS_HERBEOORDEELD","Blijvende publieksfavoriet en herkenbaar ijkpunt binnen het genre.","https://openlibrary.org/works/OL468485W | https://lumisco.re/book/353","2026-09-30","353","aanwezig","Open Library Work: OL468485W; ISBN-13: 9780140056167","bevestigd","P3","Inhoudelijke AI-herbeoordeling van dit werk; geen auteur-/titelwoordregel. NL/EN verwijzen naar dezelfde categorie-ID. AI-bibliografische correctie: oorspronkelijke publicatie in plaats van onjuist bron-/editiejaar; geen wijziging bestaand databasejaar. Redactionele AI-indeling; geen HIGH-evidence of menselijke beoordeling. Aanvullende genres opnieuw inhoudelijk afgewogen; uitsluitend canonieke genres, doelgroep en werkvorm blijven afzonderlijk."
"LS1000-0282","The Adventures of Tom Sawyer","Mark Twain","1876","Literaire & algemene fictie","Literary & General Fiction","","volwassenen","roman","WAARSCHIJNLIJK","AI_KENNIS_HERBEOORDEELD","Blijvende publieksfavoriet en herkenbaar ijkpunt binnen het genre.","https://openlibrary.org/works/OL53919W | https://lumisco.re/book/325","2026-09-30","325","aanwezig","Open Library Work: OL53919W; ISBN-13: 9781438287744","bevestigd","P3","Oorspronkelijke notitie (niet overgenomen als regel): Publicatiejaar verschilt tussen de kandidaatbron (1876) en Open Library (1817); Open Library-jaar gebruikt. Inhoudelijke AI-herbeoordeling van dit werk; geen auteur-/titelwoordregel. NL/EN verwijzen naar dezelfde categorie-ID. AI-bibliografische correctie: oorspronkelijke publicatie in plaats van onjuist bron-/editiejaar; geen wijziging bestaand databasejaar. Redactionele AI-indeling; geen HIGH-evidence of menselijke beoordeling. Aanvullende genres opnieuw inhoudelijk afgewogen; uitsluitend canonieke genres, doelgroep en werkvorm blijven afzonderlijk."
"LS1000-0283","The Age of Innocence","Edith Wharton","1920","Historische fictie","Historical Fiction","","volwassenen","roman","WAARSCHIJNLIJK","AI_KENNIS_HERBEOORDEELD","Blijvende publieksfavoriet en herkenbaar ijkpunt binnen het genre.","https://openlibrary.org/works/OL98491W | https://lumisco.re/book/379","2026-09-30","379","aanwezig","Open Library Work: OL98491W; ISBN-13: 9798656968416","niet gevonden","P3","Redactionele AI-indeling; geen HIGH-evidence of menselijke beoordeling. Aanvullende genres opnieuw inhoudelijk afgewogen; uitsluitend canonieke genres, doelgroep en werkvorm blijven afzonderlijk."
"LS1000-0284","The Bluest Eye","Toni Morrison","1970","Literaire & algemene fictie","Literary & General Fiction","","volwassenen","roman","WAARSCHIJNLIJK","AI_KENNIS_HERBEOORDEELD","Blijvende publieksfavoriet en herkenbaar ijkpunt binnen het genre.","https://openlibrary.org/works/OL50565W | https://lumisco.re/book/344","2026-09-30","344","aanwezig","Open Library Work: OL50565W; ISBN-13: 9780452273054","niet gevonden","P3","Inhoudelijke AI-herbeoordeling van dit werk; geen auteur-/titelwoordregel. NL/EN verwijzen naar dezelfde categorie-ID. Redactionele AI-indeling; geen HIGH-evidence of menselijke beoordeling. Aanvullende genres opnieuw inhoudelijk afgewogen; uitsluitend canonieke genres, doelgroep en werkvorm blijven afzonderlijk."
"LS1000-0285","The Bonesetter's Daughter","Amy Tan","2001","Historische fictie","Historical Fiction","","volwassenen","roman","ZEKER","AI_KENNIS_HERBEOORDEELD","Blijvende publieksfavoriet en herkenbaar ijkpunt binnen het genre.","https://openlibrary.org/works/OL1843703W | https://lumisco.re/book/913","2026-09-30","913","aanwezig","Open Library Work: OL1843703W; ISBN-13: 9780804114981","niet gevonden","P3","AI-bibliografische correctie: oorspronkelijke publicatie in plaats van onjuist bron-/editiejaar; geen wijziging bestaand databasejaar. Redactionele AI-indeling; geen HIGH-evidence of menselijke beoordeling. Aanvullende genres opnieuw inhoudelijk afgewogen; uitsluitend canonieke genres, doelgroep en werkvorm blijven afzonderlijk."
"LS1000-0286","The Book Thief","Markus Zusak","2005","Historische fictie","Historical Fiction","","jeugd","roman","ZEKER","AI_KENNIS_HERBEOORDEELD","Bekende jeugd- of YA-titel met blijvende ontdekkingswaarde.","https://openlibrary.org/works/OL5819456W | https://lumisco.re/book/10","2026-09-30","10","aanwezig","Open Library Work: OL5819456W; ISBN-13: 9780786290215","bevestigd","P3","AI-bibliografische correctie: oorspronkelijke publicatie in plaats van onjuist bron-/editiejaar; geen wijziging bestaand databasejaar. Redactionele AI-indeling; geen HIGH-evidence of menselijke beoordeling. Aanvullende genres opnieuw inhoudelijk afgewogen; uitsluitend canonieke genres, doelgroep en werkvorm blijven afzonderlijk."
"LS1000-0287","The Count of Monte Cristo","Alexandre Dumas","1844","Historische fictie","Historical Fiction","","volwassenen","roman","WAARSCHIJNLIJK","AI_KENNIS_HERBEOORDEELD","Blijvende publieksfavoriet en herkenbaar ijkpunt binnen het genre.","https://openlibrary.org/works/OL36287W | https://lumisco.re/book/47","2026-09-30","47","aanwezig","Open Library Work: OL36287W; ISBN-13: 9781435171541","bevestigd","P3","AI-bibliografische correctie: oorspronkelijke publicatie in plaats van onjuist bron-/editiejaar; geen wijziging bestaand databasejaar. Redactionele AI-indeling; geen HIGH-evidence of menselijke beoordeling. Aanvullende genres opnieuw inhoudelijk afgewogen; uitsluitend canonieke genres, doelgroep en werkvorm blijven afzonderlijk."
"LS1000-0288","The Crucible","Arthur Miller","1953","Historische fictie","Historical Fiction","","volwassenen","roman","WAARSCHIJNLIJK","AI_KENNIS_HERBEOORDEELD","Blijvende publieksfavoriet en herkenbaar ijkpunt binnen het genre.","https://openlibrary.org/works/OL66347W | https://lumisco.re/book/322","2026-09-30","322","aanwezig","Open Library Work: OL66347W; ISBN-13: 9780131920736","niet gevonden","P3","Redactionele AI-indeling; geen HIGH-evidence of menselijke beoordeling. Aanvullende genres opnieuw inhoudelijk afgewogen; uitsluitend canonieke genres, doelgroep en werkvorm blijven afzonderlijk."
"LS1000-0289","The deerslayer","James Fenimore Cooper","1841","Historische fictie","Historical Fiction","","volwassenen","roman","WAARSCHIJNLIJK","AI_KENNIS_HERBEOORDEELD","Veeluitgegeven misdaad- of thrillerwerk dat nog in de LumiScore-catalogus ontbreekt.","https://openlibrary.org/works/OL77950W | https://openlibrary.org/subjects/thriller","2026-09-30","","ontbreekt","Open Library Work: OL77950W; ISBN-13: 9798608292187","niet gevonden","P2","Redactionele AI-indeling; geen HIGH-evidence of menselijke beoordeling. Aanvullende genres opnieuw inhoudelijk afgewogen; uitsluitend canonieke genres, doelgroep en werkvorm blijven afzonderlijk."
"LS1000-0290","The Grapes of Wrath","John Steinbeck","1939","Literaire & algemene fictie","Literary & General Fiction","","volwassenen","roman","WAARSCHIJNLIJK","AI_KENNIS_HERBEOORDEELD","Blijvende publieksfavoriet en herkenbaar ijkpunt binnen het genre.","https://openlibrary.org/works/OL23205W | https://lumisco.re/book/37","2026-09-30","37","aanwezig","Open Library Work: OL23205W; ISBN-13: 9780835910705","bevestigd","P3","Inhoudelijke AI-herbeoordeling van dit werk; geen auteur-/titelwoordregel. NL/EN verwijzen naar dezelfde categorie-ID. Redactionele AI-indeling; geen HIGH-evidence of menselijke beoordeling. Aanvullende genres opnieuw inhoudelijk afgewogen; uitsluitend canonieke genres, doelgroep en werkvorm blijven afzonderlijk."
"LS1000-0291","The Heaven & Earth Grocery Store","James McBride","2023","Historische fictie","Historical Fiction","","volwassenen","roman","ZEKER","AI_KENNIS_HERBEOORDEELD","Recente, reeds verschenen titel die de selectie actueel en veelzijdig houdt.","https://openlibrary.org/works/OL34059667W | https://lumisco.re/book/971","2026-09-30","971","aanwezig","Open Library Work: OL34059667W; ISBN-13: 9780593422946","niet gevonden","P3","Redactionele AI-indeling; geen HIGH-evidence of menselijke beoordeling. Aanvullende genres opnieuw inhoudelijk afgewogen; uitsluitend canonieke genres, doelgroep en werkvorm blijven afzonderlijk."
"LS1000-0292","The Help","Kathryn Stockett","2009","Historische fictie","Historical Fiction","","volwassenen","roman","WAARSCHIJNLIJK","AI_KENNIS_HERBEOORDEELD","Blijvende publieksfavoriet en herkenbaar ijkpunt binnen het genre.","https://openlibrary.org/works/OL11999891W | https://lumisco.re/book/370","2026-09-30","370","aanwezig","Open Library Work: OL11999891W; ISBN-13: 9780399155345","bevestigd","P3","Redactionele AI-indeling; geen HIGH-evidence of menselijke beoordeling. Aanvullende genres opnieuw inhoudelijk afgewogen; uitsluitend canonieke genres, doelgroep en werkvorm blijven afzonderlijk."
"LS1000-0293","The Jungle","Upton Sinclair","1906","Literaire & algemene fictie","Literary & General Fiction","","volwassenen","roman","WAARSCHIJNLIJK","AI_KENNIS_HERBEOORDEELD","Blijvende publieksfavoriet en herkenbaar ijkpunt binnen het genre.","https://openlibrary.org/works/OL114967W | https://lumisco.re/book/369","2026-09-30","369","aanwezig","Open Library Work: OL114967W; ISBN-13: 9781521933121","bevestigd","P3","Inhoudelijke AI-herbeoordeling van dit werk; geen auteur-/titelwoordregel. NL/EN verwijzen naar dezelfde categorie-ID. AI-bibliografische correctie: oorspronkelijke publicatie in plaats van onjuist bron-/editiejaar; geen wijziging bestaand databasejaar. Redactionele AI-indeling; geen HIGH-evidence of menselijke beoordeling. Aanvullende genres opnieuw inhoudelijk afgewogen; uitsluitend canonieke genres, doelgroep en werkvorm blijven afzonderlijk."
"LS1000-0294","The Kite Runner","Khaled Hosseini","2003","Historische fictie","Historical Fiction","","volwassenen","roman","WAARSCHIJNLIJK","AI_KENNIS_HERBEOORDEELD","Blijvende publieksfavoriet en herkenbaar ijkpunt binnen het genre.","https://openlibrary.org/works/OL5781992W | https://lumisco.re/book/327","2026-09-30","327","aanwezig","Open Library Work: OL5781992W; ISBN-13: 9781594480003","bevestigd","P3","Redactionele AI-indeling; geen HIGH-evidence of menselijke beoordeling. Aanvullende genres opnieuw inhoudelijk afgewogen; uitsluitend canonieke genres, doelgroep en werkvorm blijven afzonderlijk."
"LS1000-0295","The Pearl","John Steinbeck","1947","Literaire & algemene fictie","Literary & General Fiction","","volwassenen","roman","WAARSCHIJNLIJK","AI_KENNIS_HERBEOORDEELD","Blijvende publieksfavoriet en herkenbaar ijkpunt binnen het genre.","https://openlibrary.org/works/OL7966118W | https://lumisco.re/book/347","2026-09-30","347","aanwezig","Open Library Work: OL7966118W; ISBN-13: 9780330026024","bevestigd","P3","Inhoudelijke AI-herbeoordeling van dit werk; geen auteur-/titelwoordregel. NL/EN verwijzen naar dezelfde categorie-ID. AI-bibliografische correctie: oorspronkelijke publicatie in plaats van onjuist bron-/editiejaar; geen wijziging bestaand databasejaar. Redactionele AI-indeling; geen HIGH-evidence of menselijke beoordeling. Aanvullende genres opnieuw inhoudelijk afgewogen; uitsluitend canonieke genres, doelgroep en werkvorm blijven afzonderlijk."
"LS1000-0296","The pioneers","James Fenimore Cooper","1823","Historische fictie","Historical Fiction","","volwassenen","roman","WAARSCHIJNLIJK","AI_KENNIS_HERBEOORDEELD","Veeluitgegeven misdaad- of thrillerwerk dat nog in de LumiScore-catalogus ontbreekt.","https://openlibrary.org/works/OL77997W | https://openlibrary.org/subjects/thriller","2026-09-30","","ontbreekt","Open Library Work: OL77997W; ISBN-13: 9798538469239","niet gevonden","P2","Redactionele AI-indeling; geen HIGH-evidence of menselijke beoordeling. Aanvullende genres opnieuw inhoudelijk afgewogen; uitsluitend canonieke genres, doelgroep en werkvorm blijven afzonderlijk."
"LS1000-0297","The Remains of the Day","Kazuo Ishiguro","1989","Historische fictie","Historical Fiction","","volwassenen","roman","WAARSCHIJNLIJK","AI_KENNIS_HERBEOORDEELD","Bekroonde literaire titel die de internationale kernselectie versterkt.","https://openlibrary.org/works/OL59048W | https://thebookerprizes.com/the-booker-library/features/full-list-of-booker-prize-winners-shortlisted-and-longlisted-authors | https://lumisco.re/book/348","2026-09-30","348","aanwezig","Open Library Work: OL59048W; ISBN-13: 9780571249350","niet gevonden","P3","Redactionele AI-indeling; geen HIGH-evidence of menselijke beoordeling. Aanvullende genres opnieuw inhoudelijk afgewogen; uitsluitend canonieke genres, doelgroep en werkvorm blijven afzonderlijk."
"LS1000-0298","The Scarlet Letter","Nathaniel Hawthorne","1850","Historische fictie","Historical Fiction","","volwassenen","roman","WAARSCHIJNLIJK","AI_KENNIS_HERBEOORDEELD","Blijvende publieksfavoriet en herkenbaar ijkpunt binnen het genre.","https://openlibrary.org/works/OL455305W | https://lumisco.re/book/315","2026-09-30","315","aanwezig","Open Library Work: OL455305W; ISBN-13: 9798525080881","bevestigd","P3","Oorspronkelijke notitie (niet overgenomen als regel): Publicatiejaar verschilt tussen de kandidaatbron (1850) en Open Library (1800); Open Library-jaar gebruikt. AI-bibliografische correctie: oorspronkelijke publicatie in plaats van onjuist bron-/editiejaar; geen wijziging bestaand databasejaar. Redactionele AI-indeling; geen HIGH-evidence of menselijke beoordeling. Aanvullende genres opnieuw inhoudelijk afgewogen; uitsluitend canonieke genres, doelgroep en werkvorm blijven afzonderlijk."
"LS1000-0299","The Sun Also Rises","Ernest Hemingway","1926","Literaire & algemene fictie","Literary & General Fiction","","volwassenen","roman","WAARSCHIJNLIJK","AI_KENNIS_HERBEOORDEELD","Blijvende publieksfavoriet en herkenbaar ijkpunt binnen het genre.","https://openlibrary.org/works/OL62979W | https://lumisco.re/book/349","2026-09-30","349","aanwezig","Open Library Work: OL62979W; ISBN-13: 9780684718088","niet gevonden","P3","Inhoudelijke AI-herbeoordeling van dit werk; geen auteur-/titelwoordregel. NL/EN verwijzen naar dezelfde categorie-ID. Redactionele AI-indeling; geen HIGH-evidence of menselijke beoordeling. Aanvullende genres opnieuw inhoudelijk afgewogen; uitsluitend canonieke genres, doelgroep en werkvorm blijven afzonderlijk."
"LS1000-0300","The Vanishing Half","Brit Bennett","2020","Historische fictie","Historical Fiction","","volwassenen","roman","ZEKER","AI_KENNIS_HERBEOORDEELD","Recente, reeds verschenen titel die de selectie actueel en veelzijdig houdt.","https://openlibrary.org/works/OL20799434W | https://lumisco.re/book/936","2026-09-30","936","aanwezig","Open Library Work: OL20799434W; ISBN-13: 9780525536291","niet gevonden","P3","Redactionele AI-indeling; geen HIGH-evidence of menselijke beoordeling. Aanvullende genres opnieuw inhoudelijk afgewogen; uitsluitend canonieke genres, doelgroep en werkvorm blijven afzonderlijk."
"LS1000-0301","Their Eyes Were Watching God","Zora Neale Hurston","1937","Literaire & algemene fictie","Literary & General Fiction","","volwassenen","roman","WAARSCHIJNLIJK","AI_KENNIS_HERBEOORDEELD","Blijvende publieksfavoriet en herkenbaar ijkpunt binnen het genre.","https://openlibrary.org/works/OL27778127W | https://lumisco.re/book/359","2026-09-30","359","aanwezig","Open Library Work: OL27778127W; ISBN-13: 9780060916503","niet gevonden","P3","Inhoudelijke AI-herbeoordeling van dit werk; geen auteur-/titelwoordregel. NL/EN verwijzen naar dezelfde categorie-ID. Redactionele AI-indeling; geen HIGH-evidence of menselijke beoordeling. Aanvullende genres opnieuw inhoudelijk afgewogen; uitsluitend canonieke genres, doelgroep en werkvorm blijven afzonderlijk."
"LS1000-0302","Things Fall Apart","Chinua Achebe","1958","Historische fictie","Historical Fiction","","volwassenen","roman","WAARSCHIJNLIJK","AI_KENNIS_HERBEOORDEELD","Blijvende klassieker; de openbare lezersplank is alleen als aanvullend signaal gebruikt.","https://openlibrary.org/works/OL891786W | https://www.goodreads.com/shelf/show/top-250 | https://lumisco.re/book/330","2026-09-30","330","aanwezig","Open Library Work: OL891786W; ISBN-13: 9780385489386","bevestigd","P3","Redactionele AI-indeling; geen HIGH-evidence of menselijke beoordeling. Aanvullende genres opnieuw inhoudelijk afgewogen; uitsluitend canonieke genres, doelgroep en werkvorm blijven afzonderlijk."
"LS1000-0303","Ulysses","James Joyce","1922","Literaire & algemene fictie","Literary & General Fiction","","volwassenen","roman","WAARSCHIJNLIJK","AI_KENNIS_HERBEOORDEELD","Blijvende klassieker; de openbare lezersplank is alleen als aanvullend signaal gebruikt.","https://openlibrary.org/works/OL86318W | https://www.goodreads.com/shelf/show/top-250 | https://lumisco.re/book/366","2026-09-30","366","aanwezig","Open Library Work: OL86318W; ISBN-13: 9798558447828","bevestigd","P3","Inhoudelijke AI-herbeoordeling van dit werk; geen auteur-/titelwoordregel. NL/EN verwijzen naar dezelfde categorie-ID. AI-bibliografische correctie: oorspronkelijke publicatie in plaats van onjuist bron-/editiejaar; geen wijziging bestaand databasejaar. Redactionele AI-indeling; geen HIGH-evidence of menselijke beoordeling. Aanvullende genres opnieuw inhoudelijk afgewogen; uitsluitend canonieke genres, doelgroep en werkvorm blijven afzonderlijk."
"LS1000-0304","11/22/63","Stephen King","2011","Sciencefiction","Science Fiction","Historische fictie","volwassenen","roman","ZEKER","AI_KENNIS_HERBEOORDEELD","Blijvende publieksfavoriet en herkenbaar ijkpunt binnen het genre.","https://openlibrary.org/works/OL16002468W | https://lumisco.re/book/147","2026-09-30","147","aanwezig","Open Library Work: OL16002468W; ISBN-13: 9781451627282","bevestigd","P3","Inhoudelijke AI-herbeoordeling van dit werk; geen auteur-/titelwoordregel. NL/EN verwijzen naar dezelfde categorie-ID. Redactionele AI-indeling; geen HIGH-evidence of menselijke beoordeling. Aanvullende genres opnieuw inhoudelijk afgewogen; uitsluitend canonieke genres, doelgroep en werkvorm blijven afzonderlijk."
"LS1000-0305","A Christmas Carol","Charles Dickens","1843","Fantasy","Fantasy","","volwassenen","roman","ZEKER","AI_KENNIS_HERBEOORDEELD","Blijvende publieksfavoriet en herkenbaar ijkpunt binnen het genre.","https://openlibrary.org/works/OL32466W | https://lumisco.re/book/186","2026-09-30","186","aanwezig","Open Library Work: OL32466W; ISBN-13: 9798628909973","bevestigd","P3","Inhoudelijke AI-herbeoordeling van dit werk; geen auteur-/titelwoordregel. NL/EN verwijzen naar dezelfde categorie-ID. Redactionele AI-indeling; geen HIGH-evidence of menselijke beoordeling. Aanvullende genres opnieuw inhoudelijk afgewogen; uitsluitend canonieke genres, doelgroep en werkvorm blijven afzonderlijk."
"LS1000-0306","Annihilation","Jeff VanderMeer","2014","Horror","Horror","Sciencefiction","volwassenen","roman","ZEKER","AI_KENNIS_HERBEOORDEELD","Blijvende publieksfavoriet en herkenbaar ijkpunt binnen het genre.","https://openlibrary.org/works/OL17268007W | https://lumisco.re/book/139","2026-09-30","139","aanwezig","Open Library Work: OL17268007W; ISBN-13: 9780374104092","niet gevonden","P3","Redactionele AI-indeling; geen HIGH-evidence of menselijke beoordeling. Aanvullende genres opnieuw inhoudelijk afgewogen; uitsluitend canonieke genres, doelgroep en werkvorm blijven afzonderlijk."
"LS1000-0307","Breaking Dawn","Stephenie Meyer","2008","Romantiek","Romance","","volwassenen","roman","ZEKER","AI_KENNIS_HERBEOORDEELD","Blijvende publieksfavoriet en herkenbaar ijkpunt binnen het genre.","https://openlibrary.org/works/OL5720022W | https://lumisco.re/book/214","2026-09-30","214","aanwezig","Open Library Work: OL5720022W; ISBN-13: 9780316067928","bevestigd","P3","Inhoudelijke AI-herbeoordeling van dit werk; geen auteur-/titelwoordregel. NL/EN verwijzen naar dezelfde categorie-ID. Redactionele AI-indeling; geen HIGH-evidence of menselijke beoordeling. Aanvullende genres opnieuw inhoudelijk afgewogen; uitsluitend canonieke genres, doelgroep en werkvorm blijven afzonderlijk."
"LS1000-0308","Carmilla","Sheridan Le Fanu","1871","Horror","Horror","","volwassenen","roman","ZEKER","AI_KENNIS_HERBEOORDEELD","Blijvende publieksfavoriet en herkenbaar ijkpunt binnen het genre.","https://openlibrary.org/works/OL2895536W | https://lumisco.re/book/207","2026-09-30","207","aanwezig","Open Library Work: OL2895536W; ISBN-13: 9781522085027","niet gevonden","P3","Redactionele AI-indeling; geen HIGH-evidence of menselijke beoordeling. Aanvullende genres opnieuw inhoudelijk afgewogen; uitsluitend canonieke genres, doelgroep en werkvorm blijven afzonderlijk."
"LS1000-0309","Cell","Stephen King","2006","Horror","Horror","","volwassenen","roman","ZEKER","AI_KENNIS_HERBEOORDEELD","Blijvende publieksfavoriet en herkenbaar ijkpunt binnen het genre.","https://openlibrary.org/works/OL81597W | https://lumisco.re/book/153","2026-09-30","153","aanwezig","Open Library Work: OL81597W; ISBN-13: 9780340921456","niet gevonden","P3","Redactionele AI-indeling; geen HIGH-evidence of menselijke beoordeling. Aanvullende genres opnieuw inhoudelijk afgewogen; uitsluitend canonieke genres, doelgroep en werkvorm blijven afzonderlijk."
"LS1000-0310","City of Bones","Cassandra Clare","2007","Fantasy","Fantasy","","volwassenen","roman","ZEKER","AI_KENNIS_HERBEOORDEELD","Blijvende publieksfavoriet en herkenbaar ijkpunt binnen het genre.","https://openlibrary.org/works/OL8455255W | https://lumisco.re/book/211","2026-09-30","211","aanwezig","Open Library Work: OL8455255W; ISBN-13: 9781410409584","niet gevonden","P3","Inhoudelijke AI-herbeoordeling van dit werk; geen auteur-/titelwoordregel. NL/EN verwijzen naar dezelfde categorie-ID. Redactionele AI-indeling; geen HIGH-evidence of menselijke beoordeling. Aanvullende genres opnieuw inhoudelijk afgewogen; uitsluitend canonieke genres, doelgroep en werkvorm blijven afzonderlijk."
"LS1000-0311","Coraline","Neil Gaiman","2002","Horror","Horror","","volwassenen","roman","ZEKER","AI_KENNIS_HERBEOORDEELD","Blijvende publieksfavoriet en herkenbaar ijkpunt binnen het genre.","https://openlibrary.org/works/OL679358W | https://lumisco.re/book/181","2026-09-30","181","aanwezig","Open Library Work: OL679358W; ISBN-13: 9781417628476","niet gevonden","P3","AI-bibliografische correctie: oorspronkelijke publicatie in plaats van onjuist bron-/editiejaar; geen wijziging bestaand databasejaar. Redactionele AI-indeling; geen HIGH-evidence of menselijke beoordeling. Aanvullende genres opnieuw inhoudelijk afgewogen; uitsluitend canonieke genres, doelgroep en werkvorm blijven afzonderlijk."
"LS1000-0312","Darkest Hour","V.C. Andrews","1993","Horror","Horror","","volwassenen","roman","ZEKER","AI_KENNIS_HERBEOORDEELD","Blijvende publieksfavoriet en herkenbaar ijkpunt binnen het genre.","https://openlibrary.org/works/OL134879W | https://lumisco.re/book/983","2026-09-30","983","aanwezig","Open Library Work: OL134879W; ISBN-13: 9780671718411","bevestigd","P3","Redactionele AI-indeling; geen HIGH-evidence of menselijke beoordeling. Aanvullende genres opnieuw inhoudelijk afgewogen; uitsluitend canonieke genres, doelgroep en werkvorm blijven afzonderlijk."
"LS1000-0313","Dead Until Dark","Charlaine Harris","2001","Romantiek","Romance","","volwassenen","roman","ZEKER","AI_KENNIS_HERBEOORDEELD","Blijvende publieksfavoriet en herkenbaar ijkpunt binnen het genre.","https://openlibrary.org/works/OL82374W | https://lumisco.re/book/174","2026-09-30","174","aanwezig","Open Library Work: OL82374W; ISBN-13: 9780441015979","niet gevonden","P3","Inhoudelijke AI-herbeoordeling van dit werk; geen auteur-/titelwoordregel. NL/EN verwijzen naar dezelfde categorie-ID. Redactionele AI-indeling; geen HIGH-evidence of menselijke beoordeling. Aanvullende genres opnieuw inhoudelijk afgewogen; uitsluitend canonieke genres, doelgroep en werkvorm blijven afzonderlijk."
"LS1000-0314","Dracula","Bram Stoker","1897","Horror","Horror","","volwassenen","roman","ZEKER","AI_KENNIS_HERBEOORDEELD","Blijvende publieksfavoriet en herkenbaar ijkpunt binnen het genre.","https://openlibrary.org/works/OL85892W | https://lumisco.re/book/127","2026-09-30","127","aanwezig","Open Library Work: OL85892W; ISBN-13: 9781976484445","bevestigd","P3","Redactionele AI-indeling; geen HIGH-evidence of menselijke beoordeling. Aanvullende genres opnieuw inhoudelijk afgewogen; uitsluitend canonieke genres, doelgroep en werkvorm blijven afzonderlijk."
"LS1000-0315","Dracula's Guest and Other Weird Stories","Bram Stoker","1914","Horror","Horror","","volwassenen","verhalenbundel","WAARSCHIJNLIJK","AI_KENNIS_HERBEOORDEELD","Veeluitgegeven internationaal werk dat de redactionele breedte van de catalogus vergroot.","https://openlibrary.org/works/OL85889W | https://openlibrary.org/subjects/horror","2026-09-30","","ontbreekt","Open Library Work: OL85889W; ISBN-13: 9781975675004","niet gevonden","P2","Redactionele AI-indeling; geen HIGH-evidence of menselijke beoordeling. Aanvullende genres opnieuw inhoudelijk afgewogen; uitsluitend canonieke genres, doelgroep en werkvorm blijven afzonderlijk."
"LS1000-0316","Eaters of the Dead","Michael Crichton","1976","Horror","Horror","","volwassenen","roman","ZEKER","AI_KENNIS_HERBEOORDEELD","Blijvende publieksfavoriet en herkenbaar ijkpunt binnen het genre.","https://openlibrary.org/works/OL46873W | https://lumisco.re/book/282","2026-09-30","282","aanwezig","Open Library Work: OL46873W; ISBN-13: 9780345917270","bevestigd","P3","Redactionele AI-indeling; geen HIGH-evidence of menselijke beoordeling. Aanvullende genres opnieuw inhoudelijk afgewogen; uitsluitend canonieke genres, doelgroep en werkvorm blijven afzonderlijk."
"LS1000-0317","Echo","Thomas Olde Heuvelt","2019","Horror","Horror","","volwassenen","roman","ZEKER","AI_KENNIS_HERBEOORDEELD","Nederlandstalige of Vlaamse kernselectie met blijvende lees- en ontdekkingswaarde.","https://openlibrary.org/works/OL25444278W | https://lumisco.re/book/1213","2026-09-30","1213","aanwezig","Open Library Work: OL25444278W; ISBN-13: 9781250759559","niet gevonden","P3","Redactionele AI-indeling; geen HIGH-evidence of menselijke beoordeling. Aanvullende genres opnieuw inhoudelijk afgewogen; uitsluitend canonieke genres, doelgroep en werkvorm blijven afzonderlijk."
"LS1000-0318","Eclipse","Stephenie Meyer","2007","Romantiek","Romance","","jeugd","roman","ZEKER","AI_KENNIS_HERBEOORDEELD","Bekende jeugd- of YA-titel met blijvende ontdekkingswaarde.","https://openlibrary.org/works/OL5720025W | https://lumisco.re/book/473","2026-09-30","473","aanwezig","Open Library Work: OL5720025W; ISBN-13: 9780316160209","bevestigd","P3","Inhoudelijke AI-herbeoordeling van dit werk; geen auteur-/titelwoordregel. NL/EN verwijzen naar dezelfde categorie-ID. AI-bibliografische correctie: oorspronkelijke publicatie in plaats van onjuist bron-/editiejaar; geen wijziging bestaand databasejaar. Redactionele AI-indeling; geen HIGH-evidence of menselijke beoordeling. Aanvullende genres opnieuw inhoudelijk afgewogen; uitsluitend canonieke genres, doelgroep en werkvorm blijven afzonderlijk."
"LS1000-0319","Everything's Eventual. 14 Dark Tales","Stephen King","2002","Horror","Horror","","volwassenen","verhalenbundel","ZEKER","AI_KENNIS_HERBEOORDEELD","Blijvende publieksfavoriet en herkenbaar ijkpunt binnen het genre.","https://openlibrary.org/works/OL81584W | https://lumisco.re/book/170","2026-09-30","170","aanwezig","Open Library Work: OL81584W; ISBN-13: 9780743457354","bevestigd","P3","Redactionele AI-indeling; geen HIGH-evidence of menselijke beoordeling. Aanvullende genres opnieuw inhoudelijk afgewogen; uitsluitend canonieke genres, doelgroep en werkvorm blijven afzonderlijk."
"LS1000-0320","Fahrenheit 451","Ray Bradbury","1953","Sciencefiction","Science Fiction","","volwassenen","roman","ZEKER","AI_KENNIS_HERBEOORDEELD","Blijvende publieksfavoriet en herkenbaar ijkpunt binnen het genre.","https://openlibrary.org/works/OL103123W | https://lumisco.re/book/16","2026-09-30","16","aanwezig","Open Library Work: OL103123W; ISBN-13: 9781607511663","bevestigd","P3","Inhoudelijke AI-herbeoordeling van dit werk; geen auteur-/titelwoordregel. NL/EN verwijzen naar dezelfde categorie-ID. Redactionele AI-indeling; geen HIGH-evidence of menselijke beoordeling. Aanvullende genres opnieuw inhoudelijk afgewogen; uitsluitend canonieke genres, doelgroep en werkvorm blijven afzonderlijk."
"LS1000-0321","Frankenstein","Mary Shelley","1818","Horror","Horror","Sciencefiction","volwassenen","roman","ZEKER","AI_KENNIS_HERBEOORDEELD","Blijvende publieksfavoriet en herkenbaar ijkpunt binnen het genre.","https://openlibrary.org/works/OL450063W | https://lumisco.re/book/14","2026-09-30","14","aanwezig","Open Library Work: OL450063W; ISBN-13: 9788415089452","bevestigd","P3","Redactionele AI-indeling; geen HIGH-evidence of menselijke beoordeling. Aanvullende genres opnieuw inhoudelijk afgewogen; uitsluitend canonieke genres, doelgroep en werkvorm blijven afzonderlijk."
"LS1000-0322","Harrow the Ninth","Tamsyn Muir","2020","Fantasy","Fantasy","Sciencefiction","volwassenen","roman","ZEKER","AI_KENNIS_HERBEOORDEELD","Recente, reeds verschenen titel die de selectie actueel en veelzijdig houdt.","https://openlibrary.org/works/OL20723256W | https://lumisco.re/book/239","2026-09-30","239","aanwezig","Open Library Work: OL20723256W; ISBN-13: 9781250313225","niet gevonden","P3","Inhoudelijke AI-herbeoordeling van dit werk; geen auteur-/titelwoordregel. NL/EN verwijzen naar dezelfde categorie-ID. Redactionele AI-indeling; geen HIGH-evidence of menselijke beoordeling. Aanvullende genres opnieuw inhoudelijk afgewogen; uitsluitend canonieke genres, doelgroep en werkvorm blijven afzonderlijk."
"LS1000-0323","Harry Potter and the Philosopher's Stone","J. K. Rowling","1997","Fantasy","Fantasy","","jeugd","roman","ZEKER","AI_KENNIS + GERICHTE_BRONCONTROLE","Bekende jeugd- of YA-titel met blijvende ontdekkingswaarde.","https://openlibrary.org/works/OL82563W | https://lumisco.re/book/93 | https://www.bloomsbury.com/uk/harry-potter-and-the-philosophers-stone-9781408865279/","2026-09-30","93","aanwezig","Open Library Work: OL82563W; ISBN-13: 9780747573609","bevestigd","P3","Inhoudelijke AI-herbeoordeling van dit werk; geen auteur-/titelwoordregel. NL/EN verwijzen naar dezelfde categorie-ID. Redactionele AI-indeling; geen HIGH-evidence of menselijke beoordeling. Aanvullende genres opnieuw inhoudelijk afgewogen; uitsluitend canonieke genres, doelgroep en werkvorm blijven afzonderlijk. Toverwereld en jeugd-fantasy, geen primaire horror."
"LS1000-0324","HEX","Thomas Olde Heuvelt","2013","Horror","Horror","","volwassenen","roman","ZEKER","AI_KENNIS_HERBEOORDEELD","Nederlandstalige of Vlaamse kernselectie met blijvende lees- en ontdekkingswaarde.","https://openlibrary.org/works/OL20027994W | https://lumisco.re/book/1212","2026-09-30","1212","aanwezig","Open Library Work: OL20027994W; ISBN-13: 9781466864580","niet gevonden","P3","AI-bibliografische correctie: oorspronkelijke publicatie in plaats van onjuist bron-/editiejaar; geen wijziging bestaand databasejaar. Redactionele AI-indeling; geen HIGH-evidence of menselijke beoordeling. Aanvullende genres opnieuw inhoudelijk afgewogen; uitsluitend canonieke genres, doelgroep en werkvorm blijven afzonderlijk."
"LS1000-0325","Hidden Jewel","V.C. Andrews","1995","Horror","Horror","","volwassenen","roman","ZEKER","AI_KENNIS_HERBEOORDEELD","Blijvende publieksfavoriet en herkenbaar ijkpunt binnen het genre.","https://openlibrary.org/works/OL134872W | https://lumisco.re/book/1002","2026-09-30","1002","aanwezig","Open Library Work: OL134872W; ISBN-13: 9781847390967","bevestigd","P3","Redactionele AI-indeling; geen HIGH-evidence of menselijke beoordeling. Aanvullende genres opnieuw inhoudelijk afgewogen; uitsluitend canonieke genres, doelgroep en werkvorm blijven afzonderlijk."
"LS1000-0326","Jane Eyre","Charlotte Brontë","1847","Literaire & algemene fictie","Literary & General Fiction","","volwassenen","roman","WAARSCHIJNLIJK","AI_KENNIS_HERBEOORDEELD","Blijvende klassieker; de openbare lezersplank is alleen als aanvullend signaal gebruikt.","https://openlibrary.org/works/OL1095427W | https://www.goodreads.com/shelf/show/top-250 | https://lumisco.re/book/33","2026-09-30","33","aanwezig","Open Library Work: OL1095427W; ISBN-13: 9780140066272","niet gevonden","P3","Inhoudelijke AI-herbeoordeling van dit werk; geen auteur-/titelwoordregel. NL/EN verwijzen naar dezelfde categorie-ID. Redactionele AI-indeling; geen HIGH-evidence of menselijke beoordeling. Aanvullende genres opnieuw inhoudelijk afgewogen; uitsluitend canonieke genres, doelgroep en werkvorm blijven afzonderlijk."
"LS1000-0327","New Moon","Stephenie Meyer","2006","Romantiek","Romance","","volwassenen","roman","ZEKER","AI_KENNIS_HERBEOORDEELD","Blijvende publieksfavoriet en herkenbaar ijkpunt binnen het genre.","https://openlibrary.org/works/OL5720027W | https://lumisco.re/book/201","2026-09-30","201","aanwezig","Open Library Work: OL5720027W; ISBN-13: 9780316024969","niet gevonden","P3","Inhoudelijke AI-herbeoordeling van dit werk; geen auteur-/titelwoordregel. NL/EN verwijzen naar dezelfde categorie-ID. Redactionele AI-indeling; geen HIGH-evidence of menselijke beoordeling. Aanvullende genres opnieuw inhoudelijk afgewogen; uitsluitend canonieke genres, doelgroep en werkvorm blijven afzonderlijk."
"LS1000-0328","Nona the Ninth","Tamsyn Muir","2022","Fantasy","Fantasy","Sciencefiction","volwassenen","roman","ZEKER","AI_KENNIS_HERBEOORDEELD","Recente, reeds verschenen titel die de selectie actueel en veelzijdig houdt.","https://openlibrary.org/works/OL26426935W | https://lumisco.re/book/293","2026-09-30","293","aanwezig","Open Library Work: OL26426935W; ISBN-13: 9781250854117","niet gevonden","P3","Inhoudelijke AI-herbeoordeling van dit werk; geen auteur-/titelwoordregel. NL/EN verwijzen naar dezelfde categorie-ID. Redactionele AI-indeling; geen HIGH-evidence of menselijke beoordeling. Aanvullende genres opnieuw inhoudelijk afgewogen; uitsluitend canonieke genres, doelgroep en werkvorm blijven afzonderlijk."
"LS1000-0329","Northern Lights","Philip Pullman","1995","Fantasy","Fantasy","","volwassenen","roman","ZEKER","AI_KENNIS_HERBEOORDEELD","Blijvende publieksfavoriet en herkenbaar ijkpunt binnen het genre.","https://openlibrary.org/works/OL28988W | https://lumisco.re/book/146","2026-09-30","146","aanwezig","Open Library Work: OL28988W; ISBN-13: 9780606298872","niet gevonden","P3","Inhoudelijke AI-herbeoordeling van dit werk; geen auteur-/titelwoordregel. NL/EN verwijzen naar dezelfde categorie-ID. Redactionele AI-indeling; geen HIGH-evidence of menselijke beoordeling. Aanvullende genres opnieuw inhoudelijk afgewogen; uitsluitend canonieke genres, doelgroep en werkvorm blijven afzonderlijk."
"LS1000-0330","November","Thomas Olde Heuvelt","2022","Horror","Horror","","volwassenen","roman","ZEKER","AI_KENNIS_HERBEOORDEELD","Nederlandstalige of Vlaamse kernselectie met blijvende lees- en ontdekkingswaarde.","https://openlibrary.org/works/OL34958609W | https://lumisco.re/book/1258","2026-09-30","1258","aanwezig","Open Library Work: OL34958609W; ISBN-13: 9789022591116","niet onderzocht","P3","Redactionele AI-indeling; geen HIGH-evidence of menselijke beoordeling. Aanvullende genres opnieuw inhoudelijk afgewogen; uitsluitend canonieke genres, doelgroep en werkvorm blijven afzonderlijk."
"LS1000-0331","Orakel","Thomas Olde Heuvelt","2021","Horror","Horror","","volwassenen","roman","ZEKER","AI_KENNIS_HERBEOORDEELD","Nederlandstalige of Vlaamse kernselectie met blijvende lees- en ontdekkingswaarde.","https://openlibrary.org/works/OL30337412W | https://lumisco.re/book/1214","2026-09-30","1214","aanwezig","Open Library Work: OL30337412W; ISBN-13: 9789022591109","niet onderzocht","P3","Redactionele AI-indeling; geen HIGH-evidence of menselijke beoordeling. Aanvullende genres opnieuw inhoudelijk afgewogen; uitsluitend canonieke genres, doelgroep en werkvorm blijven afzonderlijk."
"LS1000-0332","Rebecca","Daphne du Maurier","1938","Thrillers & spanning","Thrillers & Suspense","","volwassenen","roman","WAARSCHIJNLIJK","AI_KENNIS_HERBEOORDEELD","Blijvende klassieker; de openbare lezersplank is alleen als aanvullend signaal gebruikt.","https://openlibrary.org/works/OL36633W | https://www.goodreads.com/shelf/show/top-250 | https://lumisco.re/book/422","2026-09-30","422","aanwezig","Open Library Work: OL36633W; ISBN-13: 9781569383162","niet gevonden","P3","Inhoudelijke AI-herbeoordeling van dit werk; geen auteur-/titelwoordregel. NL/EN verwijzen naar dezelfde categorie-ID. Redactionele AI-indeling; geen HIGH-evidence of menselijke beoordeling. Aanvullende genres opnieuw inhoudelijk afgewogen; uitsluitend canonieke genres, doelgroep en werkvorm blijven afzonderlijk."
"LS1000-0333","Small Gods","Terry Pratchett","1992","Fantasy","Fantasy","","volwassenen","roman","ZEKER","AI_KENNIS_HERBEOORDEELD","Blijvende publieksfavoriet en herkenbaar ijkpunt binnen het genre.","https://openlibrary.org/works/OL453697W | https://lumisco.re/book/301","2026-09-30","301","aanwezig","Open Library Work: OL453697W; ISBN-13: 9780061440724","niet gevonden","P3","Inhoudelijke AI-herbeoordeling van dit werk; geen auteur-/titelwoordregel. NL/EN verwijzen naar dezelfde categorie-ID. Redactionele AI-indeling; geen HIGH-evidence of menselijke beoordeling. Aanvullende genres opnieuw inhoudelijk afgewogen; uitsluitend canonieke genres, doelgroep en werkvorm blijven afzonderlijk."
"LS1000-0334","Something Wicked This Way Comes","Ray Bradbury","1962","Horror","Horror","","volwassenen","roman","ZEKER","AI_KENNIS_HERBEOORDEELD","Blijvende publieksfavoriet en herkenbaar ijkpunt binnen het genre.","https://openlibrary.org/works/OL103194W | https://lumisco.re/book/195","2026-09-30","195","aanwezig","Open Library Work: OL103194W; ISBN-13: 9780246637628","niet gevonden","P3","Redactionele AI-indeling; geen HIGH-evidence of menselijke beoordeling. Aanvullende genres opnieuw inhoudelijk afgewogen; uitsluitend canonieke genres, doelgroep en werkvorm blijven afzonderlijk."
"LS1000-0335","Song of Susannah","Stephen King","2004","Fantasy","Fantasy","","volwassenen","roman","ZEKER","AI_KENNIS_HERBEOORDEELD","Blijvende publieksfavoriet en herkenbaar ijkpunt binnen het genre.","https://openlibrary.org/works/OL149200W | https://lumisco.re/book/152","2026-09-30","152","aanwezig","Open Library Work: OL149200W; ISBN-13: 9780340827192","bevestigd","P3","Inhoudelijke AI-herbeoordeling van dit werk; geen auteur-/titelwoordregel. NL/EN verwijzen naar dezelfde categorie-ID. AI-bibliografische correctie: oorspronkelijke publicatie in plaats van onjuist bron-/editiejaar; geen wijziging bestaand databasejaar. Redactionele AI-indeling; geen HIGH-evidence of menselijke beoordeling. Aanvullende genres opnieuw inhoudelijk afgewogen; uitsluitend canonieke genres, doelgroep en werkvorm blijven afzonderlijk."
"LS1000-0336","Tales of Terror and Mystery","Arthur Conan Doyle","1922","Horror","Horror","Detectives & misdaadfictie","volwassenen","verhalenbundel","WAARSCHIJNLIJK","AI_KENNIS_HERBEOORDEELD","Veeluitgegeven internationaal werk dat de redactionele breedte van de catalogus vergroot.","https://openlibrary.org/works/OL262586W | https://openlibrary.org/subjects/horror","2026-09-30","","ontbreekt","Open Library Work: OL262586W; ISBN-13: 9781419150579","niet gevonden","P2","Redactionele AI-indeling; geen HIGH-evidence of menselijke beoordeling. Aanvullende genres opnieuw inhoudelijk afgewogen; uitsluitend canonieke genres, doelgroep en werkvorm blijven afzonderlijk."
"LS1000-0337","The Amber Spyglass","Philip Pullman","2000","Fantasy","Fantasy","","volwassenen","roman","ZEKER","AI_KENNIS_HERBEOORDEELD","Blijvende publieksfavoriet en herkenbaar ijkpunt binnen het genre.","https://openlibrary.org/works/OL28996W | https://lumisco.re/book/228","2026-09-30","228","aanwezig","Open Library Work: OL28996W; ISBN-13: 9780606295437","niet gevonden","P3","Inhoudelijke AI-herbeoordeling van dit werk; geen auteur-/titelwoordregel. NL/EN verwijzen naar dezelfde categorie-ID. Redactionele AI-indeling; geen HIGH-evidence of menselijke beoordeling. Aanvullende genres opnieuw inhoudelijk afgewogen; uitsluitend canonieke genres, doelgroep en werkvorm blijven afzonderlijk."
"LS1000-0338","The Awakening","Lisa Jane Smith","1991","Romantiek","Romance","","volwassenen","roman","ZEKER","AI_KENNIS_HERBEOORDEELD","Blijvende publieksfavoriet en herkenbaar ijkpunt binnen het genre.","https://openlibrary.org/works/OL277730W | https://lumisco.re/book/235","2026-09-30","235","aanwezig","Open Library Work: OL277730W; ISBN-13: 9780061990755","niet gevonden","P3","Inhoudelijke AI-herbeoordeling van dit werk; geen auteur-/titelwoordregel. NL/EN verwijzen naar dezelfde categorie-ID. Redactionele AI-indeling; geen HIGH-evidence of menselijke beoordeling. Aanvullende genres opnieuw inhoudelijk afgewogen; uitsluitend canonieke genres, doelgroep en werkvorm blijven afzonderlijk."
"LS1000-0339","The Drawing of the Three","Stephen King","1987","Fantasy","Fantasy","","volwassenen","roman","ZEKER","AI_KENNIS_HERBEOORDEELD","Blijvende publieksfavoriet en herkenbaar ijkpunt binnen het genre.","https://openlibrary.org/works/OL81616W | https://lumisco.re/book/132","2026-09-30","132","aanwezig","Open Library Work: OL81616W; ISBN-13: 9780340707517","bevestigd","P3","Inhoudelijke AI-herbeoordeling van dit werk; geen auteur-/titelwoordregel. NL/EN verwijzen naar dezelfde categorie-ID. Redactionele AI-indeling; geen HIGH-evidence of menselijke beoordeling. Aanvullende genres opnieuw inhoudelijk afgewogen; uitsluitend canonieke genres, doelgroep en werkvorm blijven afzonderlijk."
"LS1000-0340","The Eyes of the Dragon","Stephen King","1984","Fantasy","Fantasy","","volwassenen","roman","WAARSCHIJNLIJK","AI_KENNIS + GERICHTE_BRONCONTROLE","Blijvende publieksfavoriet en herkenbaar ijkpunt binnen het genre.","https://openlibrary.org/works/OL81602W | https://lumisco.re/book/137 | https://stephenking.com/works/limited/eyes-of-the-dragon.html","2026-09-30","137","aanwezig","Open Library Work: OL81602W; ISBN-13: 9780816143764","niet gevonden","P3","Oorspronkelijke notitie (niet overgenomen als regel): Publicatiejaar verschilt tussen de kandidaatbron (1984) en Open Library (1959); Open Library-jaar gebruikt. Inhoudelijke AI-herbeoordeling van dit werk; geen auteur-/titelwoordregel. NL/EN verwijzen naar dezelfde categorie-ID. AI-bibliografische correctie: oorspronkelijke publicatie in plaats van onjuist bron-/editiejaar; geen wijziging bestaand databasejaar. Redactionele AI-indeling; geen HIGH-evidence of menselijke beoordeling. Aanvullende genres opnieuw inhoudelijk afgewogen; uitsluitend canonieke genres, doelgroep en werkvorm blijven afzonderlijk. Beperkte eerste uitgave 1984."
"LS1000-0341","The Fall of the House of Usher","Edgar Allan Poe","1839","Horror","Horror","","volwassenen","kort verhaal","WAARSCHIJNLIJK","AI_KENNIS_HERBEOORDEELD","Veeluitgegeven internationaal werk dat de redactionele breedte van de catalogus vergroot.","https://openlibrary.org/works/OL41078W | https://openlibrary.org/subjects/horror","2026-09-30","","ontbreekt","Open Library Work: OL41078W; ISBN-13: 9781549626562","niet gevonden","P2","Redactionele AI-indeling; geen HIGH-evidence of menselijke beoordeling. Aanvullende genres opnieuw inhoudelijk afgewogen; uitsluitend canonieke genres, doelgroep en werkvorm blijven afzonderlijk."
"LS1000-0342","The Graveyard Book","Neil Gaiman","2008","Fantasy","Fantasy","","volwassenen","roman","ZEKER","AI_KENNIS_HERBEOORDEELD","Blijvende publieksfavoriet en herkenbaar ijkpunt binnen het genre.","https://openlibrary.org/works/OL679348W | https://lumisco.re/book/259","2026-09-30","259","aanwezig","Open Library Work: OL679348W; ISBN-13: 9780060530921","niet gevonden","P3","Inhoudelijke AI-herbeoordeling van dit werk; geen auteur-/titelwoordregel. NL/EN verwijzen naar dezelfde categorie-ID. Redactionele AI-indeling; geen HIGH-evidence of menselijke beoordeling. Aanvullende genres opnieuw inhoudelijk afgewogen; uitsluitend canonieke genres, doelgroep en werkvorm blijven afzonderlijk."
"LS1000-0343","The Hobbit","J. R. R. Tolkien","1937","Fantasy","Fantasy","","volwassenen","roman","ZEKER","AI_KENNIS + GERICHTE_BRONCONTROLE","Blijvende publieksfavoriet en herkenbaar ijkpunt binnen het genre.","https://openlibrary.org/works/OL27482W | https://lumisco.re/book/6 | https://www.harperreach.com/products/the-hobbit-j-r-r-tolkien-9780261103344/","2026-09-30","6","aanwezig","Open Library Work: OL27482W; ISBN-13: 9780606212342","bevestigd","P3","Inhoudelijke AI-herbeoordeling van dit werk; geen auteur-/titelwoordregel. NL/EN verwijzen naar dezelfde categorie-ID. Redactionele AI-indeling; geen HIGH-evidence of menselijke beoordeling. Aanvullende genres opnieuw inhoudelijk afgewogen; uitsluitend canonieke genres, doelgroep en werkvorm blijven afzonderlijk. Fantasy-avontuur."
"LS1000-0344","The Illustrated Man","Ray Bradbury","1951","Sciencefiction","Science Fiction","","volwassenen","roman","ZEKER","AI_KENNIS_HERBEOORDEELD","Blijvende publieksfavoriet en herkenbaar ijkpunt binnen het genre.","https://openlibrary.org/works/OL103128W | https://lumisco.re/book/268","2026-09-30","268","aanwezig","Open Library Work: OL103128W; ISBN-13: 9781613832677","bevestigd","P3","Inhoudelijke AI-herbeoordeling van dit werk; geen auteur-/titelwoordregel. NL/EN verwijzen naar dezelfde categorie-ID. Redactionele AI-indeling; geen HIGH-evidence of menselijke beoordeling. Aanvullende genres opnieuw inhoudelijk afgewogen; uitsluitend canonieke genres, doelgroep en werkvorm blijven afzonderlijk."
"LS1000-0345","The Island of Dr. Moreau","H. G. Wells","1896","Sciencefiction","Science Fiction","","volwassenen","roman","ZEKER","AI_KENNIS_HERBEOORDEELD","Blijvende publieksfavoriet en herkenbaar ijkpunt binnen het genre.","https://openlibrary.org/works/OL381550W | https://lumisco.re/book/238","2026-09-30","238","aanwezig","Open Library Work: OL381550W; ISBN-13: 9781405849999","niet gevonden","P3","Inhoudelijke AI-herbeoordeling van dit werk; geen auteur-/titelwoordregel. NL/EN verwijzen naar dezelfde categorie-ID. Redactionele AI-indeling; geen HIGH-evidence of menselijke beoordeling. Aanvullende genres opnieuw inhoudelijk afgewogen; uitsluitend canonieke genres, doelgroep en werkvorm blijven afzonderlijk."
"LS1000-0346","The Magician's Nephew","C. S. Lewis","1955","Fantasy","Fantasy","","volwassenen","roman","ZEKER","AI_KENNIS_HERBEOORDEELD","Blijvende publieksfavoriet en herkenbaar ijkpunt binnen het genre.","https://openlibrary.org/works/OL71042W | https://lumisco.re/book/148","2026-09-30","148","aanwezig","Open Library Work: OL71042W; ISBN-13: 9780606203081","niet gevonden","P3","Inhoudelijke AI-herbeoordeling van dit werk; geen auteur-/titelwoordregel. NL/EN verwijzen naar dezelfde categorie-ID. Redactionele AI-indeling; geen HIGH-evidence of menselijke beoordeling. Aanvullende genres opnieuw inhoudelijk afgewogen; uitsluitend canonieke genres, doelgroep en werkvorm blijven afzonderlijk."
"LS1000-0347","The Ocean at the End of the Lane","Neil Gaiman","2013","Fantasy","Fantasy","","volwassenen","roman","ZEKER","AI_KENNIS_HERBEOORDEELD","Blijvende publieksfavoriet en herkenbaar ijkpunt binnen het genre.","https://openlibrary.org/works/OL16804661W | https://lumisco.re/book/273","2026-09-30","273","aanwezig","Open Library Work: OL16804661W; ISBN-13: 9780062255655","niet gevonden","P3","Inhoudelijke AI-herbeoordeling van dit werk; geen auteur-/titelwoordregel. NL/EN verwijzen naar dezelfde categorie-ID. Redactionele AI-indeling; geen HIGH-evidence of menselijke beoordeling. Aanvullende genres opnieuw inhoudelijk afgewogen; uitsluitend canonieke genres, doelgroep en werkvorm blijven afzonderlijk."
"LS1000-0348","The Passage","Justin Cronin","2010","Horror","Horror","","volwassenen","roman","ZEKER","AI_KENNIS_HERBEOORDEELD","Blijvende publieksfavoriet en herkenbaar ijkpunt binnen het genre.","https://openlibrary.org/works/OL15168588W | https://lumisco.re/book/125","2026-09-30","125","aanwezig","Open Library Work: OL15168588W; ISBN-13: 9780345504968","bevestigd","P3","Redactionele AI-indeling; geen HIGH-evidence of menselijke beoordeling. Aanvullende genres opnieuw inhoudelijk afgewogen; uitsluitend canonieke genres, doelgroep en werkvorm blijven afzonderlijk."
"LS1000-0349","The Picture of Dorian Gray","Oscar Wilde","1890","Horror","Horror","Literaire & algemene fictie","volwassenen","roman","WAARSCHIJNLIJK","AI_KENNIS_HERBEOORDEELD","Blijvende publieksfavoriet en herkenbaar ijkpunt binnen het genre.","https://openlibrary.org/works/OL8193416W | https://lumisco.re/book/39","2026-09-30","39","aanwezig","Open Library Work: OL8193416W; ISBN-13: 9798650373346","bevestigd","P3","Redactionele AI-indeling; geen HIGH-evidence of menselijke beoordeling. Aanvullende genres opnieuw inhoudelijk afgewogen; uitsluitend canonieke genres, doelgroep en werkvorm blijven afzonderlijk."
"LS1000-0350","The Raven","Edgar Allan Poe","1845","Literaire & algemene fictie","Literary & General Fiction","","volwassenen","roman","ZEKER","AI_KENNIS_HERBEOORDEELD","Blijvende publieksfavoriet en herkenbaar ijkpunt binnen het genre.","https://openlibrary.org/works/OL41081W | https://lumisco.re/book/266","2026-09-30","266","aanwezig","Open Library Work: OL41081W; ISBN-13: 9781015504424","bevestigd","P3","Inhoudelijke AI-herbeoordeling van dit werk; geen auteur-/titelwoordregel. NL/EN verwijzen naar dezelfde categorie-ID. Redactionele AI-indeling; geen HIGH-evidence of menselijke beoordeling. Aanvullende genres opnieuw inhoudelijk afgewogen; uitsluitend canonieke genres, doelgroep en werkvorm blijven afzonderlijk."
"LS1000-0351","The Road","Cormac McCarthy","2006","Sciencefiction","Science Fiction","","volwassenen","roman","ZEKER","AI_KENNIS_HERBEOORDEELD","Blijvende publieksfavoriet en herkenbaar ijkpunt binnen het genre.","https://openlibrary.org/works/OL40873W | https://lumisco.re/book/103","2026-09-30","103","aanwezig","Open Library Work: OL40873W; ISBN-13: 9780307277923","niet gevonden","P3","Inhoudelijke AI-herbeoordeling van dit werk; geen auteur-/titelwoordregel. NL/EN verwijzen naar dezelfde categorie-ID. Redactionele AI-indeling; geen HIGH-evidence of menselijke beoordeling. Aanvullende genres opnieuw inhoudelijk afgewogen; uitsluitend canonieke genres, doelgroep en werkvorm blijven afzonderlijk."
"LS1000-0352","The Running Man","Stephen King","1982","Sciencefiction","Science Fiction","","volwassenen","roman","ZEKER","AI_KENNIS_HERBEOORDEELD","Blijvende publieksfavoriet en herkenbaar ijkpunt binnen het genre.","https://openlibrary.org/works/OL149188W | https://lumisco.re/book/176","2026-09-30","176","aanwezig","Open Library Work: OL149188W; ISBN-13: 9781429577083","bevestigd","P3","Inhoudelijke AI-herbeoordeling van dit werk; geen auteur-/titelwoordregel. NL/EN verwijzen naar dezelfde categorie-ID. Redactionele AI-indeling; geen HIGH-evidence of menselijke beoordeling. Aanvullende genres opnieuw inhoudelijk afgewogen; uitsluitend canonieke genres, doelgroep en werkvorm blijven afzonderlijk."
"LS1000-0353","The Silence of the Lambs","Thomas Harris","1988","Thrillers & spanning","Thrillers & Suspense","","volwassenen","roman","ZEKER","AI_KENNIS_HERBEOORDEELD","Herkenbare misdaad- of thrillertitel met brede publiekswaarde.","https://openlibrary.org/works/OL23481W | https://lumisco.re/book/51","2026-09-30","51","aanwezig","Open Library Work: OL23481W; ISBN-13: 9780312022822","bevestigd","P3","Inhoudelijke AI-herbeoordeling van dit werk; geen auteur-/titelwoordregel. NL/EN verwijzen naar dezelfde categorie-ID. Redactionele AI-indeling; geen HIGH-evidence of menselijke beoordeling. Aanvullende genres opnieuw inhoudelijk afgewogen; uitsluitend canonieke genres, doelgroep en werkvorm blijven afzonderlijk."
"LS1000-0354","The Stepford Wives","Ira Levin","1972","Horror","Horror","Sciencefiction","volwassenen","roman","ZEKER","AI_KENNIS_HERBEOORDEELD","Blijvende publieksfavoriet en herkenbaar ijkpunt binnen het genre.","https://openlibrary.org/works/OL28319W | https://lumisco.re/book/285","2026-09-30","285","aanwezig","Open Library Work: OL28319W; ISBN-13: 9780060738198","niet gevonden","P3","Redactionele AI-indeling; geen HIGH-evidence of menselijke beoordeling. Aanvullende genres opnieuw inhoudelijk afgewogen; uitsluitend canonieke genres, doelgroep en werkvorm blijven afzonderlijk."
"LS1000-0355","The Strange Case of Dr. Jekyll and Mr. Hyde","Robert Louis Stevenson","1886","Horror","Horror","","volwassenen","roman","ZEKER","AI_KENNIS_HERBEOORDEELD","Blijvende publieksfavoriet en herkenbaar ijkpunt binnen het genre.","https://openlibrary.org/works/OL24156W | https://lumisco.re/book/136","2026-09-30","136","aanwezig","Open Library Work: OL24156W; ISBN-13: 9781453067987","niet gevonden","P3","AI-bibliografische correctie: oorspronkelijke publicatie in plaats van onjuist bron-/editiejaar; geen wijziging bestaand databasejaar. Redactionele AI-indeling; geen HIGH-evidence of menselijke beoordeling. Aanvullende genres opnieuw inhoudelijk afgewogen; uitsluitend canonieke genres, doelgroep en werkvorm blijven afzonderlijk."
"LS1000-0356","The Struggle","Lisa Jane Smith","1991","Romantiek","Romance","","volwassenen","roman","ZEKER","AI_KENNIS_HERBEOORDEELD","Blijvende publieksfavoriet en herkenbaar ijkpunt binnen het genre.","https://openlibrary.org/works/OL277761W | https://lumisco.re/book/223","2026-09-30","223","aanwezig","Open Library Work: OL277761W; ISBN-13: 9780061963872","niet gevonden","P3","Inhoudelijke AI-herbeoordeling van dit werk; geen auteur-/titelwoordregel. NL/EN verwijzen naar dezelfde categorie-ID. Redactionele AI-indeling; geen HIGH-evidence of menselijke beoordeling. Aanvullende genres opnieuw inhoudelijk afgewogen; uitsluitend canonieke genres, doelgroep en werkvorm blijven afzonderlijk."
"LS1000-0357","The Subtle Knife","Philip Pullman","1997","Fantasy","Fantasy","","volwassenen","roman","ZEKER","AI_KENNIS_HERBEOORDEELD","Blijvende publieksfavoriet en herkenbaar ijkpunt binnen het genre.","https://openlibrary.org/works/OL28993W | https://lumisco.re/book/178","2026-09-30","178","aanwezig","Open Library Work: OL28993W; ISBN-13: 9780613722551","niet gevonden","P3","Inhoudelijke AI-herbeoordeling van dit werk; geen auteur-/titelwoordregel. NL/EN verwijzen naar dezelfde categorie-ID. Redactionele AI-indeling; geen HIGH-evidence of menselijke beoordeling. Aanvullende genres opnieuw inhoudelijk afgewogen; uitsluitend canonieke genres, doelgroep en werkvorm blijven afzonderlijk."
"LS1000-0358","The twelve","Justin Cronin","2012","Horror","Horror","","volwassenen","roman","ZEKER","AI_KENNIS_HERBEOORDEELD","Blijvende publieksfavoriet en herkenbaar ijkpunt binnen het genre.","https://openlibrary.org/works/OL16705382W | https://lumisco.re/book/289","2026-09-30","289","aanwezig","Open Library Work: OL16705382W; ISBN-13: 9780345504982","niet gevonden","P3","Redactionele AI-indeling; geen HIGH-evidence of menselijke beoordeling. Aanvullende genres opnieuw inhoudelijk afgewogen; uitsluitend canonieke genres, doelgroep en werkvorm blijven afzonderlijk."
"LS1000-0359","The Vampyre","John William Polidori","1819","Horror","Horror","","volwassenen","novelle","WAARSCHIJNLIJK","AI_KENNIS_HERBEOORDEELD","Veeluitgegeven internationaal werk dat de redactionele breedte van de catalogus vergroot.","https://openlibrary.org/works/OL3625242W | https://openlibrary.org/subjects/horror","2026-09-30","","ontbreekt","Open Library Work: OL3625242W; ISBN-13: 9781860920356","niet gevonden","P2","Redactionele AI-indeling; geen HIGH-evidence of menselijke beoordeling. Aanvullende genres opnieuw inhoudelijk afgewogen; uitsluitend canonieke genres, doelgroep en werkvorm blijven afzonderlijk."
"LS1000-0360","The White People","Arthur Machen","1904","Horror","Horror","","volwassenen","kort verhaal","WAARSCHIJNLIJK","AI_KENNIS_HERBEOORDEELD","Veeluitgegeven internationaal werk dat de redactionele breedte van de catalogus vergroot.","https://openlibrary.org/works/OL3388994W | https://openlibrary.org/subjects/horror","2026-09-30","","ontbreekt","Open Library Work: OL3388994W; ISBN-13: 9781975719258","niet gevonden","P2","Redactionele AI-indeling; geen HIGH-evidence of menselijke beoordeling. Aanvullende genres opnieuw inhoudelijk afgewogen; uitsluitend canonieke genres, doelgroep en werkvorm blijven afzonderlijk."
"LS1000-0361","The Witching Hour","Anne Rice","1990","Horror","Horror","","volwassenen","roman","ZEKER","AI_KENNIS_HERBEOORDEELD","Blijvende publieksfavoriet en herkenbaar ijkpunt binnen het genre.","https://openlibrary.org/works/OL77817W | https://lumisco.re/book/283","2026-09-30","283","aanwezig","Open Library Work: OL77817W; ISBN-13: 9780345367891","niet gevonden","P3","Redactionele AI-indeling; geen HIGH-evidence of menselijke beoordeling. Aanvullende genres opnieuw inhoudelijk afgewogen; uitsluitend canonieke genres, doelgroep en werkvorm blijven afzonderlijk."
"LS1000-0362","The Woman in White","Wilkie Collins","1859","Detectives & misdaadfictie","Mystery & Crime Fiction","Horror","volwassenen","roman","WAARSCHIJNLIJK","AI_KENNIS_HERBEOORDEELD","Blijvende publieksfavoriet en herkenbaar ijkpunt binnen het genre.","https://openlibrary.org/works/OL176045W | https://lumisco.re/book/346","2026-09-30","346","aanwezig","Open Library Work: OL176045W; ISBN-13: 9798665283821","bevestigd","P3","Inhoudelijke AI-herbeoordeling van dit werk; geen auteur-/titelwoordregel. NL/EN verwijzen naar dezelfde categorie-ID. Redactionele AI-indeling; geen HIGH-evidence of menselijke beoordeling. Aanvullende genres opnieuw inhoudelijk afgewogen; uitsluitend canonieke genres, doelgroep en werkvorm blijven afzonderlijk."
"LS1000-0363","To Kill a Mockingbird","Harper Lee","1960","Literaire & algemene fictie","Literary & General Fiction","","volwassenen","roman","WAARSCHIJNLIJK","AI_KENNIS + GERICHTE_BRONCONTROLE","Blijvende publieksfavoriet en herkenbaar ijkpunt binnen het genre.","https://openlibrary.org/works/OL3140822W | https://lumisco.re/book/4 | https://www.tokillamockingbird.com/the-book","2026-09-30","4","aanwezig","Open Library Work: OL3140822W; ISBN-13: 9780061743528","niet gevonden","P3","Inhoudelijke AI-herbeoordeling van dit werk; geen auteur-/titelwoordregel. NL/EN verwijzen naar dezelfde categorie-ID. Redactionele AI-indeling; geen HIGH-evidence of menselijke beoordeling. Aanvullende genres opnieuw inhoudelijk afgewogen; uitsluitend canonieke genres, doelgroep en werkvorm blijven afzonderlijk. Roman over racisme en recht; literaire fictie."
"LS1000-0364","Twilight","Stephenie Meyer","2005","Romantiek","Romance","","volwassenen","roman","ZEKER","AI_KENNIS_HERBEOORDEELD","Blijvende publieksfavoriet en herkenbaar ijkpunt binnen het genre.","https://openlibrary.org/works/OL5720023W | https://lumisco.re/book/133","2026-09-30","133","aanwezig","Open Library Work: OL5720023W; ISBN-13: 9780316160179","niet gevonden","P3","Inhoudelijke AI-herbeoordeling van dit werk; geen auteur-/titelwoordregel. NL/EN verwijzen naar dezelfde categorie-ID. Redactionele AI-indeling; geen HIGH-evidence of menselijke beoordeling. Aanvullende genres opnieuw inhoudelijk afgewogen; uitsluitend canonieke genres, doelgroep en werkvorm blijven afzonderlijk."
"LS1000-0365","Violets Are Blue","James Patterson","2001","Thrillers & spanning","Thrillers & Suspense","","volwassenen","roman","ZEKER","AI_KENNIS_HERBEOORDEELD","Herkenbare misdaad- of thrillertitel met brede publiekswaarde.","https://openlibrary.org/works/OL167166W | https://lumisco.re/book/555","2026-09-30","555","aanwezig","Open Library Work: OL167166W; ISBN-13: 9780606290999","niet gevonden","P3","Inhoudelijke AI-herbeoordeling van dit werk; geen auteur-/titelwoordregel. NL/EN verwijzen naar dezelfde categorie-ID. Redactionele AI-indeling; geen HIGH-evidence of menselijke beoordeling. Aanvullende genres opnieuw inhoudelijk afgewogen; uitsluitend canonieke genres, doelgroep en werkvorm blijven afzonderlijk."
"LS1000-0366","Wizard and Glass","Stephen King","1997","Fantasy","Fantasy","","volwassenen","roman","ZEKER","AI_KENNIS_HERBEOORDEELD","Blijvende publieksfavoriet en herkenbaar ijkpunt binnen het genre.","https://openlibrary.org/works/OL81615W | https://lumisco.re/book/163","2026-09-30","163","aanwezig","Open Library Work: OL81615W; ISBN-13: 9780340696613","niet gevonden","P3","Inhoudelijke AI-herbeoordeling van dit werk; geen auteur-/titelwoordregel. NL/EN verwijzen naar dezelfde categorie-ID. Redactionele AI-indeling; geen HIGH-evidence of menselijke beoordeling. Aanvullende genres opnieuw inhoudelijk afgewogen; uitsluitend canonieke genres, doelgroep en werkvorm blijven afzonderlijk."
"LS1000-0367","Wolves of the Calla","Stephen King","2003","Fantasy","Fantasy","","volwassenen","roman","ZEKER","AI_KENNIS_HERBEOORDEELD","Blijvende publieksfavoriet en herkenbaar ijkpunt binnen het genre.","https://openlibrary.org/works/OL81594W | https://lumisco.re/book/131","2026-09-30","131","aanwezig","Open Library Work: OL81594W; ISBN-13: 9780340827154","niet gevonden","P3","Inhoudelijke AI-herbeoordeling van dit werk; geen auteur-/titelwoordregel. NL/EN verwijzen naar dezelfde categorie-ID. AI-bibliografische correctie: oorspronkelijke publicatie in plaats van onjuist bron-/editiejaar; geen wijziging bestaand databasejaar. Redactionele AI-indeling; geen HIGH-evidence of menselijke beoordeling. Aanvullende genres opnieuw inhoudelijk afgewogen; uitsluitend canonieke genres, doelgroep en werkvorm blijven afzonderlijk."
"LS1000-0368","World War Z","Max Brooks","2006","Horror","Horror","","volwassenen","roman","ZEKER","AI_KENNIS_HERBEOORDEELD","Blijvende publieksfavoriet en herkenbaar ijkpunt binnen het genre.","https://openlibrary.org/works/OL5969057W | https://lumisco.re/book/158","2026-09-30","158","aanwezig","Open Library Work: OL5969057W; ISBN-13: 9780307351937","niet gevonden","P3","Redactionele AI-indeling; geen HIGH-evidence of menselijke beoordeling. Aanvullende genres opnieuw inhoudelijk afgewogen; uitsluitend canonieke genres, doelgroep en werkvorm blijven afzonderlijk."
"LS1000-0369","Wuthering Heights","Emily Brontë","1847","Literaire & algemene fictie","Literary & General Fiction","","volwassenen","roman","WAARSCHIJNLIJK","AI_KENNIS_HERBEOORDEELD","Blijvende publieksfavoriet en herkenbaar ijkpunt binnen het genre.","https://openlibrary.org/works/OL21177W | https://lumisco.re/book/34","2026-09-30","34","aanwezig","Open Library Work: OL21177W; ISBN-13: 9781782267621","bevestigd","P3","Inhoudelijke AI-herbeoordeling van dit werk; geen auteur-/titelwoordregel. NL/EN verwijzen naar dezelfde categorie-ID. AI-bibliografische correctie: oorspronkelijke publicatie in plaats van onjuist bron-/editiejaar; geen wijziging bestaand databasejaar. Redactionele AI-indeling; geen HIGH-evidence of menselijke beoordeling. Aanvullende genres opnieuw inhoudelijk afgewogen; uitsluitend canonieke genres, doelgroep en werkvorm blijven afzonderlijk."
"LS1000-0370","A Survey of London","John Stow","1598","Geschiedenis","History","","volwassenen","non-fictieboek","WAARSCHIJNLIJK","AI_KENNIS_HERBEOORDEELD","Veeluitgegeven non-fictiewerk dat een inhoudelijke leemte in de catalogus aanvult.","https://openlibrary.org/works/OL1096157W | https://openlibrary.org/subjects/travel","2026-09-30","","ontbreekt","Open Library Work: OL1096157W; ISBN-13: 9780343706364","niet gevonden","P2","Inhoudelijke AI-herbeoordeling van dit werk; geen auteur-/titelwoordregel. NL/EN verwijzen naar dezelfde categorie-ID. Redactionele AI-indeling; geen HIGH-evidence of menselijke beoordeling. Aanvullende genres opnieuw inhoudelijk afgewogen; uitsluitend canonieke genres, doelgroep en werkvorm blijven afzonderlijk."
"LS1000-0371","De Bourgondiërs","Bart Van Loo","2018","Geschiedenis","History","","volwassenen","non-fictieboek","ZEKER","AI_KENNIS_HERBEOORDEELD","Nederlandstalige of Vlaamse kernselectie met blijvende lees- en ontdekkingswaarde.","https://openlibrary.org/works/OL34943539W | https://lumisco.re/book/1175","2026-09-30","1175","aanwezig","Open Library Work: OL34943539W; ISBN-13: 9789403139005","niet onderzocht","P3","Inhoudelijke AI-herbeoordeling van dit werk; geen auteur-/titelwoordregel. NL/EN verwijzen naar dezelfde categorie-ID. Redactionele AI-indeling; geen HIGH-evidence of menselijke beoordeling. Aanvullende genres opnieuw inhoudelijk afgewogen; uitsluitend canonieke genres, doelgroep en werkvorm blijven afzonderlijk."
"LS1000-0372","Early Western Travels, 1748-1846","Reuben Gold Thwaites","1904","Reizen","Travel","","volwassenen","non-fictieboek","WAARSCHIJNLIJK","AI_KENNIS_HERBEOORDEELD","Veeluitgegeven non-fictiewerk dat een inhoudelijke leemte in de catalogus aanvult.","https://openlibrary.org/works/OL1619187W | https://openlibrary.org/subjects/travel","2026-09-30","","ontbreekt","Open Library Work: OL1619187W; ISBN-13: 9781018982816","niet gevonden","P2","Inhoudelijke AI-herbeoordeling van dit werk; geen auteur-/titelwoordregel. NL/EN verwijzen naar dezelfde categorie-ID. Redactionele AI-indeling; geen HIGH-evidence of menselijke beoordeling. Aanvullende genres opnieuw inhoudelijk afgewogen; uitsluitend canonieke genres, doelgroep en werkvorm blijven afzonderlijk."
"LS1000-0373","Hemelvaart","Judith Koelemeijer","2013","Biografie & memoires","Biography & Memoir","","volwassenen","non-fictieboek","ZEKER","AI_KENNIS_HERBEOORDEELD","Nederlandstalige of Vlaamse kernselectie met blijvende lees- en ontdekkingswaarde.","https://openlibrary.org/works/OL23127200W | https://lumisco.re/book/1164","2026-09-30","1164","aanwezig","Open Library Work: OL23127200W; ISBN-13: 9789045021829","bevestigd","P3","Inhoudelijke AI-herbeoordeling van dit werk; geen auteur-/titelwoordregel. NL/EN verwijzen naar dezelfde categorie-ID. Redactionele AI-indeling; geen HIGH-evidence of menselijke beoordeling. Aanvullende genres opnieuw inhoudelijk afgewogen; uitsluitend canonieke genres, doelgroep en werkvorm blijven afzonderlijk."
"LS1000-0374","The Seven Lamps of Architecture","John Ruskin","1849","Kunst & cultuur","Arts & Culture","","volwassenen","non-fictieboek","WAARSCHIJNLIJK","AI_KENNIS_HERBEOORDEELD","Veeluitgegeven non-fictiewerk dat een inhoudelijke leemte in de catalogus aanvult.","https://openlibrary.org/works/OL88638W | https://openlibrary.org/subjects/philosophy","2026-09-30","","ontbreekt","Open Library Work: OL88638W; ISBN-13: 9781014713889","niet gevonden","P2","Inhoudelijke AI-herbeoordeling van dit werk; geen auteur-/titelwoordregel. NL/EN verwijzen naar dezelfde categorie-ID. Redactionele AI-indeling; geen HIGH-evidence of menselijke beoordeling. Aanvullende genres opnieuw inhoudelijk afgewogen; uitsluitend canonieke genres, doelgroep en werkvorm blijven afzonderlijk."
"LS1000-0375","The Subtle Art of Not Giving a F*ck","Mark Manson","2016","Psychologie & persoonlijke ontwikkeling","Psychology & Self-Development","","volwassenen","non-fictieboek","ZEKER","AI_KENNIS_HERBEOORDEELD","Herkenbare non-fictietitel die een belangrijk onderwerp toegankelijk maakt.","https://openlibrary.org/works/OL17590212W | https://lumisco.re/book/108","2026-09-30","108","aanwezig","Open Library Work: OL17590212W; ISBN-13: 9780062457714","niet gevonden","P3","Inhoudelijke AI-herbeoordeling van dit werk; geen auteur-/titelwoordregel. NL/EN verwijzen naar dezelfde categorie-ID. Redactionele AI-indeling; geen HIGH-evidence of menselijke beoordeling. Aanvullende genres opnieuw inhoudelijk afgewogen; uitsluitend canonieke genres, doelgroep en werkvorm blijven afzonderlijk."
"LS1000-0376","A deeper love inside","Sister Souljah","2013","Literaire & algemene fictie","Literary & General Fiction","","volwassenen","roman","ZEKER","AI_KENNIS_HERBEOORDEELD","Blijvende publieksfavoriet en herkenbaar ijkpunt binnen het genre.","https://openlibrary.org/works/OL16769486W | https://lumisco.re/book/939","2026-09-30","939","aanwezig","Open Library Work: OL16769486W; ISBN-13: 9781439165317","niet gevonden","P3","Canoniek categoriemodel en stabiele NL/EN-labels. NL/EN verwijzen naar dezelfde categorie-ID. AI-bibliografische correctie: oorspronkelijke publicatie in plaats van onjuist bron-/editiejaar; geen wijziging bestaand databasejaar. Redactionele AI-indeling; geen HIGH-evidence of menselijke beoordeling."
"LS1000-0377","A Farewell to Arms","Ernest Hemingway","1929","Literaire & algemene fictie","Literary & General Fiction","","volwassenen","roman","ZEKER","AI_KENNIS_HERBEOORDEELD","Blijvende publieksfavoriet en herkenbaar ijkpunt binnen het genre.","https://openlibrary.org/works/OL63072W | https://lumisco.re/book/375","2026-09-30","375","aanwezig","Open Library Work: OL63072W; ISBN-13: 9781451658163","bevestigd","P3","Canoniek categoriemodel en stabiele NL/EN-labels. NL/EN verwijzen naar dezelfde categorie-ID. Redactionele AI-indeling; geen HIGH-evidence of menselijke beoordeling. Aanvullende genres opnieuw inhoudelijk afgewogen; uitsluitend canonieke genres, doelgroep en werkvorm blijven afzonderlijk."
"LS1000-0378","A Good Girl's Guide to Murder","Holly Jackson","2019","Detectives & misdaadfictie","Mystery & Crime Fiction","","young adult","roman","ZEKER","AI_KENNIS_HERBEOORDEELD","Bekende jeugd- of YA-titel met blijvende ontdekkingswaarde.","https://openlibrary.org/works/OL20646061W | https://lumisco.re/book/481","2026-09-30","481","aanwezig","Open Library Work: OL20646061W; ISBN-13: 9781984896360","bevestigd","P3","Inhoudelijke AI-herbeoordeling van dit werk; geen auteur-/titelwoordregel. NL/EN verwijzen naar dezelfde categorie-ID. Redactionele AI-indeling; geen HIGH-evidence of menselijke beoordeling. Aanvullende genres opnieuw inhoudelijk afgewogen; uitsluitend canonieke genres, doelgroep en werkvorm blijven afzonderlijk."
"LS1000-0379","A history of New York","Washington Irving","1809","Literaire & algemene fictie","Literary & General Fiction","","volwassenen","roman","WAARSCHIJNLIJK","AI_KENNIS_HERBEOORDEELD","Veeluitgegeven internationaal werk dat de redactionele breedte van de catalogus vergroot.","https://openlibrary.org/works/OL63871W | https://openlibrary.org/subjects/historical_fiction","2026-09-30","","ontbreekt","Open Library Work: OL63871W; ISBN-13: 9780342461226","niet gevonden","P2","Canoniek categoriemodel en stabiele NL/EN-labels. NL/EN verwijzen naar dezelfde categorie-ID. Redactionele AI-indeling; geen HIGH-evidence of menselijke beoordeling."
"LS1000-0380","A Passage to India","E. M. Forster","1924","Literaire & algemene fictie","Literary & General Fiction","","volwassenen","roman","ZEKER","AI_KENNIS_HERBEOORDEELD","Blijvende publieksfavoriet en herkenbaar ijkpunt binnen het genre.","https://openlibrary.org/works/OL88809W | https://lumisco.re/book/339","2026-09-30","339","aanwezig","Open Library Work: OL88809W; ISBN-13: 9781434104601","niet gevonden","P3","Canoniek categoriemodel en stabiele NL/EN-labels. NL/EN verwijzen naar dezelfde categorie-ID. Redactionele AI-indeling; geen HIGH-evidence of menselijke beoordeling. Aanvullende genres opnieuw inhoudelijk afgewogen; uitsluitend canonieke genres, doelgroep en werkvorm blijven afzonderlijk."
"LS1000-0381","A place for us","Fatima Farheen Mirza","2018","Literaire & algemene fictie","Literary & General Fiction","","volwassenen","roman","ZEKER","AI_KENNIS_HERBEOORDEELD","Blijvende publieksfavoriet en herkenbaar ijkpunt binnen het genre.","https://openlibrary.org/works/OL19742745W | https://lumisco.re/book/910","2026-09-30","910","aanwezig","Open Library Work: OL19742745W; ISBN-13: 9781524763558","niet gevonden","P3","Canoniek categoriemodel en stabiele NL/EN-labels. NL/EN verwijzen naar dezelfde categorie-ID. Redactionele AI-indeling; geen HIGH-evidence of menselijke beoordeling. Aanvullende genres opnieuw inhoudelijk afgewogen; uitsluitend canonieke genres, doelgroep en werkvorm blijven afzonderlijk."
"LS1000-0382","Aan de andere kant van de deur","Tonke Dragt","1997","Sciencefiction","Science Fiction","","young adult","roman","ZEKER","AI_KENNIS_HERBEOORDEELD","Nederlandstalige of Vlaamse kernselectie met blijvende lees- en ontdekkingswaarde.","https://openlibrary.org/works/OL3793465W | https://lumisco.re/book/1109","2026-09-30","1109","aanwezig","Open Library Work: OL3793465W; ISBN-13: 9783772516719","bevestigd","P3","Inhoudelijke AI-herbeoordeling van dit werk; geen auteur-/titelwoordregel. NL/EN verwijzen naar dezelfde categorie-ID. Redactionele AI-indeling; geen HIGH-evidence of menselijke beoordeling. Aanvullende genres opnieuw inhoudelijk afgewogen; uitsluitend canonieke genres, doelgroep en werkvorm blijven afzonderlijk."
"LS1000-0383","Abeltje","Annie M.G. Schmidt","1953","Fantasy","Fantasy","","jeugd","roman","ZEKER","AI_KENNIS_HERBEOORDEELD","Nederlandstalige of Vlaamse kernselectie met blijvende lees- en ontdekkingswaarde.","https://openlibrary.org/works/OL39413096W | https://lumisco.re/book/1249","2026-09-30","1249","aanwezig","Open Library Work: OL39413096W; ISBN-13: 9789021431598","niet onderzocht","P3","Inhoudelijke AI-herbeoordeling van dit werk; geen auteur-/titelwoordregel. NL/EN verwijzen naar dezelfde categorie-ID. Redactionele AI-indeling; geen HIGH-evidence of menselijke beoordeling. Aanvullende genres opnieuw inhoudelijk afgewogen; uitsluitend canonieke genres, doelgroep en werkvorm blijven afzonderlijk."
"LS1000-0384","Afblijven","Carry Slee","1998","Literaire & algemene fictie","Literary & General Fiction","","young adult","roman","ZEKER","AI_KENNIS_HERBEOORDEELD","Nederlandstalige of Vlaamse kernselectie met blijvende lees- en ontdekkingswaarde.","https://openlibrary.org/works/OL973937W | https://lumisco.re/book/1125","2026-09-30","1125","aanwezig","Open Library Work: OL973937W; ISBN-13: 9789049921491","bevestigd","P3","Canoniek categoriemodel en stabiele NL/EN-labels. NL/EN verwijzen naar dezelfde categorie-ID. AI-bibliografische correctie: oorspronkelijke publicatie in plaats van onjuist bron-/editiejaar; geen wijziging bestaand databasejaar. Redactionele AI-indeling; geen HIGH-evidence of menselijke beoordeling. Aanvullende genres opnieuw inhoudelijk afgewogen; uitsluitend canonieke genres, doelgroep en werkvorm blijven afzonderlijk."
"LS1000-0385","Afterparties","Anthony Veasna So","2021","Literaire & algemene fictie","Literary & General Fiction","","volwassenen","roman","ZEKER","AI_KENNIS_HERBEOORDEELD","Recente, reeds verschenen titel die de selectie actueel en veelzijdig houdt.","https://openlibrary.org/works/OL23687105W | https://lumisco.re/book/931","2026-09-30","931","aanwezig","Open Library Work: OL23687105W; ISBN-13: 9781611856514","niet gevonden","P3","Canoniek categoriemodel en stabiele NL/EN-labels. NL/EN verwijzen naar dezelfde categorie-ID. Redactionele AI-indeling; geen HIGH-evidence of menselijke beoordeling."
"LS1000-0386","Alaska","Anna Woltz","2016","Literaire & algemene fictie","Literary & General Fiction","","jeugd","roman","ZEKER","AI_KENNIS_HERBEOORDEELD","Nederlandstalige of Vlaamse kernselectie met blijvende lees- en ontdekkingswaarde.","https://openlibrary.org/works/OL19735880W | https://lumisco.re/book/1140","2026-09-30","1140","aanwezig","Open Library Work: OL19735880W; ISBN-13: 9789045119762","bevestigd","P3","Canoniek categoriemodel en stabiele NL/EN-labels. NL/EN verwijzen naar dezelfde categorie-ID. Redactionele AI-indeling; geen HIGH-evidence of menselijke beoordeling. Aanvullende genres opnieuw inhoudelijk afgewogen; uitsluitend canonieke genres, doelgroep en werkvorm blijven afzonderlijk."
"LS1000-0387","Alkibiades","Ilja Leonard Pfeijffer","2023","Historische fictie","Historical Fiction","","volwassenen","roman","ZEKER","AI_KENNIS_HERBEOORDEELD","Nederlandstalige of Vlaamse kernselectie met blijvende lees- en ontdekkingswaarde.","https://openlibrary.org/works/OL43774423W | https://lumisco.re/book/1043","2026-09-30","1043","aanwezig","Open Library Work: OL43774423W; ISBN-13: 9789029549868","niet onderzocht","P3","Inhoudelijke AI-herbeoordeling van dit werk; geen auteur-/titelwoordregel. NL/EN verwijzen naar dezelfde categorie-ID. Redactionele AI-indeling; geen HIGH-evidence of menselijke beoordeling."
"LS1000-0388","All This Could Be Different","Sarah Thankam Mathews","2022","Literaire & algemene fictie","Literary & General Fiction","","volwassenen","roman","ZEKER","AI_KENNIS_HERBEOORDEELD","Recente, reeds verschenen titel die de selectie actueel en veelzijdig houdt.","https://openlibrary.org/works/OL25804997W | https://lumisco.re/book/1000","2026-09-30","1000","aanwezig","Open Library Work: OL25804997W; ISBN-13: 9781474624770","niet gevonden","P3","Canoniek categoriemodel en stabiele NL/EN-labels. NL/EN verwijzen naar dezelfde categorie-ID. Redactionele AI-indeling; geen HIGH-evidence of menselijke beoordeling."
"LS1000-0389","Allerzielen","Cees Nooteboom","1998","Literaire & algemene fictie","Literary & General Fiction","","volwassenen","roman","ZEKER","AI_KENNIS_HERBEOORDEELD","Nederlandstalige of Vlaamse kernselectie met blijvende lees- en ontdekkingswaarde.","https://openlibrary.org/works/OL643724W | https://lumisco.re/book/1027","2026-09-30","1027","aanwezig","Open Library Work: OL643724W; ISBN-13: 9783518396636","niet gevonden","P3","Canoniek categoriemodel en stabiele NL/EN-labels. NL/EN verwijzen naar dezelfde categorie-ID. Redactionele AI-indeling; geen HIGH-evidence of menselijke beoordeling."
"LS1000-0390","America is not the heart","Elaine Castillo","2018","Literaire & algemene fictie","Literary & General Fiction","","volwassenen","roman","ZEKER","AI_KENNIS_HERBEOORDEELD","Blijvende publieksfavoriet en herkenbaar ijkpunt binnen het genre.","https://openlibrary.org/works/OL19738160W | https://lumisco.re/book/916","2026-09-30","916","aanwezig","Open Library Work: OL19738160W; ISBN-13: 9780735222410","niet gevonden","P3","Canoniek categoriemodel en stabiele NL/EN-labels. NL/EN verwijzen naar dezelfde categorie-ID. Redactionele AI-indeling; geen HIGH-evidence of menselijke beoordeling. Aanvullende genres opnieuw inhoudelijk afgewogen; uitsluitend canonieke genres, doelgroep en werkvorm blijven afzonderlijk."
"LS1000-0391","Americanah","Chimamanda Ngozi Adichie","2013","Literaire & algemene fictie","Literary & General Fiction","","volwassenen","roman","ZEKER","AI_KENNIS_HERBEOORDEELD","Blijvende publieksfavoriet en herkenbaar ijkpunt binnen het genre.","https://openlibrary.org/works/OL16805415W | https://lumisco.re/book/382","2026-09-30","382","aanwezig","Open Library Work: OL16805415W; ISBN-13: 9780307271082","bevestigd","P3","Canoniek categoriemodel en stabiele NL/EN-labels. NL/EN verwijzen naar dezelfde categorie-ID. AI-bibliografische correctie: oorspronkelijke publicatie in plaats van onjuist bron-/editiejaar; geen wijziging bestaand databasejaar. Redactionele AI-indeling; geen HIGH-evidence of menselijke beoordeling. Aanvullende genres opnieuw inhoudelijk afgewogen; uitsluitend canonieke genres, doelgroep en werkvorm blijven afzonderlijk."
"LS1000-0392","Anne's House of Dreams","Lucy Maud Montgomery","1917","Literaire & algemene fictie","Literary & General Fiction","","jeugd","roman","WAARSCHIJNLIJK","AI_KENNIS_HERBEOORDEELD","Veeluitgegeven jeugd- of YA-werk met internationale ontdekkingswaarde.","https://openlibrary.org/works/OL77764W | https://openlibrary.org/subjects/juvenile_fiction","2026-09-30","","ontbreekt","Open Library Work: OL77764W; ISBN-13: 9780553213188","niet gevonden","P2","Canoniek categoriemodel en stabiele NL/EN-labels. NL/EN verwijzen naar dezelfde categorie-ID. Redactionele AI-indeling; geen HIGH-evidence of menselijke beoordeling. Aanvullende genres opnieuw inhoudelijk afgewogen; uitsluitend canonieke genres, doelgroep en werkvorm blijven afzonderlijk."
"LS1000-0393","Anxious People","Fredrik Backman","2019","Literaire & algemene fictie","Literary & General Fiction","","volwassenen","roman","ZEKER","AI_KENNIS_HERBEOORDEELD","Recente, reeds verschenen titel die de selectie actueel en veelzijdig houdt.","https://openlibrary.org/works/OL20793817W | https://lumisco.re/book/970","2026-09-30","970","aanwezig","Open Library Work: OL20793817W; ISBN-13: 9780718186616","niet gevonden","P3","Canoniek categoriemodel en stabiele NL/EN-labels. NL/EN verwijzen naar dezelfde categorie-ID. AI-bibliografische correctie: oorspronkelijke publicatie in plaats van onjuist bron-/editiejaar; geen wijziging bestaand databasejaar. Redactionele AI-indeling; geen HIGH-evidence of menselijke beoordeling."
"LS1000-0394","Are You There God? It's Me, Margaret","Judy Blume","1970","Literaire & algemene fictie","Literary & General Fiction","","jeugd","roman","ZEKER","AI_KENNIS_HERBEOORDEELD","Bekende jeugd- of YA-titel met blijvende ontdekkingswaarde.","https://openlibrary.org/works/OL268217W | https://lumisco.re/book/444","2026-09-30","444","aanwezig","Open Library Work: OL268217W; ISBN-13: 9780330262446","niet gevonden","P3","Canoniek categoriemodel en stabiele NL/EN-labels. NL/EN verwijzen naar dezelfde categorie-ID. Redactionele AI-indeling; geen HIGH-evidence of menselijke beoordeling. Aanvullende genres opnieuw inhoudelijk afgewogen; uitsluitend canonieke genres, doelgroep en werkvorm blijven afzonderlijk."
"LS1000-0395","As You Like It","William Shakespeare","1623","Literaire & algemene fictie","Literary & General Fiction","","volwassenen","toneelstuk","ZEKER","AI_KENNIS + GERICHTE_BRONCONTROLE","Blijvende publieksfavoriet en herkenbaar ijkpunt binnen het genre.","https://openlibrary.org/works/OL362698W | https://lumisco.re/book/341 | https://www.folger.edu/explore/shakespeare-in-print/first-folio/","2026-09-30","341","aanwezig","Open Library Work: OL362698W; ISBN-13: 9780174435426","bevestigd","P3","Canoniek categoriemodel en stabiele NL/EN-labels. NL/EN verwijzen naar dezelfde categorie-ID. Werkvorm afzonderlijk inhoudelijk gecorrigeerd; geen genre. Eerste gedrukte tekst 1623, niet de datering van compositie/opvoering. Redactionele AI-indeling; geen HIGH-evidence of menselijke beoordeling. Aanvullende genres opnieuw inhoudelijk afgewogen; uitsluitend canonieke genres, doelgroep en werkvorm blijven afzonderlijk. Voor het eerst gedrukt in First Folio 1623."
"LS1000-0396","Au pair","Willem Frederik Hermans","1989","Literaire & algemene fictie","Literary & General Fiction","","volwassenen","roman","ZEKER","AI_KENNIS_HERBEOORDEELD","Nederlandstalige of Vlaamse kernselectie met blijvende lees- en ontdekkingswaarde.","https://openlibrary.org/works/OL109948W | https://lumisco.re/book/1014","2026-09-30","1014","aanwezig","Open Library Work: OL109948W; ISBN-13: 9789023467069","bevestigd","P3","Canoniek categoriemodel en stabiele NL/EN-labels. NL/EN verwijzen naar dezelfde categorie-ID. Redactionele AI-indeling; geen HIGH-evidence of menselijke beoordeling."
"LS1000-0397","Banyan Moon","Thao Thai","2023","Literaire & algemene fictie","Literary & General Fiction","","volwassenen","roman","ZEKER","AI_KENNIS_HERBEOORDEELD","Recente, reeds verschenen titel die de selectie actueel en veelzijdig houdt.","https://openlibrary.org/works/OL29046707W | https://lumisco.re/book/952","2026-09-30","952","aanwezig","Open Library Work: OL29046707W; ISBN-13: 9780063267138","niet gevonden","P3","Canoniek categoriemodel en stabiele NL/EN-labels. NL/EN verwijzen naar dezelfde categorie-ID. Redactionele AI-indeling; geen HIGH-evidence of menselijke beoordeling. Aanvullende genres opnieuw inhoudelijk afgewogen; uitsluitend canonieke genres, doelgroep en werkvorm blijven afzonderlijk."
"LS1000-0398","Barchester Towers","Anthony Trollope","1857","Literaire & algemene fictie","Literary & General Fiction","","volwassenen","roman","WAARSCHIJNLIJK","AI_KENNIS_HERBEOORDEELD","Veeluitgegeven internationaal werk dat de redactionele breedte van de catalogus vergroot.","https://openlibrary.org/works/OL109724W | https://openlibrary.org/subjects/classics","2026-09-30","","ontbreekt","Open Library Work: OL109724W; ISBN-13: 9798470109453","niet gevonden","P2","Canoniek categoriemodel en stabiele NL/EN-labels. NL/EN verwijzen naar dezelfde categorie-ID. Redactionele AI-indeling; geen HIGH-evidence of menselijke beoordeling. Aanvullende genres opnieuw inhoudelijk afgewogen; uitsluitend canonieke genres, doelgroep en werkvorm blijven afzonderlijk."
"LS1000-0399","Beauty Is a Wound","Eka Kurniawan","2002","Literaire & algemene fictie","Literary & General Fiction","","volwassenen","roman","ZEKER","AI_KENNIS_HERBEOORDEELD","Blijvende publieksfavoriet en herkenbaar ijkpunt binnen het genre.","https://openlibrary.org/works/OL34965326W | https://lumisco.re/book/932","2026-09-30","932","aanwezig","Open Library Work: OL34965326W; ISBN-13: 9781925240238","niet gevonden","P3","Canoniek categoriemodel en stabiele NL/EN-labels. NL/EN verwijzen naar dezelfde categorie-ID. AI-bibliografische correctie: oorspronkelijke publicatie in plaats van onjuist bron-/editiejaar; geen wijziging bestaand databasejaar. Redactionele AI-indeling; geen HIGH-evidence of menselijke beoordeling. Aanvullende genres opnieuw inhoudelijk afgewogen; uitsluitend canonieke genres, doelgroep en werkvorm blijven afzonderlijk."
"LS1000-0400","Bezonken rood","Jeroen Brouwers","1981","Literaire & algemene fictie","Literary & General Fiction","","volwassenen","roman","ZEKER","AI_KENNIS_HERBEOORDEELD","Nederlandstalige of Vlaamse kernselectie met blijvende lees- en ontdekkingswaarde.","https://openlibrary.org/works/OL702827W | https://lumisco.re/book/1066","2026-09-30","1066","aanwezig","Open Library Work: OL702827W; ISBN-13: 9789029508070","bevestigd","P3","Canoniek categoriemodel en stabiele NL/EN-labels. NL/EN verwijzen naar dezelfde categorie-ID. Redactionele AI-indeling; geen HIGH-evidence of menselijke beoordeling."
"LS1000-0401","Bezorgde ouders","Gerard Reve","1988","Literaire & algemene fictie","Literary & General Fiction","","volwassenen","roman","ZEKER","AI_KENNIS_HERBEOORDEELD","Nederlandstalige of Vlaamse kernselectie met blijvende lees- en ontdekkingswaarde.","https://openlibrary.org/works/OL699604W | https://lumisco.re/book/1020","2026-09-30","1020","aanwezig","Open Library Work: OL699604W; ISBN-13: 9781872180762","bevestigd","P3","Canoniek categoriemodel en stabiele NL/EN-labels. NL/EN verwijzen naar dezelfde categorie-ID. Redactionele AI-indeling; geen HIGH-evidence of menselijke beoordeling."
"LS1000-0402","Bint","F. Bordewijk","1934","Literaire & algemene fictie","Literary & General Fiction","","volwassenen","roman","ZEKER","AI_KENNIS_HERBEOORDEELD","Nederlandstalige sleuteltekst met blijvende cultuurhistorische betekenis.","https://openlibrary.org/works/OL37342453W | https://www.dbnl.org/basisbibliotheek/index.php | https://lumisco.re/book/1202","2026-09-30","1202","aanwezig","Open Library Work: OL37342453W; ISBN-13: 9789023667148","bevestigd","P3","Canoniek categoriemodel en stabiele NL/EN-labels. NL/EN verwijzen naar dezelfde categorie-ID. Redactionele AI-indeling; geen HIGH-evidence of menselijke beoordeling. Aanvullende genres opnieuw inhoudelijk afgewogen; uitsluitend canonieke genres, doelgroep en werkvorm blijven afzonderlijk."
"LS1000-0403","Black Cake","Charmaine Wilkerson","2022","Literaire & algemene fictie","Literary & General Fiction","","volwassenen","roman","ZEKER","AI_KENNIS_HERBEOORDEELD","Recente, reeds verschenen titel die de selectie actueel en veelzijdig houdt.","https://openlibrary.org/works/OL24766943W | https://lumisco.re/book/940","2026-09-30","940","aanwezig","Open Library Work: OL24766943W; ISBN-13: 9780241529928","niet gevonden","P3","Canoniek categoriemodel en stabiele NL/EN-labels. NL/EN verwijzen naar dezelfde categorie-ID. Redactionele AI-indeling; geen HIGH-evidence of menselijke beoordeling. Aanvullende genres opnieuw inhoudelijk afgewogen; uitsluitend canonieke genres, doelgroep en werkvorm blijven afzonderlijk."
"LS1000-0404","Blauwe maandagen","Arnon Grunberg","1994","Literaire & algemene fictie","Literary & General Fiction","","volwassenen","roman","ZEKER","AI_KENNIS_HERBEOORDEELD","Nederlandstalige of Vlaamse kernselectie met blijvende lees- en ontdekkingswaarde.","https://openlibrary.org/works/OL850954W | https://lumisco.re/book/1045","2026-09-30","1045","aanwezig","Open Library Work: OL850954W; ISBN-13: 9788439702177","bevestigd","P3","Canoniek categoriemodel en stabiele NL/EN-labels. NL/EN verwijzen naar dezelfde categorie-ID. Redactionele AI-indeling; geen HIGH-evidence of menselijke beoordeling."
"LS1000-0405","Bleak House","Charles Dickens","1852","Literaire & algemene fictie","Literary & General Fiction","","volwassenen","roman","ZEKER","AI_KENNIS_HERBEOORDEELD","Blijvende publieksfavoriet en herkenbaar ijkpunt binnen het genre.","https://openlibrary.org/works/OL14868510W | https://lumisco.re/book/373","2026-09-30","373","aanwezig","Open Library Work: OL14868510W; ISBN-13: 9798638585129","bevestigd","P3","Canoniek categoriemodel en stabiele NL/EN-labels. NL/EN verwijzen naar dezelfde categorie-ID. AI-bibliografische correctie: oorspronkelijke publicatie in plaats van onjuist bron-/editiejaar; geen wijziging bestaand databasejaar. Redactionele AI-indeling; geen HIGH-evidence of menselijke beoordeling. Aanvullende genres opnieuw inhoudelijk afgewogen; uitsluitend canonieke genres, doelgroep en werkvorm blijven afzonderlijk."
"LS1000-0406","Bling","Erica Kennedy","2004","Literaire & algemene fictie","Literary & General Fiction","","volwassenen","roman","ZEKER","AI_KENNIS_HERBEOORDEELD","Blijvende publieksfavoriet en herkenbaar ijkpunt binnen het genre.","https://openlibrary.org/works/OL5861306W | https://lumisco.re/book/918","2026-09-30","918","aanwezig","Open Library Work: OL5861306W; ISBN-13: 9781401359676","niet gevonden","P3","Canoniek categoriemodel en stabiele NL/EN-labels. NL/EN verwijzen naar dezelfde categorie-ID. AI-bibliografische correctie: oorspronkelijke publicatie in plaats van onjuist bron-/editiejaar; geen wijziging bestaand databasejaar. Redactionele AI-indeling; geen HIGH-evidence of menselijke beoordeling."
"LS1000-0407","Brainwash","Carry Slee","2012","Thrillers & spanning","Thrillers & Suspense","","young adult","roman","ZEKER","AI_KENNIS_HERBEOORDEELD","Nederlandstalige of Vlaamse kernselectie met blijvende lees- en ontdekkingswaarde.","https://openlibrary.org/works/OL24739344W | https://lumisco.re/book/1130","2026-09-30","1130","aanwezig","Open Library Work: OL24739344W; ISBN-13: 9789049925826","bevestigd","P3","Inhoudelijke AI-herbeoordeling van dit werk; geen auteur-/titelwoordregel. NL/EN verwijzen naar dezelfde categorie-ID. Redactionele AI-indeling; geen HIGH-evidence of menselijke beoordeling. Aanvullende genres opnieuw inhoudelijk afgewogen; uitsluitend canonieke genres, doelgroep en werkvorm blijven afzonderlijk."
"LS1000-0408","Breasts and Eggs","川上未映子","2019","Literaire & algemene fictie","Literary & General Fiction","","volwassenen","roman","TWIJFEL","AI_KENNIS_HERBEOORDEELD","Blijvende publieksfavoriet en herkenbaar ijkpunt binnen het genre.","https://openlibrary.org/works/OL20835348W | https://lumisco.re/book/914","2026-09-30","914","aanwezig","Open Library Work: OL20835348W; ISBN-13: 9781609456702","niet gevonden","P3","Canoniek categoriemodel en stabiele NL/EN-labels. NL/EN verwijzen naar dezelfde categorie-ID. AI-bibliografische correctie: oorspronkelijke publicatie in plaats van onjuist bron-/editiejaar; geen wijziging bestaand databasejaar. Breasts and Eggs kan de novelle (2008) of de uitgebreide roman (2019) betekenen; huidige identiteit is onvoldoende eenduidig. Redactionele AI-indeling; geen HIGH-evidence of menselijke beoordeling. Aanvullende genres opnieuw inhoudelijk afgewogen; uitsluitend canonieke genres, doelgroep en werkvorm blijven afzonderlijk."
"LS1000-0409","Briefgeheim","Jan Terlouw","1973","Detectives & misdaadfictie","Mystery & Crime Fiction","","young adult","roman","WAARSCHIJNLIJK","AI_KENNIS_HERBEOORDEELD","Nederlandstalige of Vlaamse kernselectie met blijvende lees- en ontdekkingswaarde.","https://openlibrary.org/works/OL3681906W | https://lumisco.re/book/1120","2026-09-30","1120","aanwezig","Open Library Work: OL3681906W; ISBN-13: 9788434830974","niet gevonden","P3","Oorspronkelijke notitie (niet overgenomen als regel): Publicatiejaar verschilt tussen de kandidaatbron (1973) en Open Library (1998); Open Library-jaar gebruikt. Inhoudelijke AI-herbeoordeling van dit werk; geen auteur-/titelwoordregel. NL/EN verwijzen naar dezelfde categorie-ID. AI-bibliografische correctie: oorspronkelijke publicatie in plaats van onjuist bron-/editiejaar; geen wijziging bestaand databasejaar. Redactionele AI-indeling; geen HIGH-evidence of menselijke beoordeling. Aanvullende genres opnieuw inhoudelijk afgewogen; uitsluitend canonieke genres, doelgroep en werkvorm blijven afzonderlijk."
"LS1000-0410","Brown Bear, Brown Bear, What Do You See?","Bill Martin Jr.","1967","Literaire & algemene fictie","Literary & General Fiction","","jeugd","roman","ZEKER","AI_KENNIS_HERBEOORDEELD","Bekende jeugd- of YA-titel met blijvende ontdekkingswaarde.","https://openlibrary.org/works/OL59133W | https://lumisco.re/book/479","2026-09-30","479","aanwezig","Open Library Work: OL59133W; ISBN-13: 9780805087185","niet gevonden","P3","Canoniek categoriemodel en stabiele NL/EN-labels. NL/EN verwijzen naar dezelfde categorie-ID. Redactionele AI-indeling; geen HIGH-evidence of menselijke beoordeling. Aanvullende genres opnieuw inhoudelijk afgewogen; uitsluitend canonieke genres, doelgroep en werkvorm blijven afzonderlijk."
"LS1000-0411","By Pike And Dyke A Tale Of The Rise Of The Dutch Republic","G. A. Henty","1889","Historische fictie","Historical Fiction","","jeugd","roman","WAARSCHIJNLIJK","AI_KENNIS_HERBEOORDEELD","Veeluitgegeven jeugd- of YA-werk met internationale ontdekkingswaarde.","https://openlibrary.org/works/OL1794496W | https://openlibrary.org/subjects/young_adult_fiction","2026-09-30","","ontbreekt","Open Library Work: OL1794496W; ISBN-13: 9781887159333","niet gevonden","P2","Inhoudelijke AI-herbeoordeling van dit werk; geen auteur-/titelwoordregel. NL/EN verwijzen naar dezelfde categorie-ID. Redactionele AI-indeling; geen HIGH-evidence of menselijke beoordeling. Aanvullende genres opnieuw inhoudelijk afgewogen; uitsluitend canonieke genres, doelgroep en werkvorm blijven afzonderlijk."
"LS1000-0412","Cabin Fever","Jeff Kinney","2011","Literaire & algemene fictie","Literary & General Fiction","","jeugd","roman","ZEKER","AI_KENNIS_HERBEOORDEELD","Bekende jeugd- of YA-titel met blijvende ontdekkingswaarde.","https://openlibrary.org/works/OL16224122W | https://lumisco.re/book/493","2026-09-30","493","aanwezig","Open Library Work: OL16224122W; ISBN-13: 9781419702235","niet gevonden","P3","Canoniek categoriemodel en stabiele NL/EN-labels. NL/EN verwijzen naar dezelfde categorie-ID. AI-bibliografische correctie: oorspronkelijke publicatie in plaats van onjuist bron-/editiejaar; geen wijziging bestaand databasejaar. Redactionele AI-indeling; geen HIGH-evidence of menselijke beoordeling. Aanvullende genres opnieuw inhoudelijk afgewogen; uitsluitend canonieke genres, doelgroep en werkvorm blijven afzonderlijk."
"LS1000-0413","Caesarion","Tommy Wieringa","2009","Literaire & algemene fictie","Literary & General Fiction","","volwassenen","roman","ZEKER","AI_KENNIS_HERBEOORDEELD","Nederlandstalige of Vlaamse kernselectie met blijvende lees- en ontdekkingswaarde.","https://openlibrary.org/works/OL14988837W | https://lumisco.re/book/1039","2026-09-30","1039","aanwezig","Open Library Work: OL14988837W; ISBN-13: 9781846272547","bevestigd","P3","Canoniek categoriemodel en stabiele NL/EN-labels. NL/EN verwijzen naar dezelfde categorie-ID. Redactionele AI-indeling; geen HIGH-evidence of menselijke beoordeling."
"LS1000-0414","Candide","Voltaire","1759","Literaire & algemene fictie","Literary & General Fiction","","volwassenen","roman","ZEKER","AI_KENNIS_HERBEOORDEELD","Blijvende publieksfavoriet en herkenbaar ijkpunt binnen het genre.","https://openlibrary.org/works/OL100672W | https://lumisco.re/book/334","2026-09-30","334","aanwezig","Open Library Work: OL100672W; ISBN-13: 9781580491624","bevestigd","P3","Canoniek categoriemodel en stabiele NL/EN-labels. NL/EN verwijzen naar dezelfde categorie-ID. AI-bibliografische correctie: oorspronkelijke publicatie in plaats van onjuist bron-/editiejaar; geen wijziging bestaand databasejaar. Redactionele AI-indeling; geen HIGH-evidence of menselijke beoordeling. Aanvullende genres opnieuw inhoudelijk afgewogen; uitsluitend canonieke genres, doelgroep en werkvorm blijven afzonderlijk."
"LS1000-0415","Confessions","Augustine of Hippo","","Biografie & memoires","Biography & Memoir","","volwassenen","roman","ZEKER","AI_KENNIS_HERBEOORDEELD","Blijvende publieksfavoriet en herkenbaar ijkpunt binnen het genre.","https://openlibrary.org/works/OL137872W | https://lumisco.re/book/372","2026-09-30","372","aanwezig","Open Library Work: OL137872W; ISBN-13: 9780802456519","niet gevonden","P3","Inhoudelijke AI-herbeoordeling van dit werk; geen auteur-/titelwoordregel. NL/EN verwijzen naar dezelfde categorie-ID. Exact oorspronkelijk publicatiejaar onvoldoende vastgesteld; niet afleiden van editie/ontstaan. Redactionele AI-indeling; geen HIGH-evidence of menselijke beoordeling. Aanvullende genres opnieuw inhoudelijk afgewogen; uitsluitend canonieke genres, doelgroep en werkvorm blijven afzonderlijk."
"LS1000-0416","Cranford","Elizabeth Cleghorn Gaskell","1853","Literaire & algemene fictie","Literary & General Fiction","","volwassenen","roman","WAARSCHIJNLIJK","AI_KENNIS_HERBEOORDEELD","Veeluitgegeven internationaal werk dat de redactionele breedte van de catalogus vergroot.","https://openlibrary.org/works/OL1103093W | https://openlibrary.org/subjects/romance","2026-09-30","","ontbreekt","Open Library Work: OL1103093W; ISBN-13: 9780007480401","niet gevonden","P2","Canoniek categoriemodel en stabiele NL/EN-labels. NL/EN verwijzen naar dezelfde categorie-ID. Redactionele AI-indeling; geen HIGH-evidence of menselijke beoordeling. Aanvullende genres opnieuw inhoudelijk afgewogen; uitsluitend canonieke genres, doelgroep en werkvorm blijven afzonderlijk."
"LS1000-0417","Daisy Miller","Henry James","1878","Literaire & algemene fictie","Literary & General Fiction","","volwassenen","roman","WAARSCHIJNLIJK","AI_KENNIS_HERBEOORDEELD","Veeluitgegeven internationaal werk dat de redactionele breedte van de catalogus vergroot.","https://openlibrary.org/works/OL276328W | https://openlibrary.org/subjects/romance","2026-09-30","","ontbreekt","Open Library Work: OL276328W; ISBN-13: 9781079877007","niet gevonden","P2","Canoniek categoriemodel en stabiele NL/EN-labels. NL/EN verwijzen naar dezelfde categorie-ID. AI-bibliografische correctie: oorspronkelijke publicatie in plaats van onjuist bron-/editiejaar; geen wijziging bestaand databasejaar. Redactionele AI-indeling; geen HIGH-evidence of menselijke beoordeling."
"LS1000-0418","Days of Distraction","Alexandra Chang","2020","Literaire & algemene fictie","Literary & General Fiction","","volwassenen","roman","ZEKER","AI_KENNIS_HERBEOORDEELD","Recente, reeds verschenen titel die de selectie actueel en veelzijdig houdt.","https://openlibrary.org/works/OL20732597W | https://lumisco.re/book/959","2026-09-30","959","aanwezig","Open Library Work: OL20732597W; ISBN-13: 9780062951809","niet gevonden","P3","Canoniek categoriemodel en stabiele NL/EN-labels. NL/EN verwijzen naar dezelfde categorie-ID. Redactionele AI-indeling; geen HIGH-evidence of menselijke beoordeling."
"LS1000-0419","De asielzoeker","Arnon Grunberg","2003","Literaire & algemene fictie","Literary & General Fiction","","volwassenen","roman","ZEKER","AI_KENNIS_HERBEOORDEELD","Nederlandstalige of Vlaamse kernselectie met blijvende lees- en ontdekkingswaarde.","https://openlibrary.org/works/OL850956W | https://lumisco.re/book/1047","2026-09-30","1047","aanwezig","Open Library Work: OL850956W; ISBN-13: 9789038894102","bevestigd","P3","Canoniek categoriemodel en stabiele NL/EN-labels. NL/EN verwijzen naar dezelfde categorie-ID. Redactionele AI-indeling; geen HIGH-evidence of menselijke beoordeling."
"LS1000-0420","De avond is ongemak","Marieke Lucas Rijneveld","2018","Literaire & algemene fictie","Literary & General Fiction","","volwassenen","roman","ZEKER","AI_KENNIS_HERBEOORDEELD","Nederlandstalige of Vlaamse kernselectie met blijvende lees- en ontdekkingswaarde.","https://openlibrary.org/works/OL19740451W | https://lumisco.re/book/1058","2026-09-30","1058","aanwezig","Open Library Work: OL19740451W; ISBN-13: 9781644450345","bevestigd","P3","Canoniek categoriemodel en stabiele NL/EN-labels. NL/EN verwijzen naar dezelfde categorie-ID. Redactionele AI-indeling; geen HIGH-evidence of menselijke beoordeling. Aanvullende genres opnieuw inhoudelijk afgewogen; uitsluitend canonieke genres, doelgroep en werkvorm blijven afzonderlijk."
"LS1000-0421","De avonden","Gerard Reve","1947","Literaire & algemene fictie","Literary & General Fiction","","volwassenen","roman","ZEKER","AI_KENNIS_HERBEOORDEELD","Nederlandstalige of Vlaamse kernselectie met blijvende lees- en ontdekkingswaarde.","https://openlibrary.org/works/OL699606W | https://lumisco.re/book/1016","2026-09-30","1016","aanwezig","Open Library Work: OL699606W; ISBN-13: 9789023427070","bevestigd","P3","Canoniek categoriemodel en stabiele NL/EN-labels. NL/EN verwijzen naar dezelfde categorie-ID. Redactionele AI-indeling; geen HIGH-evidence of menselijke beoordeling."
"LS1000-0422","De bekeerlinge","Stefan Hertmans","2016","Historische fictie","Historical Fiction","","volwassenen","roman","ZEKER","AI_KENNIS_HERBEOORDEELD","Nederlandstalige of Vlaamse kernselectie met blijvende lees- en ontdekkingswaarde.","https://openlibrary.org/works/OL24320466W | https://lumisco.re/book/1057","2026-09-30","1057","aanwezig","Open Library Work: OL24320466W; ISBN-13: 9789023499626","niet onderzocht","P3","Inhoudelijke AI-herbeoordeling van dit werk; geen auteur-/titelwoordregel. NL/EN verwijzen naar dezelfde categorie-ID. Redactionele AI-indeling; geen HIGH-evidence of menselijke beoordeling."
"LS1000-0423","De donkere kamer van Damokles","Willem Frederik Hermans","1958","Thrillers & spanning","Thrillers & Suspense","","volwassenen","roman","ZEKER","AI_KENNIS_HERBEOORDEELD","Nederlandstalige of Vlaamse kernselectie met blijvende lees- en ontdekkingswaarde.","https://openlibrary.org/works/OL109957W | https://lumisco.re/book/1011","2026-09-30","1011","aanwezig","Open Library Work: OL109957W; ISBN-13: 9789059651791","bevestigd","P3","Inhoudelijke AI-herbeoordeling van dit werk; geen auteur-/titelwoordregel. NL/EN verwijzen naar dezelfde categorie-ID. AI-bibliografische correctie: oorspronkelijke publicatie in plaats van onjuist bron-/editiejaar; geen wijziging bestaand databasejaar. Redactionele AI-indeling; geen HIGH-evidence of menselijke beoordeling."
"LS1000-0424","De geruchten","Hugo Claus","1996","Literaire & algemene fictie","Literary & General Fiction","","volwassenen","roman","ZEKER","AI_KENNIS_HERBEOORDEELD","Nederlandstalige of Vlaamse kernselectie met blijvende lees- en ontdekkingswaarde.","https://openlibrary.org/works/OL34920661W | https://lumisco.re/book/1022","2026-09-30","1022","aanwezig","Open Library Work: OL34920661W; ISBN-13: 9789023436287","niet onderzocht","P3","Canoniek categoriemodel en stabiele NL/EN-labels. NL/EN verwijzen naar dezelfde categorie-ID. Redactionele AI-indeling; geen HIGH-evidence of menselijke beoordeling."
"LS1000-0425","De greppel","Herman Koch","2016","Literaire & algemene fictie","Literary & General Fiction","","volwassenen","roman","ZEKER","AI_KENNIS_HERBEOORDEELD","Nederlandstalige of Vlaamse kernselectie met blijvende lees- en ontdekkingswaarde.","https://openlibrary.org/works/OL20799471W | https://lumisco.re/book/1036","2026-09-30","1036","aanwezig","Open Library Work: OL20799471W; ISBN-13: 9781925773361","niet gevonden","P3","Canoniek categoriemodel en stabiele NL/EN-labels. NL/EN verwijzen naar dezelfde categorie-ID. Redactionele AI-indeling; geen HIGH-evidence of menselijke beoordeling. Aanvullende genres opnieuw inhoudelijk afgewogen; uitsluitend canonieke genres, doelgroep en werkvorm blijven afzonderlijk."
"LS1000-0426","De griezelbus","Paul van Loon","1991","Horror","Horror","","jeugd","roman","WAARSCHIJNLIJK","AI_KENNIS_HERBEOORDEELD","Nederlandstalige of Vlaamse kernselectie met blijvende lees- en ontdekkingswaarde.","https://openlibrary.org/works/OL26376875W | https://lumisco.re/book/1131","2026-09-30","1131","aanwezig","Open Library Work: OL26376875W; ISBN-13: 9789025852511","bevestigd","P3","Oorspronkelijke notitie (niet overgenomen als regel): Publicatiejaar verschilt tussen de kandidaatbron (1991) en Open Library (2008); Open Library-jaar gebruikt. Inhoudelijke AI-herbeoordeling van dit werk; geen auteur-/titelwoordregel. NL/EN verwijzen naar dezelfde categorie-ID. AI-bibliografische correctie: oorspronkelijke publicatie in plaats van onjuist bron-/editiejaar; geen wijziging bestaand databasejaar. Redactionele AI-indeling; geen HIGH-evidence of menselijke beoordeling. Aanvullende genres opnieuw inhoudelijk afgewogen; uitsluitend canonieke genres, doelgroep en werkvorm blijven afzonderlijk."
"LS1000-0427","De heilige Rita","Tommy Wieringa","2017","Literaire & algemene fictie","Literary & General Fiction","","volwassenen","roman","ZEKER","AI_KENNIS_HERBEOORDEELD","Nederlandstalige of Vlaamse kernselectie met blijvende lees- en ontdekkingswaarde.","https://openlibrary.org/works/OL19740455W | https://lumisco.re/book/1040","2026-09-30","1040","aanwezig","Open Library Work: OL19740455W; ISBN-13: 9789023458753","bevestigd","P3","Canoniek categoriemodel en stabiele NL/EN-labels. NL/EN verwijzen naar dezelfde categorie-ID. Redactionele AI-indeling; geen HIGH-evidence of menselijke beoordeling."
"LS1000-0428","De helaasheid der dingen","Dimitri Verhulst","2006","Literaire & algemene fictie","Literary & General Fiction","","volwassenen","roman","ZEKER","AI_KENNIS_HERBEOORDEELD","Nederlandstalige of Vlaamse kernselectie met blijvende lees- en ontdekkingswaarde.","https://openlibrary.org/works/OL15114233W | https://lumisco.re/book/1051","2026-09-30","1051","aanwezig","Open Library Work: OL15114233W; ISBN-13: 9789025427733","bevestigd","P3","Canoniek categoriemodel en stabiele NL/EN-labels. NL/EN verwijzen naar dezelfde categorie-ID. Redactionele AI-indeling; geen HIGH-evidence of menselijke beoordeling."
"LS1000-0429","De kinderen van het Achtste Woud","Els Pelgrom","1977","Historische fictie","Historical Fiction","","jeugd","roman","ZEKER","AI_KENNIS_HERBEOORDEELD","Nederlandstalige of Vlaamse kernselectie met blijvende lees- en ontdekkingswaarde.","https://openlibrary.org/works/OL1664786W | https://lumisco.re/book/1143","2026-09-30","1143","aanwezig","Open Library Work: OL1664786W; ISBN-13: 9789021506548","bevestigd","P3","Inhoudelijke AI-herbeoordeling van dit werk; geen auteur-/titelwoordregel. NL/EN verwijzen naar dezelfde categorie-ID. Redactionele AI-indeling; geen HIGH-evidence of menselijke beoordeling. Aanvullende genres opnieuw inhoudelijk afgewogen; uitsluitend canonieke genres, doelgroep en werkvorm blijven afzonderlijk."
"LS1000-0430","De kleine Johannes","Frederik van Eeden","1887","Fantasy","Fantasy","","volwassenen","roman","ZEKER","AI_KENNIS_HERBEOORDEELD","Nederlandstalige sleuteltekst met blijvende cultuurhistorische betekenis.","https://openlibrary.org/works/OL27339889W | https://www.dbnl.org/basisbibliotheek/index.php | https://lumisco.re/book/1197","2026-09-30","1197","aanwezig","Open Library Work: OL27339889W; ISBN-13: 9781533173942","bevestigd","P3","Inhoudelijke AI-herbeoordeling van dit werk; geen auteur-/titelwoordregel. NL/EN verwijzen naar dezelfde categorie-ID. AI-bibliografische correctie: oorspronkelijke publicatie in plaats van onjuist bron-/editiejaar; geen wijziging bestaand databasejaar. Redactionele AI-indeling; geen HIGH-evidence of menselijke beoordeling. Aanvullende genres opnieuw inhoudelijk afgewogen; uitsluitend canonieke genres, doelgroep en werkvorm blijven afzonderlijk."
"LS1000-0431","De koperen tuin","Simon Vestdijk","1950","Literaire & algemene fictie","Literary & General Fiction","","volwassenen","roman","ZEKER","AI_KENNIS_HERBEOORDEELD","Nederlandstalige sleuteltekst met blijvende cultuurhistorische betekenis.","https://openlibrary.org/works/OL812194W | https://www.dbnl.org/basisbibliotheek/index.php | https://lumisco.re/book/1206","2026-09-30","1206","aanwezig","Open Library Work: OL812194W","bevestigd","P3","Canoniek categoriemodel en stabiele NL/EN-labels. NL/EN verwijzen naar dezelfde categorie-ID. Redactionele AI-indeling; geen HIGH-evidence of menselijke beoordeling. Aanvullende genres opnieuw inhoudelijk afgewogen; uitsluitend canonieke genres, doelgroep en werkvorm blijven afzonderlijk."
"LS1000-0432","De laatkomer","Dimitri Verhulst","2013","Literaire & algemene fictie","Literary & General Fiction","","volwassenen","roman","ZEKER","AI_KENNIS_HERBEOORDEELD","Nederlandstalige of Vlaamse kernselectie met blijvende lees- en ontdekkingswaarde.","https://openlibrary.org/works/OL17038431W | https://lumisco.re/book/1053","2026-09-30","1053","aanwezig","Open Library Work: OL17038431W; ISBN-13: 9789025441265","bevestigd","P3","Canoniek categoriemodel en stabiele NL/EN-labels. NL/EN verwijzen naar dezelfde categorie-ID. Redactionele AI-indeling; geen HIGH-evidence of menselijke beoordeling."
"LS1000-0433","De ontdekking van de hemel","Harry Mulisch","1992","Literaire & algemene fictie","Literary & General Fiction","","volwassenen","roman","ZEKER","AI_KENNIS_HERBEOORDEELD","Nederlandstalige of Vlaamse kernselectie met blijvende lees- en ontdekkingswaarde.","https://openlibrary.org/works/OL659062W | https://lumisco.re/book/1006","2026-09-30","1006","aanwezig","Open Library Work: OL659062W; ISBN-13: 9780141006116","bevestigd","P3","Canoniek categoriemodel en stabiele NL/EN-labels. NL/EN verwijzen naar dezelfde categorie-ID. AI-bibliografische correctie: oorspronkelijke publicatie in plaats van onjuist bron-/editiejaar; geen wijziging bestaand databasejaar. Redactionele AI-indeling; geen HIGH-evidence of menselijke beoordeling."
"LS1000-0434","De procedure","Harry Mulisch","1998","Literaire & algemene fictie","Literary & General Fiction","","volwassenen","roman","ZEKER","AI_KENNIS_HERBEOORDEELD","Nederlandstalige of Vlaamse kernselectie met blijvende lees- en ontdekkingswaarde.","https://openlibrary.org/works/OL659063W | https://lumisco.re/book/1010","2026-09-30","1010","aanwezig","Open Library Work: OL659063W; ISBN-13: 9780670910243","bevestigd","P3","Canoniek categoriemodel en stabiele NL/EN-labels. NL/EN verwijzen naar dezelfde categorie-ID. Redactionele AI-indeling; geen HIGH-evidence of menselijke beoordeling."
"LS1000-0435","De scharlaken stad","Hella S. Haasse","1953","Historische fictie","Historical Fiction","","volwassenen","roman","ZEKER","AI_KENNIS_HERBEOORDEELD","Nederlandstalige of Vlaamse kernselectie met blijvende lees- en ontdekkingswaarde.","https://openlibrary.org/works/OL1348407W | https://lumisco.re/book/1032","2026-09-30","1032","aanwezig","Open Library Work: OL1348407W; ISBN-13: 9789021465173","bevestigd","P3","Inhoudelijke AI-herbeoordeling van dit werk; geen auteur-/titelwoordregel. NL/EN verwijzen naar dezelfde categorie-ID. Redactionele AI-indeling; geen HIGH-evidence of menselijke beoordeling."
"LS1000-0436","De stille kracht","Louis Couperus","1900","Literaire & algemene fictie","Literary & General Fiction","","volwassenen","roman","WAARSCHIJNLIJK","AI_KENNIS_HERBEOORDEELD","Nederlandstalige sleuteltekst met blijvende cultuurhistorische betekenis.","https://openlibrary.org/works/OL1456909W | https://www.dbnl.org/basisbibliotheek/index.php | https://lumisco.re/book/1194","2026-09-30","1194","aanwezig","Open Library Work: OL1456909W; ISBN-13: 9789021496009","bevestigd","P3","Oorspronkelijke notitie (niet overgenomen als regel): Publicatiejaar verschilt tussen de kandidaatbron (1900) en Open Library (1971); Open Library-jaar gebruikt. Canoniek categoriemodel en stabiele NL/EN-labels. NL/EN verwijzen naar dezelfde categorie-ID. AI-bibliografische correctie: oorspronkelijke publicatie in plaats van onjuist bron-/editiejaar; geen wijziging bestaand databasejaar. Redactionele AI-indeling; geen HIGH-evidence of menselijke beoordeling. Aanvullende genres opnieuw inhoudelijk afgewogen; uitsluitend canonieke genres, doelgroep en werkvorm blijven afzonderlijk."
"LS1000-0437","De tienduizend dingen","Maria Dermoût","1955","Literaire & algemene fictie","Literary & General Fiction","","volwassenen","roman","ZEKER","AI_KENNIS_HERBEOORDEELD","Nederlandstalige sleuteltekst met blijvende cultuurhistorische betekenis.","https://openlibrary.org/works/OL45328704W | https://www.dbnl.org/basisbibliotheek/index.php | https://lumisco.re/book/1207","2026-09-30","1207","aanwezig","Open Library Work: OL45328704W","bevestigd","P3","Canoniek categoriemodel en stabiele NL/EN-labels. NL/EN verwijzen naar dezelfde categorie-ID. AI-bibliografische correctie: oorspronkelijke publicatie in plaats van onjuist bron-/editiejaar; geen wijziging bestaand databasejaar. Redactionele AI-indeling; geen HIGH-evidence of menselijke beoordeling. Aanvullende genres opnieuw inhoudelijk afgewogen; uitsluitend canonieke genres, doelgroep en werkvorm blijven afzonderlijk."
"LS1000-0438","De torens van februari","Tonke Dragt","1973","Sciencefiction","Science Fiction","","young adult","roman","ZEKER","AI_KENNIS_HERBEOORDEELD","Nederlandstalige of Vlaamse kernselectie met blijvende lees- en ontdekkingswaarde.","https://openlibrary.org/works/OL3793475W | https://lumisco.re/book/1107","2026-09-30","1107","aanwezig","Open Library Work: OL3793475W; ISBN-13: 9783407780812","niet gevonden","P3","Inhoudelijke AI-herbeoordeling van dit werk; geen auteur-/titelwoordregel. NL/EN verwijzen naar dezelfde categorie-ID. AI-bibliografische correctie: oorspronkelijke publicatie in plaats van onjuist bron-/editiejaar; geen wijziging bestaand databasejaar. Redactionele AI-indeling; geen HIGH-evidence of menselijke beoordeling. Aanvullende genres opnieuw inhoudelijk afgewogen; uitsluitend canonieke genres, doelgroep en werkvorm blijven afzonderlijk."
"LS1000-0439","De tunnel","Anna Woltz","2021","Historische fictie","Historical Fiction","","young adult","roman","ZEKER","AI_KENNIS_HERBEOORDEELD","Nederlandstalige of Vlaamse kernselectie met blijvende lees- en ontdekkingswaarde.","https://openlibrary.org/works/OL42541061W | https://lumisco.re/book/1142","2026-09-30","1142","aanwezig","Open Library Work: OL42541061W; ISBN-13: 9781836430612","niet gevonden","P3","Inhoudelijke AI-herbeoordeling van dit werk; geen auteur-/titelwoordregel. NL/EN verwijzen naar dezelfde categorie-ID. AI-bibliografische correctie: oorspronkelijke publicatie in plaats van onjuist bron-/editiejaar; geen wijziging bestaand databasejaar. Redactionele AI-indeling; geen HIGH-evidence of menselijke beoordeling. Aanvullende genres opnieuw inhoudelijk afgewogen; uitsluitend canonieke genres, doelgroep en werkvorm blijven afzonderlijk."
"LS1000-0440","De uitvreter","Nescio","1911","Literaire & algemene fictie","Literary & General Fiction","","volwassenen","kort verhaal","WAARSCHIJNLIJK","AI_KENNIS_HERBEOORDEELD","Nederlandstalige sleuteltekst met blijvende cultuurhistorische betekenis.","https://openlibrary.org/works/OL2795316W | https://www.dbnl.org/basisbibliotheek/index.php | https://lumisco.re/book/1199","2026-09-30","1199","aanwezig","Open Library Work: OL2795316W; ISBN-13: 9789028063648","bevestigd","P3","Oorspronkelijke notitie (niet overgenomen als regel): Publicatiejaar verschilt tussen de kandidaatbron (1911) en Open Library (1972); Open Library-jaar gebruikt. Canoniek categoriemodel en stabiele NL/EN-labels. NL/EN verwijzen naar dezelfde categorie-ID. Werkvorm afzonderlijk inhoudelijk gecorrigeerd; geen genre. AI-bibliografische correctie: oorspronkelijke publicatie in plaats van onjuist bron-/editiejaar; geen wijziging bestaand databasejaar. Redactionele AI-indeling; geen HIGH-evidence of menselijke beoordeling. Aanvullende genres opnieuw inhoudelijk afgewogen; uitsluitend canonieke genres, doelgroep en werkvorm blijven afzonderlijk."
"LS1000-0441","De verwondering","Hugo Claus","1962","Literaire & algemene fictie","Literary & General Fiction","","volwassenen","roman","ZEKER","AI_KENNIS_HERBEOORDEELD","Nederlandstalige of Vlaamse kernselectie met blijvende lees- en ontdekkingswaarde.","https://openlibrary.org/works/OL15056319W | https://lumisco.re/book/1023","2026-09-30","1023","aanwezig","Open Library Work: OL15056319W","bevestigd","P3","Canoniek categoriemodel en stabiele NL/EN-labels. NL/EN verwijzen naar dezelfde categorie-ID. Redactionele AI-indeling; geen HIGH-evidence of menselijke beoordeling."
"LS1000-0442","De wetten","Connie Palmen","1991","Literaire & algemene fictie","Literary & General Fiction","","volwassenen","roman","ZEKER","AI_KENNIS_HERBEOORDEELD","Nederlandstalige of Vlaamse kernselectie met blijvende lees- en ontdekkingswaarde.","https://openlibrary.org/works/OL748333W | https://lumisco.re/book/1068","2026-09-30","1068","aanwezig","Open Library Work: OL748333W; ISBN-13: 9789053330289","bevestigd","P3","Canoniek categoriemodel en stabiele NL/EN-labels. NL/EN verwijzen naar dezelfde categorie-ID. Redactionele AI-indeling; geen HIGH-evidence of menselijke beoordeling."
"LS1000-0443","De zwarte met het witte hart","Arthur Japin","1997","Historische fictie","Historical Fiction","","volwassenen","roman","ZEKER","AI_KENNIS_HERBEOORDEELD","Nederlandstalige of Vlaamse kernselectie met blijvende lees- en ontdekkingswaarde.","https://openlibrary.org/works/OL660526W | https://lumisco.re/book/1069","2026-09-30","1069","aanwezig","Open Library Work: OL660526W; ISBN-13: 9781407065854","bevestigd","P3","Inhoudelijke AI-herbeoordeling van dit werk; geen auteur-/titelwoordregel. NL/EN verwijzen naar dezelfde categorie-ID. Redactionele AI-indeling; geen HIGH-evidence of menselijke beoordeling."
"LS1000-0444","Death of a Salesman","Arthur Miller","1949","Literaire & algemene fictie","Literary & General Fiction","","volwassenen","roman","ZEKER","AI_KENNIS_HERBEOORDEELD","Blijvende publieksfavoriet en herkenbaar ijkpunt binnen het genre.","https://openlibrary.org/works/OL66346W | https://lumisco.re/book/383","2026-09-30","383","aanwezig","Open Library Work: OL66346W; ISBN-13: 9788917161120","niet gevonden","P3","Canoniek categoriemodel en stabiele NL/EN-labels. NL/EN verwijzen naar dezelfde categorie-ID. AI-bibliografische correctie: oorspronkelijke publicatie in plaats van onjuist bron-/editiejaar; geen wijziging bestaand databasejaar. Redactionele AI-indeling; geen HIGH-evidence of menselijke beoordeling. Aanvullende genres opnieuw inhoudelijk afgewogen; uitsluitend canonieke genres, doelgroep en werkvorm blijven afzonderlijk."
"LS1000-0445","Del amor y otros demonios","Gabriel García Márquez","1994","Literaire & algemene fictie","Literary & General Fiction","","volwassenen","roman","WAARSCHIJNLIJK","AI_KENNIS_HERBEOORDEELD","Veeluitgegeven internationaal werk dat de redactionele breedte van de catalogus vergroot.","https://openlibrary.org/works/OL468850W | https://openlibrary.org/subjects/literary_fiction","2026-09-30","","ontbreekt","Open Library Work: OL468850W; ISBN-13: 9780140245592","niet gevonden","P2","Canoniek categoriemodel en stabiele NL/EN-labels. NL/EN verwijzen naar dezelfde categorie-ID. Redactionele AI-indeling; geen HIGH-evidence of menselijke beoordeling."
"LS1000-0446","Demian","Hermann Hesse","1919","Literaire & algemene fictie","Literary & General Fiction","","jeugd","roman","ZEKER","AI_KENNIS_HERBEOORDEELD","Bekende jeugd- of YA-titel met blijvende ontdekkingswaarde.","https://openlibrary.org/works/OL30457295W | https://lumisco.re/book/472","2026-09-30","472","aanwezig","Open Library Work: OL30457295W; ISBN-13: 9780809590032","bevestigd","P3","Canoniek categoriemodel en stabiele NL/EN-labels. NL/EN verwijzen naar dezelfde categorie-ID. Redactionele AI-indeling; geen HIGH-evidence of menselijke beoordeling. Aanvullende genres opnieuw inhoudelijk afgewogen; uitsluitend canonieke genres, doelgroep en werkvorm blijven afzonderlijk."
"LS1000-0447","Disorientation","Elaine Hsieh Chou","2022","Literaire & algemene fictie","Literary & General Fiction","","volwassenen","roman","ZEKER","AI_KENNIS_HERBEOORDEELD","Recente, reeds verschenen titel die de selectie actueel en veelzijdig houdt.","https://openlibrary.org/works/OL25919194W | https://lumisco.re/book/935","2026-09-30","935","aanwezig","Open Library Work: OL25919194W; ISBN-13: 9780593298350","niet gevonden","P3","Canoniek categoriemodel en stabiele NL/EN-labels. NL/EN verwijzen naar dezelfde categorie-ID. Redactionele AI-indeling; geen HIGH-evidence of menselijke beoordeling."
"LS1000-0448","Dit zijn de namen","Tommy Wieringa","2012","Literaire & algemene fictie","Literary & General Fiction","","volwassenen","roman","ZEKER","AI_KENNIS_HERBEOORDEELD","Nederlandstalige of Vlaamse kernselectie met blijvende lees- en ontdekkingswaarde.","https://openlibrary.org/works/OL20393395W | https://lumisco.re/book/1038","2026-09-30","1038","aanwezig","Open Library Work: OL20393395W; ISBN-13: 9789023489917","bevestigd","P3","Canoniek categoriemodel en stabiele NL/EN-labels. NL/EN verwijzen naar dezelfde categorie-ID. AI-bibliografische correctie: oorspronkelijke publicatie in plaats van onjuist bron-/editiejaar; geen wijziging bestaand databasejaar. Redactionele AI-indeling; geen HIGH-evidence of menselijke beoordeling."
"LS1000-0449","Dog Man","Dav Pilkey","2016","Literaire & algemene fictie","Literary & General Fiction","","jeugd","roman","ZEKER","AI_KENNIS_HERBEOORDEELD","Bekende jeugd- of YA-titel met blijvende ontdekkingswaarde.","https://openlibrary.org/works/OL17610986W | https://lumisco.re/book/455","2026-09-30","455","aanwezig","Open Library Work: OL17610986W; ISBN-13: 9780545581608","bevestigd","P3","Canoniek categoriemodel en stabiele NL/EN-labels. NL/EN verwijzen naar dezelfde categorie-ID. AI-bibliografische correctie: oorspronkelijke publicatie in plaats van onjuist bron-/editiejaar; geen wijziging bestaand databasejaar. Redactionele AI-indeling; geen HIGH-evidence of menselijke beoordeling. Aanvullende genres opnieuw inhoudelijk afgewogen; uitsluitend canonieke genres, doelgroep en werkvorm blijven afzonderlijk."
"LS1000-0450","Dolfje Weerwolfje","Paul van Loon","1996","Fantasy","Fantasy","","jeugd","roman","ZEKER","AI_KENNIS_HERBEOORDEELD","Nederlandstalige of Vlaamse kernselectie met blijvende lees- en ontdekkingswaarde.","https://openlibrary.org/works/OL2286363W | https://lumisco.re/book/1132","2026-09-30","1132","aanwezig","Open Library Work: OL2286363W; ISBN-13: 9789025845261","bevestigd","P3","Inhoudelijke AI-herbeoordeling van dit werk; geen auteur-/titelwoordregel. NL/EN verwijzen naar dezelfde categorie-ID. Redactionele AI-indeling; geen HIGH-evidence of menselijke beoordeling. Aanvullende genres opnieuw inhoudelijk afgewogen; uitsluitend canonieke genres, doelgroep en werkvorm blijven afzonderlijk."
"LS1000-0451","Don Quixote","Miguel de Cervantes Saavedra","1605","Literaire & algemene fictie","Literary & General Fiction","","volwassenen","roman","ZEKER","AI_KENNIS_HERBEOORDEELD","Blijvende publieksfavoriet en herkenbaar ijkpunt binnen het genre.","https://openlibrary.org/works/OL503666W | https://lumisco.re/book/316","2026-09-30","316","aanwezig","Open Library Work: OL503666W; ISBN-13: 9781596251380","bevestigd","P3","Canoniek categoriemodel en stabiele NL/EN-labels. NL/EN verwijzen naar dezelfde categorie-ID. AI-bibliografische correctie: oorspronkelijke publicatie in plaats van onjuist bron-/editiejaar; geen wijziging bestaand databasejaar. Redactionele AI-indeling; geen HIGH-evidence of menselijke beoordeling. Aanvullende genres opnieuw inhoudelijk afgewogen; uitsluitend canonieke genres, doelgroep en werkvorm blijven afzonderlijk."
"LS1000-0452","Double Down","Jeff Kinney","2016","Literaire & algemene fictie","Literary & General Fiction","","jeugd","roman","ZEKER","AI_KENNIS_HERBEOORDEELD","Bekende jeugd- of YA-titel met blijvende ontdekkingswaarde.","https://openlibrary.org/works/OL17603394W | https://lumisco.re/book/462","2026-09-30","462","aanwezig","Open Library Work: OL17603394W; ISBN-13: 9781419723445","bevestigd","P3","Canoniek categoriemodel en stabiele NL/EN-labels. NL/EN verwijzen naar dezelfde categorie-ID. AI-bibliografische correctie: oorspronkelijke publicatie in plaats van onjuist bron-/editiejaar; geen wijziging bestaand databasejaar. Redactionele AI-indeling; geen HIGH-evidence of menselijke beoordeling. Aanvullende genres opnieuw inhoudelijk afgewogen; uitsluitend canonieke genres, doelgroep en werkvorm blijven afzonderlijk."
"LS1000-0453","Dubliners","James Joyce","1914","Literaire & algemene fictie","Literary & General Fiction","","volwassenen","verhalenbundel","ZEKER","AI_KENNIS_HERBEOORDEELD","Blijvende publieksfavoriet en herkenbaar ijkpunt binnen het genre.","https://openlibrary.org/works/OL86320W | https://lumisco.re/book/333","2026-09-30","333","aanwezig","Open Library Work: OL86320W; ISBN-13: 9781980351924","bevestigd","P3","Canoniek categoriemodel en stabiele NL/EN-labels. NL/EN verwijzen naar dezelfde categorie-ID. Redactionele AI-indeling; geen HIGH-evidence of menselijke beoordeling. Aanvullende genres opnieuw inhoudelijk afgewogen; uitsluitend canonieke genres, doelgroep en werkvorm blijven afzonderlijk."
"LS1000-0454","Een vlucht regenwulpen","Maarten 't Hart","1978","Literaire & algemene fictie","Literary & General Fiction","","volwassenen","roman","ZEKER","AI_KENNIS_HERBEOORDEELD","Nederlandstalige of Vlaamse kernselectie met blijvende lees- en ontdekkingswaarde.","https://openlibrary.org/works/OL719962W | https://lumisco.re/book/1064","2026-09-30","1064","aanwezig","Open Library Work: OL719962W; ISBN-13: 9789029518215","bevestigd","P3","Canoniek categoriemodel en stabiele NL/EN-labels. NL/EN verwijzen naar dezelfde categorie-ID. Redactionele AI-indeling; geen HIGH-evidence of menselijke beoordeling."
"LS1000-0455","Eline Vere","Louis Couperus","1889","Literaire & algemene fictie","Literary & General Fiction","","volwassenen","roman","ZEKER","AI_KENNIS_HERBEOORDEELD","Nederlandstalige sleuteltekst met blijvende cultuurhistorische betekenis.","https://openlibrary.org/works/OL1456910W | https://www.dbnl.org/basisbibliotheek/index.php | https://lumisco.re/book/1193","2026-09-30","1193","aanwezig","Open Library Work: OL1456910W; ISBN-13: 9789020425895","bevestigd","P3","Canoniek categoriemodel en stabiele NL/EN-labels. NL/EN verwijzen naar dezelfde categorie-ID. AI-bibliografische correctie: oorspronkelijke publicatie in plaats van onjuist bron-/editiejaar; geen wijziging bestaand databasejaar. Redactionele AI-indeling; geen HIGH-evidence of menselijke beoordeling. Aanvullende genres opnieuw inhoudelijk afgewogen; uitsluitend canonieke genres, doelgroep en werkvorm blijven afzonderlijk."
"LS1000-0456","Familieziek","Adriaan van Dis","2002","Literaire & algemene fictie","Literary & General Fiction","","volwassenen","roman","ZEKER","AI_KENNIS_HERBEOORDEELD","Nederlandstalige of Vlaamse kernselectie met blijvende lees- en ontdekkingswaarde.","https://openlibrary.org/works/OL2415116W | https://lumisco.re/book/1063","2026-09-30","1063","aanwezig","Open Library Work: OL2415116W; ISBN-13: 9789045700410","bevestigd","P3","Canoniek categoriemodel en stabiele NL/EN-labels. NL/EN verwijzen naar dezelfde categorie-ID. Redactionele AI-indeling; geen HIGH-evidence of menselijke beoordeling."
"LS1000-0457","Fiona and Jane","Jean Chen Ho","2022","Literaire & algemene fictie","Literary & General Fiction","","volwassenen","roman","ZEKER","AI_KENNIS_HERBEOORDEELD","Recente, reeds verschenen titel die de selectie actueel en veelzijdig houdt.","https://openlibrary.org/works/OL24507036W | https://lumisco.re/book/973","2026-09-30","973","aanwezig","Open Library Work: OL24507036W; ISBN-13: 9781432894467","niet gevonden","P3","Canoniek categoriemodel en stabiele NL/EN-labels. NL/EN verwijzen naar dezelfde categorie-ID. Redactionele AI-indeling; geen HIGH-evidence of menselijke beoordeling."
"LS1000-0458","Flyy girl","Omar Tyree","1993","Literaire & algemene fictie","Literary & General Fiction","","volwassenen","roman","ZEKER","AI_KENNIS_HERBEOORDEELD","Blijvende publieksfavoriet en herkenbaar ijkpunt binnen het genre.","https://openlibrary.org/works/OL40930W | https://lumisco.re/book/923","2026-09-30","923","aanwezig","Open Library Work: OL40930W; ISBN-13: 9780743218573","niet gevonden","P3","Canoniek categoriemodel en stabiele NL/EN-labels. NL/EN verwijzen naar dezelfde categorie-ID. Redactionele AI-indeling; geen HIGH-evidence of menselijke beoordeling."
"LS1000-0459","Four Treasures of the Sky","Jenny Tinghui Zhang","2022","Historische fictie","Historical Fiction","","volwassenen","roman","ZEKER","AI_KENNIS_HERBEOORDEELD","Recente, reeds verschenen titel die de selectie actueel en veelzijdig houdt.","https://openlibrary.org/works/OL24529907W | https://lumisco.re/book/934","2026-09-30","934","aanwezig","Open Library Work: OL24529907W; ISBN-13: 9780241533024","niet gevonden","P3","Inhoudelijke AI-herbeoordeling van dit werk; geen auteur-/titelwoordregel. NL/EN verwijzen naar dezelfde categorie-ID. Redactionele AI-indeling; geen HIGH-evidence of menselijke beoordeling."
"LS1000-0460","Geachte heer M.","Herman Koch","2014","Thrillers & spanning","Thrillers & Suspense","","volwassenen","roman","ZEKER","AI_KENNIS_HERBEOORDEELD","Nederlandstalige of Vlaamse kernselectie met blijvende lees- en ontdekkingswaarde.","https://openlibrary.org/works/OL17321275W | https://lumisco.re/book/1035","2026-09-30","1035","aanwezig","Open Library Work: OL17321275W; ISBN-13: 9781101903322","bevestigd","P3","Inhoudelijke AI-herbeoordeling van dit werk; geen auteur-/titelwoordregel. NL/EN verwijzen naar dezelfde categorie-ID. Redactionele AI-indeling; geen HIGH-evidence of menselijke beoordeling."
"LS1000-0461","Geef me de ruimte!","Thea Beckman","1976","Historische fictie","Historical Fiction","","young adult","roman","ZEKER","AI_KENNIS_HERBEOORDEELD","Nederlandstalige of Vlaamse kernselectie met blijvende lees- en ontdekkingswaarde.","https://openlibrary.org/works/OL17211843W | https://lumisco.re/book/1112","2026-09-30","1112","aanwezig","Open Library Work: OL17211843W; ISBN-13: 9789056377298","bevestigd","P3","Inhoudelijke AI-herbeoordeling van dit werk; geen auteur-/titelwoordregel. NL/EN verwijzen naar dezelfde categorie-ID. AI-bibliografische correctie: oorspronkelijke publicatie in plaats van onjuist bron-/editiejaar; geen wijziging bestaand databasejaar. Redactionele AI-indeling; geen HIGH-evidence of menselijke beoordeling. Aanvullende genres opnieuw inhoudelijk afgewogen; uitsluitend canonieke genres, doelgroep en werkvorm blijven afzonderlijk."
"LS1000-0462","Geheimen van het Wilde Woud","Tonke Dragt","1965","Fantasy","Fantasy","","jeugd","roman","ZEKER","AI_KENNIS_HERBEOORDEELD","Nederlandstalige of Vlaamse kernselectie met blijvende lees- en ontdekkingswaarde.","https://openlibrary.org/works/OL3793463W | https://lumisco.re/book/1106","2026-09-30","1106","aanwezig","Open Library Work: OL3793463W; ISBN-13: 9781782690634","bevestigd","P3","Inhoudelijke AI-herbeoordeling van dit werk; geen auteur-/titelwoordregel. NL/EN verwijzen naar dezelfde categorie-ID. AI-bibliografische correctie: oorspronkelijke publicatie in plaats van onjuist bron-/editiejaar; geen wijziging bestaand databasejaar. Redactionele AI-indeling; geen HIGH-evidence of menselijke beoordeling. Aanvullende genres opnieuw inhoudelijk afgewogen; uitsluitend canonieke genres, doelgroep en werkvorm blijven afzonderlijk."
"LS1000-0463","Giovanni's Room","James Baldwin","1956","Literaire & algemene fictie","Literary & General Fiction","","volwassenen","roman","ZEKER","AI_KENNIS_HERBEOORDEELD","Blijvende publieksfavoriet en herkenbaar ijkpunt binnen het genre.","https://openlibrary.org/works/OL228702W | https://lumisco.re/book/381","2026-09-30","381","aanwezig","Open Library Work: OL228702W; ISBN-13: 9780385274654","niet gevonden","P3","Canoniek categoriemodel en stabiele NL/EN-labels. NL/EN verwijzen naar dezelfde categorie-ID. Redactionele AI-indeling; geen HIGH-evidence of menselijke beoordeling. Aanvullende genres opnieuw inhoudelijk afgewogen; uitsluitend canonieke genres, doelgroep en werkvorm blijven afzonderlijk."
"LS1000-0464","Gips","Anna Woltz","2015","Literaire & algemene fictie","Literary & General Fiction","","young adult","roman","ZEKER","AI_KENNIS_HERBEOORDEELD","Nederlandstalige of Vlaamse kernselectie met blijvende lees- en ontdekkingswaarde.","https://openlibrary.org/works/OL24395092W | https://lumisco.re/book/1139","2026-09-30","1139","aanwezig","Open Library Work: OL24395092W; ISBN-13: 9789045117829","niet onderzocht","P3","Canoniek categoriemodel en stabiele NL/EN-labels. NL/EN verwijzen naar dezelfde categorie-ID. Redactionele AI-indeling; geen HIGH-evidence of menselijke beoordeling. Aanvullende genres opnieuw inhoudelijk afgewogen; uitsluitend canonieke genres, doelgroep en werkvorm blijven afzonderlijk."
"LS1000-0465","Girl in Pieces","Kathleen Glasgow","2016","Literaire & algemene fictie","Literary & General Fiction","","jeugd","roman","WAARSCHIJNLIJK","AI_KENNIS_HERBEOORDEELD","Bekende jeugd- of YA-titel met blijvende ontdekkingswaarde.","https://openlibrary.org/works/OL20234863W | https://lumisco.re/book/451","2026-09-30","451","aanwezig","Open Library Work: OL20234863W; ISBN-13: 9781101934746","niet gevonden","P3","Oorspronkelijke notitie (niet overgenomen als regel): Publicatiejaar verschilt tussen de kandidaatbron (2016) en Open Library (2000); Open Library-jaar gebruikt. Canoniek categoriemodel en stabiele NL/EN-labels. NL/EN verwijzen naar dezelfde categorie-ID. AI-bibliografische correctie: oorspronkelijke publicatie in plaats van onjuist bron-/editiejaar; geen wijziging bestaand databasejaar. Redactionele AI-indeling; geen HIGH-evidence of menselijke beoordeling. Aanvullende genres opnieuw inhoudelijk afgewogen; uitsluitend canonieke genres, doelgroep en werkvorm blijven afzonderlijk."
"LS1000-0466","Girl in translation","Jean Kwok","2010","Literaire & algemene fictie","Literary & General Fiction","","volwassenen","roman","ZEKER","AI_KENNIS_HERBEOORDEELD","Blijvende publieksfavoriet en herkenbaar ijkpunt binnen het genre.","https://openlibrary.org/works/OL16500286W | https://lumisco.re/book/941","2026-09-30","941","aanwezig","Open Library Work: OL16500286W; ISBN-13: 9781594487569","niet gevonden","P3","Canoniek categoriemodel en stabiele NL/EN-labels. NL/EN verwijzen naar dezelfde categorie-ID. Redactionele AI-indeling; geen HIGH-evidence of menselijke beoordeling."
"LS1000-0467","Girl, Woman, Other","Bernardine Evaristo","2019","Literaire & algemene fictie","Literary & General Fiction","","volwassenen","roman","ZEKER","AI_KENNIS_HERBEOORDEELD","Bekroonde literaire titel die de internationale kernselectie versterkt.","https://openlibrary.org/works/OL20470196W | https://thebookerprizes.com/the-booker-library/features/full-list-of-booker-prize-winners-shortlisted-and-longlisted-authors | https://lumisco.re/book/922","2026-09-30","922","aanwezig","Open Library Work: OL20470196W; ISBN-13: 9780802156983","niet gevonden","P3","Canoniek categoriemodel en stabiele NL/EN-labels. NL/EN verwijzen naar dezelfde categorie-ID. Redactionele AI-indeling; geen HIGH-evidence of menselijke beoordeling."
"LS1000-0468","Grand Hotel Europa","Ilja Leonard Pfeijffer","2018","Literaire & algemene fictie","Literary & General Fiction","","volwassenen","roman","ZEKER","AI_KENNIS_HERBEOORDEELD","Nederlandstalige of Vlaamse kernselectie met blijvende lees- en ontdekkingswaarde.","https://openlibrary.org/works/OL24320267W | https://lumisco.re/book/1042","2026-09-30","1042","aanwezig","Open Library Work: OL24320267W; ISBN-13: 9780008375379","bevestigd","P3","Canoniek categoriemodel en stabiele NL/EN-labels. NL/EN verwijzen naar dezelfde categorie-ID. Redactionele AI-indeling; geen HIGH-evidence of menselijke beoordeling."
"LS1000-0469","Great Expectations","Charles Dickens","1861","Literaire & algemene fictie","Literary & General Fiction","","volwassenen","roman","ZEKER","AI_KENNIS_HERBEOORDEELD","Blijvende klassieker; de openbare lezersplank is alleen als aanvullend signaal gebruikt.","https://openlibrary.org/works/OL8721462W | https://www.goodreads.com/shelf/show/top-250 | https://lumisco.re/book/326","2026-09-30","326","aanwezig","Open Library Work: OL8721462W; ISBN-13: 9780340871614","bevestigd","P3","Canoniek categoriemodel en stabiele NL/EN-labels. NL/EN verwijzen naar dezelfde categorie-ID. Redactionele AI-indeling; geen HIGH-evidence of menselijke beoordeling. Aanvullende genres opnieuw inhoudelijk afgewogen; uitsluitend canonieke genres, doelgroep en werkvorm blijven afzonderlijk."
"LS1000-0470","Hamlet","William Shakespeare","1603","Literaire & algemene fictie","Literary & General Fiction","","volwassenen","toneelstuk","ZEKER","AI_KENNIS_HERBEOORDEELD","Blijvende publieksfavoriet en herkenbaar ijkpunt binnen het genre.","https://openlibrary.org/works/OL9170454W | https://lumisco.re/book/313","2026-09-30","313","aanwezig","Open Library Work: OL9170454W; ISBN-13: 9798524860576","bevestigd","P3","Canoniek categoriemodel en stabiele NL/EN-labels. NL/EN verwijzen naar dezelfde categorie-ID. Redactionele AI-indeling; geen HIGH-evidence of menselijke beoordeling. Aanvullende genres opnieuw inhoudelijk afgewogen; uitsluitend canonieke genres, doelgroep en werkvorm blijven afzonderlijk."
"LS1000-0471","Hard Luck","Jeff Kinney","2013","Literaire & algemene fictie","Literary & General Fiction","","jeugd","roman","ZEKER","AI_KENNIS_HERBEOORDEELD","Bekende jeugd- of YA-titel met blijvende ontdekkingswaarde.","https://openlibrary.org/works/OL16810620W | https://lumisco.re/book/474","2026-09-30","474","aanwezig","Open Library Work: OL16810620W; ISBN-13: 9781419711329","niet gevonden","P3","Canoniek categoriemodel en stabiele NL/EN-labels. NL/EN verwijzen naar dezelfde categorie-ID. Redactionele AI-indeling; geen HIGH-evidence of menselijke beoordeling. Aanvullende genres opnieuw inhoudelijk afgewogen; uitsluitend canonieke genres, doelgroep en werkvorm blijven afzonderlijk."
"LS1000-0472","Hasse Simonsdochter","Thea Beckman","1983","Historische fictie","Historical Fiction","","young adult","roman","ZEKER","AI_KENNIS_HERBEOORDEELD","Nederlandstalige of Vlaamse kernselectie met blijvende lees- en ontdekkingswaarde.","https://openlibrary.org/works/OL1736487W | https://lumisco.re/book/1117","2026-09-30","1117","aanwezig","Open Library Work: OL1736487W; ISBN-13: 9789060695401","bevestigd","P3","Inhoudelijke AI-herbeoordeling van dit werk; geen auteur-/titelwoordregel. NL/EN verwijzen naar dezelfde categorie-ID. AI-bibliografische correctie: oorspronkelijke publicatie in plaats van onjuist bron-/editiejaar; geen wijziging bestaand databasejaar. Redactionele AI-indeling; geen HIGH-evidence of menselijke beoordeling. Aanvullende genres opnieuw inhoudelijk afgewogen; uitsluitend canonieke genres, doelgroep en werkvorm blijven afzonderlijk."
"LS1000-0473","Hatchet","Gary Paulsen","1987","Literaire & algemene fictie","Literary & General Fiction","","jeugd","roman","ZEKER","AI_KENNIS_HERBEOORDEELD","Bekende jeugd- of YA-titel met blijvende ontdekkingswaarde.","https://openlibrary.org/works/OL8125760W | https://lumisco.re/book/449","2026-09-30","449","aanwezig","Open Library Work: OL8125760W; ISBN-13: 9780395752203","niet gevonden","P3","Canoniek categoriemodel en stabiele NL/EN-labels. NL/EN verwijzen naar dezelfde categorie-ID. AI-bibliografische correctie: oorspronkelijke publicatie in plaats van onjuist bron-/editiejaar; geen wijziging bestaand databasejaar. Redactionele AI-indeling; geen HIGH-evidence of menselijke beoordeling. Aanvullende genres opnieuw inhoudelijk afgewogen; uitsluitend canonieke genres, doelgroep en werkvorm blijven afzonderlijk."
"LS1000-0474","Hearts in Atlantis","Stephen King","1999","Horror","Horror","Fantasy","volwassenen","verhalenbundel","WAARSCHIJNLIJK","AI_KENNIS_HERBEOORDEELD","Veeluitgegeven internationaal werk dat de redactionele breedte van de catalogus vergroot.","https://openlibrary.org/works/OL81624W | https://openlibrary.org/subjects/literary_fiction","2026-09-30","","ontbreekt","Open Library Work: OL81624W; ISBN-13: 9781844561605","niet gevonden","P2","Inhoudelijke AI-herbeoordeling van dit werk; geen auteur-/titelwoordregel. NL/EN verwijzen naar dezelfde categorie-ID. Redactionele AI-indeling; geen HIGH-evidence of menselijke beoordeling. Aanvullende genres opnieuw inhoudelijk afgewogen; uitsluitend canonieke genres, doelgroep en werkvorm blijven afzonderlijk."
"LS1000-0475","Herinneringen van een engelbewaarder","Willem Frederik Hermans","1971","Historische fictie","Historical Fiction","","volwassenen","roman","ZEKER","AI_KENNIS_HERBEOORDEELD","Nederlandstalige of Vlaamse kernselectie met blijvende lees- en ontdekkingswaarde.","https://openlibrary.org/works/OL11780437W | https://lumisco.re/book/1015","2026-09-30","1015","aanwezig","Open Library Work: OL11780437W; ISBN-13: 9789044335781","bevestigd","P3","Inhoudelijke AI-herbeoordeling van dit werk; geen auteur-/titelwoordregel. NL/EN verwijzen naar dezelfde categorie-ID. Redactionele AI-indeling; geen HIGH-evidence of menselijke beoordeling."
"LS1000-0476","Het beste wat we hebben","Griet Op de Beeck","2017","Literaire & algemene fictie","Literary & General Fiction","","volwassenen","roman","ZEKER","AI_KENNIS_HERBEOORDEELD","Nederlandstalige of Vlaamse kernselectie met blijvende lees- en ontdekkingswaarde.","https://openlibrary.org/works/OL24440493W | https://lumisco.re/book/1055","2026-09-30","1055","aanwezig","Open Library Work: OL24440493W; ISBN-13: 9789044629378","bevestigd","P3","Canoniek categoriemodel en stabiele NL/EN-labels. NL/EN verwijzen naar dezelfde categorie-ID. Redactionele AI-indeling; geen HIGH-evidence of menselijke beoordeling."
"LS1000-0477","Het diner","Herman Koch","2009","Thrillers & spanning","Thrillers & Suspense","","volwassenen","roman","ZEKER","AI_KENNIS_HERBEOORDEELD","Nederlandstalige of Vlaamse kernselectie met blijvende lees- en ontdekkingswaarde.","https://openlibrary.org/works/OL2486917W | https://lumisco.re/book/1033","2026-09-30","1033","aanwezig","Open Library Work: OL2486917W; ISBN-13: 9780770437855","bevestigd","P3","Inhoudelijke AI-herbeoordeling van dit werk; geen auteur-/titelwoordregel. NL/EN verwijzen naar dezelfde categorie-ID. Redactionele AI-indeling; geen HIGH-evidence of menselijke beoordeling. Aanvullende genres opnieuw inhoudelijk afgewogen; uitsluitend canonieke genres, doelgroep en werkvorm blijven afzonderlijk."
"LS1000-0478","Het dwaallicht","Willem Elsschot","1946","Literaire & algemene fictie","Literary & General Fiction","","volwassenen","roman","ZEKER","AI_KENNIS_HERBEOORDEELD","Nederlandstalige sleuteltekst met blijvende cultuurhistorische betekenis.","https://openlibrary.org/works/OL23961881W | https://www.dbnl.org/basisbibliotheek/index.php | https://lumisco.re/book/1209","2026-09-30","1209","aanwezig","Open Library Work: OL23961881W; ISBN-13: 9789025311599","bevestigd","P3","Canoniek categoriemodel en stabiele NL/EN-labels. NL/EN verwijzen naar dezelfde categorie-ID. AI-bibliografische correctie: oorspronkelijke publicatie in plaats van onjuist bron-/editiejaar; geen wijziging bestaand databasejaar. Redactionele AI-indeling; geen HIGH-evidence of menselijke beoordeling. Aanvullende genres opnieuw inhoudelijk afgewogen; uitsluitend canonieke genres, doelgroep en werkvorm blijven afzonderlijk."
"LS1000-0479","Het Gulden Vlies van Thule","Thea Beckman","1989","Sciencefiction","Science Fiction","","young adult","roman","ZEKER","AI_KENNIS_HERBEOORDEELD","Nederlandstalige of Vlaamse kernselectie met blijvende lees- en ontdekkingswaarde.","https://openlibrary.org/works/OL45476471W | https://lumisco.re/book/1116","2026-09-30","1116","aanwezig","Open Library Work: OL45476471W; ISBN-13: 9789047750505","bevestigd","P3","Inhoudelijke AI-herbeoordeling van dit werk; geen auteur-/titelwoordregel. NL/EN verwijzen naar dezelfde categorie-ID. Redactionele AI-indeling; geen HIGH-evidence of menselijke beoordeling. Aanvullende genres opnieuw inhoudelijk afgewogen; uitsluitend canonieke genres, doelgroep en werkvorm blijven afzonderlijk."
"LS1000-0480","Het helse paradijs","Thea Beckman","1987","Sciencefiction","Science Fiction","","young adult","roman","ZEKER","AI_KENNIS_HERBEOORDEELD","Nederlandstalige of Vlaamse kernselectie met blijvende lees- en ontdekkingswaarde.","https://openlibrary.org/works/OL24542304W | https://lumisco.re/book/1115","2026-09-30","1115","aanwezig","Open Library Work: OL24542304W; ISBN-13: 9789060696668","bevestigd","P3","Inhoudelijke AI-herbeoordeling van dit werk; geen auteur-/titelwoordregel. NL/EN verwijzen naar dezelfde categorie-ID. Redactionele AI-indeling; geen HIGH-evidence of menselijke beoordeling. Aanvullende genres opnieuw inhoudelijk afgewogen; uitsluitend canonieke genres, doelgroep en werkvorm blijven afzonderlijk."
"LS1000-0481","Het rad van fortuin","Thea Beckman","1978","Historische fictie","Historical Fiction","","young adult","roman","ZEKER","AI_KENNIS_HERBEOORDEELD","Nederlandstalige of Vlaamse kernselectie met blijvende lees- en ontdekkingswaarde.","https://openlibrary.org/works/OL1736489W | https://lumisco.re/book/1114","2026-09-30","1114","aanwezig","Open Library Work: OL1736489W; ISBN-13: 9789060693575","bevestigd","P3","Inhoudelijke AI-herbeoordeling van dit werk; geen auteur-/titelwoordregel. NL/EN verwijzen naar dezelfde categorie-ID. AI-bibliografische correctie: oorspronkelijke publicatie in plaats van onjuist bron-/editiejaar; geen wijziging bestaand databasejaar. Redactionele AI-indeling; geen HIGH-evidence of menselijke beoordeling. Aanvullende genres opnieuw inhoudelijk afgewogen; uitsluitend canonieke genres, doelgroep en werkvorm blijven afzonderlijk."
"LS1000-0482","Het smelt","Lize Spit","2016","Literaire & algemene fictie","Literary & General Fiction","","volwassenen","roman","ZEKER","AI_KENNIS_HERBEOORDEELD","Nederlandstalige of Vlaamse kernselectie met blijvende lees- en ontdekkingswaarde.","https://openlibrary.org/works/OL34323377W | https://lumisco.re/book/1049","2026-09-30","1049","aanwezig","Open Library Work: OL34323377W; ISBN-13: 9789082410617","bevestigd","P3","Canoniek categoriemodel en stabiele NL/EN-labels. NL/EN verwijzen naar dezelfde categorie-ID. AI-bibliografische correctie: oorspronkelijke publicatie in plaats van onjuist bron-/editiejaar; geen wijziging bestaand databasejaar. Redactionele AI-indeling; geen HIGH-evidence of menselijke beoordeling."
"LS1000-0483","Het stenen bruidsbed","Harry Mulisch","1959","Literaire & algemene fictie","Literary & General Fiction","","volwassenen","roman","ZEKER","AI_KENNIS_HERBEOORDEELD","Nederlandstalige of Vlaamse kernselectie met blijvende lees- en ontdekkingswaarde.","https://openlibrary.org/works/OL659052W | https://lumisco.re/book/1009","2026-09-30","1009","aanwezig","Open Library Work: OL659052W; ISBN-13: 9783518221921","bevestigd","P3","Canoniek categoriemodel en stabiele NL/EN-labels. NL/EN verwijzen naar dezelfde categorie-ID. Redactionele AI-indeling; geen HIGH-evidence of menselijke beoordeling."
"LS1000-0484","Het verdriet van België","Hugo Claus","1983","Literaire & algemene fictie","Literary & General Fiction","","volwassenen","roman","ZEKER","AI_KENNIS_HERBEOORDEELD","Nederlandstalige of Vlaamse kernselectie met blijvende lees- en ontdekkingswaarde.","https://openlibrary.org/works/OL165559W | https://lumisco.re/book/1021","2026-09-30","1021","aanwezig","Open Library Work: OL165559W; ISBN-13: 9789023428732","bevestigd","P3","Canoniek categoriemodel en stabiele NL/EN-labels. NL/EN verwijzen naar dezelfde categorie-ID. Redactionele AI-indeling; geen HIGH-evidence of menselijke beoordeling."
"LS1000-0485","Het volgende verhaal","Cees Nooteboom","1991","Literaire & algemene fictie","Literary & General Fiction","","volwassenen","roman","ZEKER","AI_KENNIS_HERBEOORDEELD","Nederlandstalige of Vlaamse kernselectie met blijvende lees- en ontdekkingswaarde.","https://openlibrary.org/works/OL643733W | https://lumisco.re/book/1026","2026-09-30","1026","aanwezig","Open Library Work: OL643733W; ISBN-13: 9783763241194","niet gevonden","P3","Canoniek categoriemodel en stabiele NL/EN-labels. NL/EN verwijzen naar dezelfde categorie-ID. Redactionele AI-indeling; geen HIGH-evidence of menselijke beoordeling."
"LS1000-0486","Het woeden der gehele wereld","Maarten 't Hart","1993","Thrillers & spanning","Thrillers & Suspense","","volwassenen","roman","ZEKER","AI_KENNIS_HERBEOORDEELD","Nederlandstalige of Vlaamse kernselectie met blijvende lees- en ontdekkingswaarde.","https://openlibrary.org/works/OL719963W | https://lumisco.re/book/1065","2026-09-30","1065","aanwezig","Open Library Work: OL719963W; ISBN-13: 9789029520249","bevestigd","P3","Inhoudelijke AI-herbeoordeling van dit werk; geen auteur-/titelwoordregel. NL/EN verwijzen naar dezelfde categorie-ID. Redactionele AI-indeling; geen HIGH-evidence of menselijke beoordeling."
"LS1000-0487","Het woud der verwachting","Hella S. Haasse","1949","Historische fictie","Historical Fiction","","volwassenen","roman","ZEKER","AI_KENNIS_HERBEOORDEELD","Nederlandstalige of Vlaamse kernselectie met blijvende lees- en ontdekkingswaarde.","https://openlibrary.org/works/OL34953098W | https://lumisco.re/book/1030","2026-09-30","1030","aanwezig","Open Library Work: OL34953098W; ISBN-13: 9789021434223","niet onderzocht","P3","Inhoudelijke AI-herbeoordeling van dit werk; geen auteur-/titelwoordregel. NL/EN verwijzen naar dezelfde categorie-ID. Redactionele AI-indeling; geen HIGH-evidence of menselijke beoordeling."
"LS1000-0488","Holes","Louis Sachar","1998","Literaire & algemene fictie","Literary & General Fiction","","jeugd","roman","ZEKER","AI_KENNIS_HERBEOORDEELD","Bekende jeugd- of YA-titel met blijvende ontdekkingswaarde.","https://openlibrary.org/works/OL116250W | https://lumisco.re/book/448","2026-09-30","448","aanwezig","Open Library Work: OL116250W; ISBN-13: 9780374332662","niet gevonden","P3","Canoniek categoriemodel en stabiele NL/EN-labels. NL/EN verwijzen naar dezelfde categorie-ID. AI-bibliografische correctie: oorspronkelijke publicatie in plaats van onjuist bron-/editiejaar; geen wijziging bestaand databasejaar. Redactionele AI-indeling; geen HIGH-evidence of menselijke beoordeling. Aanvullende genres opnieuw inhoudelijk afgewogen; uitsluitend canonieke genres, doelgroep en werkvorm blijven afzonderlijk."
"LS1000-0489","Homeland Elegies","Ayad Akhtar","2020","Literaire & algemene fictie","Literary & General Fiction","","volwassenen","roman","ZEKER","AI_KENNIS_HERBEOORDEELD","Recente, reeds verschenen titel die de selectie actueel en veelzijdig houdt.","https://openlibrary.org/works/OL20936065W | https://lumisco.re/book/912","2026-09-30","912","aanwezig","Open Library Work: OL20936065W; ISBN-13: 9780316496421","niet gevonden","P3","Canoniek categoriemodel en stabiele NL/EN-labels. NL/EN verwijzen naar dezelfde categorie-ID. Redactionele AI-indeling; geen HIGH-evidence of menselijke beoordeling. Aanvullende genres opnieuw inhoudelijk afgewogen; uitsluitend canonieke genres, doelgroep en werkvorm blijven afzonderlijk."
"LS1000-0490","Honderd uur nacht","Anna Woltz","2014","Literaire & algemene fictie","Literary & General Fiction","","jeugd","roman","ZEKER","AI_KENNIS_HERBEOORDEELD","Nederlandstalige of Vlaamse kernselectie met blijvende lees- en ontdekkingswaarde.","https://openlibrary.org/works/OL21294698W | https://lumisco.re/book/1138","2026-09-30","1138","aanwezig","Open Library Work: OL21294698W; ISBN-13: 9780545848282","niet gevonden","P3","Canoniek categoriemodel en stabiele NL/EN-labels. NL/EN verwijzen naar dezelfde categorie-ID. AI-bibliografische correctie: oorspronkelijke publicatie in plaats van onjuist bron-/editiejaar; geen wijziging bestaand databasejaar. Redactionele AI-indeling; geen HIGH-evidence of menselijke beoordeling. Aanvullende genres opnieuw inhoudelijk afgewogen; uitsluitend canonieke genres, doelgroep en werkvorm blijven afzonderlijk."
"LS1000-0491","House of Sand and Fog","Andre Dubus III","1999","Literaire & algemene fictie","Literary & General Fiction","","volwassenen","roman","ZEKER","AI_KENNIS_HERBEOORDEELD","Blijvende publieksfavoriet en herkenbaar ijkpunt binnen het genre.","https://openlibrary.org/works/OL483502W | https://lumisco.re/book/907","2026-09-30","907","aanwezig","Open Library Work: OL483502W; ISBN-13: 9780393338119","niet gevonden","P3","Canoniek categoriemodel en stabiele NL/EN-labels. NL/EN verwijzen naar dezelfde categorie-ID. Redactionele AI-indeling; geen HIGH-evidence of menselijke beoordeling. Aanvullende genres opnieuw inhoudelijk afgewogen; uitsluitend canonieke genres, doelgroep en werkvorm blijven afzonderlijk."
"LS1000-0492","How to Pronounce Knife","Souvankham Thammavongsa","2020","Literaire & algemene fictie","Literary & General Fiction","","volwassenen","roman","ZEKER","AI_KENNIS_HERBEOORDEELD","Blijvende publieksfavoriet en herkenbaar ijkpunt binnen het genre.","https://openlibrary.org/works/OL21253072W | https://lumisco.re/book/920","2026-09-30","920","aanwezig","Open Library Work: OL21253072W; ISBN-13: 9780316422130","niet gevonden","P3","Canoniek categoriemodel en stabiele NL/EN-labels. NL/EN verwijzen naar dezelfde categorie-ID. AI-bibliografische correctie: oorspronkelijke publicatie in plaats van onjuist bron-/editiejaar; geen wijziging bestaand databasejaar. Redactionele AI-indeling; geen HIGH-evidence of menselijke beoordeling."
"LS1000-0493","How to write an autobiographical novel","Alexander Chee","2018","Kunst & cultuur","Arts & Culture","","volwassenen","roman","ZEKER","AI_KENNIS_HERBEOORDEELD","Blijvende publieksfavoriet en herkenbaar ijkpunt binnen het genre.","https://openlibrary.org/works/OL19738261W | https://lumisco.re/book/933","2026-09-30","933","aanwezig","Open Library Work: OL19738261W; ISBN-13: 9781328764522","niet gevonden","P3","Inhoudelijke AI-herbeoordeling van dit werk; geen auteur-/titelwoordregel. NL/EN verwijzen naar dezelfde categorie-ID. Redactionele AI-indeling; geen HIGH-evidence of menselijke beoordeling."
"LS1000-0494","If I had your face","Frances Cha","2020","Literaire & algemene fictie","Literary & General Fiction","","volwassenen","roman","ZEKER","AI_KENNIS_HERBEOORDEELD","Recente, reeds verschenen titel die de selectie actueel en veelzijdig houdt.","https://openlibrary.org/works/OL20692414W | https://lumisco.re/book/925","2026-09-30","925","aanwezig","Open Library Work: OL20692414W; ISBN-13: 9780241396070","niet gevonden","P3","Canoniek categoriemodel en stabiele NL/EN-labels. NL/EN verwijzen naar dezelfde categorie-ID. Redactionele AI-indeling; geen HIGH-evidence of menselijke beoordeling."
"LS1000-0495","Ik ben er niet","Lize Spit","2020","Literaire & algemene fictie","Literary & General Fiction","","volwassenen","roman","ZEKER","AI_KENNIS_HERBEOORDEELD","Nederlandstalige of Vlaamse kernselectie met blijvende lees- en ontdekkingswaarde.","https://openlibrary.org/works/OL24326452W | https://lumisco.re/book/1050","2026-09-30","1050","aanwezig","Open Library Work: OL24326452W; ISBN-13: 9789493168718","bevestigd","P3","Canoniek categoriemodel en stabiele NL/EN-labels. NL/EN verwijzen naar dezelfde categorie-ID. Redactionele AI-indeling; geen HIGH-evidence of menselijke beoordeling."
"LS1000-0496","Im Westen nichts Neues","Erich Maria Remarque","1928","Literaire & algemene fictie","Literary & General Fiction","","volwassenen","roman","ZEKER","AI_KENNIS_HERBEOORDEELD","Blijvende publieksfavoriet en herkenbaar ijkpunt binnen het genre.","https://openlibrary.org/works/OL1209288W | https://lumisco.re/book/365","2026-09-30","365","aanwezig","Open Library Work: OL1209288W; ISBN-13: 9780099455745","niet gevonden","P3","Canoniek categoriemodel en stabiele NL/EN-labels. NL/EN verwijzen naar dezelfde categorie-ID. Redactionele AI-indeling; geen HIGH-evidence of menselijke beoordeling. Aanvullende genres opnieuw inhoudelijk afgewogen; uitsluitend canonieke genres, doelgroep en werkvorm blijven afzonderlijk."
"LS1000-0497","Indische duinen","Adriaan van Dis","1994","Literaire & algemene fictie","Literary & General Fiction","","volwassenen","roman","ZEKER","AI_KENNIS_HERBEOORDEELD","Nederlandstalige of Vlaamse kernselectie met blijvende lees- en ontdekkingswaarde.","https://openlibrary.org/works/OL9960466W | https://lumisco.re/book/1062","2026-09-30","1062","aanwezig","Open Library Work: OL9960466W; ISBN-13: 9780434010479","bevestigd","P3","Canoniek categoriemodel en stabiele NL/EN-labels. NL/EN verwijzen naar dezelfde categorie-ID. AI-bibliografische correctie: oorspronkelijke publicatie in plaats van onjuist bron-/editiejaar; geen wijziging bestaand databasejaar. Redactionele AI-indeling; geen HIGH-evidence of menselijke beoordeling."
"LS1000-0498","Interior Chinatown","Charles Yu","2020","Literaire & algemene fictie","Literary & General Fiction","","volwassenen","roman","ZEKER","AI_KENNIS_HERBEOORDEELD","Recente, reeds verschenen titel die de selectie actueel en veelzijdig houdt.","https://openlibrary.org/works/OL20991105W | https://lumisco.re/book/928","2026-09-30","928","aanwezig","Open Library Work: OL20991105W; ISBN-13: 9780307948472","niet gevonden","P3","Canoniek categoriemodel en stabiele NL/EN-labels. NL/EN verwijzen naar dezelfde categorie-ID. Redactionele AI-indeling; geen HIGH-evidence of menselijke beoordeling. Aanvullende genres opnieuw inhoudelijk afgewogen; uitsluitend canonieke genres, doelgroep en werkvorm blijven afzonderlijk."
"LS1000-0499","Invisible Man","Ralph Ellison","1952","Literaire & algemene fictie","Literary & General Fiction","","volwassenen","roman","ZEKER","AI_KENNIS_HERBEOORDEELD","Blijvende klassieker; de openbare lezersplank is alleen als aanvullend signaal gebruikt.","https://openlibrary.org/works/OL495470W | https://www.goodreads.com/shelf/show/top-250 | https://lumisco.re/book/354","2026-09-30","354","aanwezig","Open Library Work: OL495470W; ISBN-13: 9780318767772","niet gevonden","P3","Canoniek categoriemodel en stabiele NL/EN-labels. NL/EN verwijzen naar dezelfde categorie-ID. AI-bibliografische correctie: oorspronkelijke publicatie in plaats van onjuist bron-/editiejaar; geen wijziging bestaand databasejaar. Redactionele AI-indeling; geen HIGH-evidence of menselijke beoordeling. Aanvullende genres opnieuw inhoudelijk afgewogen; uitsluitend canonieke genres, doelgroep en werkvorm blijven afzonderlijk."
"LS1000-0500","Joan Is Okay","Weike Wang","2022","Literaire & algemene fictie","Literary & General Fiction","","volwassenen","roman","ZEKER","AI_KENNIS_HERBEOORDEELD","Recente, reeds verschenen titel die de selectie actueel en veelzijdig houdt.","https://openlibrary.org/works/OL24444922W | https://lumisco.re/book/962","2026-09-30","962","aanwezig","Open Library Work: OL24444922W; ISBN-13: 9780525654834","niet gevonden","P3","Canoniek categoriemodel en stabiele NL/EN-labels. NL/EN verwijzen naar dezelfde categorie-ID. Redactionele AI-indeling; geen HIGH-evidence of menselijke beoordeling. Aanvullende genres opnieuw inhoudelijk afgewogen; uitsluitend canonieke genres, doelgroep en werkvorm blijven afzonderlijk."
"LS1000-0501","Joe Speedboot","Tommy Wieringa","2005","Literaire & algemene fictie","Literary & General Fiction","","volwassenen","roman","ZEKER","AI_KENNIS_HERBEOORDEELD","Nederlandstalige of Vlaamse kernselectie met blijvende lees- en ontdekkingswaarde.","https://openlibrary.org/works/OL14988838W | https://lumisco.re/book/1037","2026-09-30","1037","aanwezig","Open Library Work: OL14988838W; ISBN-13: 9781846271038","bevestigd","P3","Canoniek categoriemodel en stabiele NL/EN-labels. NL/EN verwijzen naar dezelfde categorie-ID. Redactionele AI-indeling; geen HIGH-evidence of menselijke beoordeling."
"LS1000-0502","Julius Caesar","William Shakespeare","1623","Literaire & algemene fictie","Literary & General Fiction","","volwassenen","toneelstuk","WAARSCHIJNLIJK","AI_KENNIS + GERICHTE_BRONCONTROLE","Blijvende publieksfavoriet en herkenbaar ijkpunt binnen het genre.","https://openlibrary.org/works/OL362702W | https://lumisco.re/book/320 | https://www.folger.edu/explore/shakespeares-works/julius-caesar/","2026-09-30","320","aanwezig","Open Library Work: OL362702W; ISBN-13: 9798657692389","niet gevonden","P3","Oorspronkelijke notitie (niet overgenomen als regel): Publicatiejaar verschilt tussen de kandidaatbron (1599) en Open Library (1656); Open Library-jaar gebruikt. Canoniek categoriemodel en stabiele NL/EN-labels. NL/EN verwijzen naar dezelfde categorie-ID. Werkvorm afzonderlijk inhoudelijk gecorrigeerd; geen genre. Eerste druk 1623, niet de opvoering rond 1599. Redactionele AI-indeling; geen HIGH-evidence of menselijke beoordeling. Aanvullende genres opnieuw inhoudelijk afgewogen; uitsluitend canonieke genres, doelgroep en werkvorm blijven afzonderlijk. Eerste publicatie 1623."
"LS1000-0503","Kaas","Willem Elsschot","1933","Literaire & algemene fictie","Literary & General Fiction","","volwassenen","roman","ZEKER","AI_KENNIS_HERBEOORDEELD","Nederlandstalige sleuteltekst met blijvende cultuurhistorische betekenis.","https://openlibrary.org/works/OL1232228W | https://www.dbnl.org/basisbibliotheek/index.php | https://lumisco.re/book/1208","2026-09-30","1208","aanwezig","Open Library Work: OL1232228W; ISBN-13: 9780798127868","bevestigd","P3","Canoniek categoriemodel en stabiele NL/EN-labels. NL/EN verwijzen naar dezelfde categorie-ID. Redactionele AI-indeling; geen HIGH-evidence of menselijke beoordeling. Aanvullende genres opnieuw inhoudelijk afgewogen; uitsluitend canonieke genres, doelgroep en werkvorm blijven afzonderlijk."
"LS1000-0504","Kappen!","Carry Slee","1996","Literaire & algemene fictie","Literary & General Fiction","","young adult","roman","ZEKER","AI_KENNIS_HERBEOORDEELD","Nederlandstalige of Vlaamse kernselectie met blijvende lees- en ontdekkingswaarde.","https://openlibrary.org/works/OL20660640W | https://lumisco.re/book/1129","2026-09-30","1129","aanwezig","Open Library Work: OL20660640W","bevestigd","P3","Canoniek categoriemodel en stabiele NL/EN-labels. NL/EN verwijzen naar dezelfde categorie-ID. AI-bibliografische correctie: oorspronkelijke publicatie in plaats van onjuist bron-/editiejaar; geen wijziging bestaand databasejaar. Redactionele AI-indeling; geen HIGH-evidence of menselijke beoordeling. Aanvullende genres opnieuw inhoudelijk afgewogen; uitsluitend canonieke genres, doelgroep en werkvorm blijven afzonderlijk."
"LS1000-0505","Karakter","F. Bordewijk","1938","Literaire & algemene fictie","Literary & General Fiction","","volwassenen","roman","ZEKER","AI_KENNIS_HERBEOORDEELD","Nederlandstalige sleuteltekst met blijvende cultuurhistorische betekenis.","https://openlibrary.org/works/OL1355544W | https://www.dbnl.org/basisbibliotheek/index.php | https://lumisco.re/book/1203","2026-09-30","1203","aanwezig","Open Library Work: OL1355544W; ISBN-13: 9789023652779","bevestigd","P3","Canoniek categoriemodel en stabiele NL/EN-labels. NL/EN verwijzen naar dezelfde categorie-ID. Redactionele AI-indeling; geen HIGH-evidence of menselijke beoordeling. Aanvullende genres opnieuw inhoudelijk afgewogen; uitsluitend canonieke genres, doelgroep en werkvorm blijven afzonderlijk."
"LS1000-0506","Kees de jongen","Theo Thijssen","1923","Literaire & algemene fictie","Literary & General Fiction","","volwassenen","roman","ZEKER","AI_KENNIS_HERBEOORDEELD","Nederlandstalige sleuteltekst met blijvende cultuurhistorische betekenis.","https://openlibrary.org/works/OL3065424W | https://www.dbnl.org/basisbibliotheek/index.php | https://lumisco.re/book/1211","2026-09-30","1211","aanwezig","Open Library Work: OL3065424W; ISBN-13: 9789026959318","bevestigd","P3","Canoniek categoriemodel en stabiele NL/EN-labels. NL/EN verwijzen naar dezelfde categorie-ID. AI-bibliografische correctie: oorspronkelijke publicatie in plaats van onjuist bron-/editiejaar; geen wijziging bestaand databasejaar. Redactionele AI-indeling; geen HIGH-evidence of menselijke beoordeling. Aanvullende genres opnieuw inhoudelijk afgewogen; uitsluitend canonieke genres, doelgroep en werkvorm blijven afzonderlijk."
"LS1000-0507","Kinderen van Moeder Aarde","Thea Beckman","1985","Sciencefiction","Science Fiction","","young adult","roman","ZEKER","AI_KENNIS_HERBEOORDEELD","Nederlandstalige of Vlaamse kernselectie met blijvende lees- en ontdekkingswaarde.","https://openlibrary.org/works/OL24343787W | https://lumisco.re/book/1251","2026-09-30","1251","aanwezig","Open Library Work: OL24343787W; ISBN-13: 9789060696125","niet onderzocht","P3","Inhoudelijke AI-herbeoordeling van dit werk; geen auteur-/titelwoordregel. NL/EN verwijzen naar dezelfde categorie-ID. Redactionele AI-indeling; geen HIGH-evidence of menselijke beoordeling. Aanvullende genres opnieuw inhoudelijk afgewogen; uitsluitend canonieke genres, doelgroep en werkvorm blijven afzonderlijk."
"LS1000-0508","Kitchen","吉本 ばなな","1988","Literaire & algemene fictie","Literary & General Fiction","","volwassenen","roman","ZEKER","AI_KENNIS_HERBEOORDEELD","Blijvende publieksfavoriet en herkenbaar ijkpunt binnen het genre.","https://openlibrary.org/works/OL2637599W | https://lumisco.re/book/917","2026-09-30","917","aanwezig","Open Library Work: OL2637599W; ISBN-13: 9788937403170","niet gevonden","P3","Canoniek categoriemodel en stabiele NL/EN-labels. NL/EN verwijzen naar dezelfde categorie-ID. Redactionele AI-indeling; geen HIGH-evidence of menselijke beoordeling."
"LS1000-0509","Knorrende beesten","F. Bordewijk","1933","Literaire & algemene fictie","Literary & General Fiction","","volwassenen","roman","ZEKER","AI_KENNIS_HERBEOORDEELD","Nederlandstalige sleuteltekst met blijvende cultuurhistorische betekenis.","https://openlibrary.org/works/OL14904174W | https://www.dbnl.org/basisbibliotheek/index.php | https://lumisco.re/book/1204","2026-09-30","1204","aanwezig","Open Library Work: OL14904174W","niet onderzocht","P3","Canoniek categoriemodel en stabiele NL/EN-labels. NL/EN verwijzen naar dezelfde categorie-ID. Redactionele AI-indeling; geen HIGH-evidence of menselijke beoordeling. Aanvullende genres opnieuw inhoudelijk afgewogen; uitsluitend canonieke genres, doelgroep en werkvorm blijven afzonderlijk."
"LS1000-0510","Kom hier dat ik u kus","Griet Op de Beeck","2014","Literaire & algemene fictie","Literary & General Fiction","","volwassenen","roman","ZEKER","AI_KENNIS_HERBEOORDEELD","Nederlandstalige of Vlaamse kernselectie met blijvende lees- en ontdekkingswaarde.","https://openlibrary.org/works/OL24318637W | https://lumisco.re/book/1054","2026-09-30","1054","aanwezig","Open Library Work: OL24318637W; ISBN-13: 9789044623109","bevestigd","P3","Canoniek categoriemodel en stabiele NL/EN-labels. NL/EN verwijzen naar dezelfde categorie-ID. Redactionele AI-indeling; geen HIGH-evidence of menselijke beoordeling."
"LS1000-0511","Koning van Katoren","Jan Terlouw","1971","Fantasy","Fantasy","","young adult","roman","ZEKER","AI_KENNIS_HERBEOORDEELD","Nederlandstalige of Vlaamse kernselectie met blijvende lees- en ontdekkingswaarde.","https://openlibrary.org/works/OL3681910W | https://lumisco.re/book/1118","2026-09-30","1118","aanwezig","Open Library Work: OL3681910W; ISBN-13: 9780803830394","bevestigd","P3","Inhoudelijke AI-herbeoordeling van dit werk; geen auteur-/titelwoordregel. NL/EN verwijzen naar dezelfde categorie-ID. Redactionele AI-indeling; geen HIGH-evidence of menselijke beoordeling. Aanvullende genres opnieuw inhoudelijk afgewogen; uitsluitend canonieke genres, doelgroep en werkvorm blijven afzonderlijk."
"LS1000-0512","Krassen in het tafelblad","Guus Kuijer","1978","Literaire & algemene fictie","Literary & General Fiction","","jeugd","roman","ZEKER","AI_KENNIS_HERBEOORDEELD","Nederlandstalige of Vlaamse kernselectie met blijvende lees- en ontdekkingswaarde.","https://openlibrary.org/works/OL4390386W | https://lumisco.re/book/1136","2026-09-30","1136","aanwezig","Open Library Work: OL4390386W; ISBN-13: 9789021472010","bevestigd","P3","Canoniek categoriemodel en stabiele NL/EN-labels. NL/EN verwijzen naar dezelfde categorie-ID. Redactionele AI-indeling; geen HIGH-evidence of menselijke beoordeling. Aanvullende genres opnieuw inhoudelijk afgewogen; uitsluitend canonieke genres, doelgroep en werkvorm blijven afzonderlijk."
"LS1000-0513","Kushiel's dart","Jacqueline Carey","2001","Fantasy","Fantasy","","volwassenen","roman","ZEKER","AI_KENNIS_HERBEOORDEELD","Blijvende publieksfavoriet en herkenbaar ijkpunt binnen het genre.","https://openlibrary.org/works/OL2719901W | https://lumisco.re/book/929","2026-09-30","929","aanwezig","Open Library Work: OL2719901W; ISBN-13: 9781429910903","niet gevonden","P3","Inhoudelijke AI-herbeoordeling van dit werk; geen auteur-/titelwoordregel. NL/EN verwijzen naar dezelfde categorie-ID. Redactionele AI-indeling; geen HIGH-evidence of menselijke beoordeling."
"LS1000-0514","La sombra del viento","Carlos Ruiz Zafón","2001","Literaire & algemene fictie","Literary & General Fiction","Detectives & misdaadfictie","volwassenen","roman","WAARSCHIJNLIJK","AI_KENNIS + GERICHTE_BRONCONTROLE","Veeluitgegeven internationaal werk dat de redactionele breedte van de catalogus vergroot.","https://openlibrary.org/works/OL278437W | https://openlibrary.org/subjects/literary_fiction | https://www.bibliotheek.nl/catalogus/titel.410962694.html/de-schaduw-van-de-wind/","2026-09-30","1936","aanwezig","Open Library Work: OL278437W; ISBN-13: 9784087605082","niet gevonden","P2","Canoniek categoriemodel en stabiele NL/EN-labels. NL/EN verwijzen naar dezelfde categorie-ID. Redactionele AI-indeling; geen HIGH-evidence of menselijke beoordeling. Aanvullende genres opnieuw inhoudelijk afgewogen; uitsluitend canonieke genres, doelgroep en werkvorm blijven afzonderlijk. Vertaling gematcht op bestaand Work 1936; geen nieuwe Work. Bibliotheek bevestigt Nederlandse vertaling; origineel en vertaling zijn hetzelfde werk. Vertaling van La sombra del viento, oorspronkelijke Spaanse publicatie 2001; bestaand Work 1936 behouden."
"LS1000-0515","La Superba","Ilja Leonard Pfeijffer","2013","Literaire & algemene fictie","Literary & General Fiction","","volwassenen","roman","ZEKER","AI_KENNIS_HERBEOORDEELD","Nederlandstalige of Vlaamse kernselectie met blijvende lees- en ontdekkingswaarde.","https://openlibrary.org/works/OL30706292W | https://lumisco.re/book/1041","2026-09-30","1041","aanwezig","Open Library Work: OL30706292W; ISBN-13: 9789029540711","niet onderzocht","P3","Canoniek categoriemodel en stabiele NL/EN-labels. NL/EN verwijzen naar dezelfde categorie-ID. AI-bibliografische correctie: oorspronkelijke publicatie in plaats van onjuist bron-/editiejaar; geen wijziging bestaand databasejaar. Redactionele AI-indeling; geen HIGH-evidence of menselijke beoordeling."
"LS1000-0516","Labyrinths","Jorge Luis Borges","1962","Literaire & algemene fictie","Literary & General Fiction","","volwassenen","roman","ZEKER","AI_KENNIS_HERBEOORDEELD","Blijvende publieksfavoriet en herkenbaar ijkpunt binnen het genre.","https://openlibrary.org/works/OL110959W | https://lumisco.re/book/356","2026-09-30","356","aanwezig","Open Library Work: OL110959W; ISBN-13: 9780140180299","niet gevonden","P3","Canoniek categoriemodel en stabiele NL/EN-labels. NL/EN verwijzen naar dezelfde categorie-ID. Redactionele AI-indeling; geen HIGH-evidence of menselijke beoordeling. Aanvullende genres opnieuw inhoudelijk afgewogen; uitsluitend canonieke genres, doelgroep en werkvorm blijven afzonderlijk."
"LS1000-0517","Lampje","Annet Schaap","2017","Fantasy","Fantasy","","jeugd","roman","ZEKER","AI_KENNIS_HERBEOORDEELD","Nederlandstalige of Vlaamse kernselectie met blijvende lees- en ontdekkingswaarde.","https://openlibrary.org/works/OL19735887W | https://lumisco.re/book/1141","2026-09-30","1141","aanwezig","Open Library Work: OL19735887W; ISBN-13: 9789045120379","bevestigd","P3","Inhoudelijke AI-herbeoordeling van dit werk; geen auteur-/titelwoordregel. NL/EN verwijzen naar dezelfde categorie-ID. Redactionele AI-indeling; geen HIGH-evidence of menselijke beoordeling. Aanvullende genres opnieuw inhoudelijk afgewogen; uitsluitend canonieke genres, doelgroep en werkvorm blijven afzonderlijk."
"LS1000-0518","Land of Big Numbers","Te-Ping Chen","2021","Literaire & algemene fictie","Literary & General Fiction","","volwassenen","roman","ZEKER","AI_KENNIS_HERBEOORDEELD","Recente, reeds verschenen titel die de selectie actueel en veelzijdig houdt.","https://openlibrary.org/works/OL21175853W | https://lumisco.re/book/967","2026-09-30","967","aanwezig","Open Library Work: OL21175853W; ISBN-13: 9780358331544","niet gevonden","P3","Canoniek categoriemodel en stabiele NL/EN-labels. NL/EN verwijzen naar dezelfde categorie-ID. AI-bibliografische correctie: oorspronkelijke publicatie in plaats van onjuist bron-/editiejaar; geen wijziging bestaand databasejaar. Redactionele AI-indeling; geen HIGH-evidence of menselijke beoordeling."
"LS1000-0519","Little Gods","Meng Jin","2020","Literaire & algemene fictie","Literary & General Fiction","","volwassenen","roman","ZEKER","AI_KENNIS_HERBEOORDEELD","Recente, reeds verschenen titel die de selectie actueel en veelzijdig houdt.","https://openlibrary.org/works/OL20639227W | https://lumisco.re/book/1005","2026-09-30","1005","aanwezig","Open Library Work: OL20639227W; ISBN-13: 9780062935953","niet gevonden","P3","Canoniek categoriemodel en stabiele NL/EN-labels. NL/EN verwijzen naar dezelfde categorie-ID. Redactionele AI-indeling; geen HIGH-evidence of menselijke beoordeling."
"LS1000-0520","Looking for Alaska","John Green","2005","Literaire & algemene fictie","Literary & General Fiction","","jeugd","roman","ZEKER","AI_KENNIS_HERBEOORDEELD","Bekende jeugd- of YA-titel met blijvende ontdekkingswaarde.","https://openlibrary.org/works/OL265426W | https://lumisco.re/book/456","2026-09-30","456","aanwezig","Open Library Work: OL265426W; ISBN-13: 9781429526999","niet gevonden","P3","Canoniek categoriemodel en stabiele NL/EN-labels. NL/EN verwijzen naar dezelfde categorie-ID. Redactionele AI-indeling; geen HIGH-evidence of menselijke beoordeling. Aanvullende genres opnieuw inhoudelijk afgewogen; uitsluitend canonieke genres, doelgroep en werkvorm blijven afzonderlijk."
"LS1000-0521","Loveless","Alice Oseman","2020","Literaire & algemene fictie","Literary & General Fiction","","young adult","roman","ZEKER","AI_KENNIS_HERBEOORDEELD","Recente, reeds verschenen titel die de selectie actueel en veelzijdig houdt.","https://openlibrary.org/works/OL22670634W | https://lumisco.re/book/517","2026-09-30","517","aanwezig","Open Library Work: OL22670634W; ISBN-13: 9780008244125","niet gevonden","P3","Canoniek categoriemodel en stabiele NL/EN-labels. NL/EN verwijzen naar dezelfde categorie-ID. Redactionele AI-indeling; geen HIGH-evidence of menselijke beoordeling. Aanvullende genres opnieuw inhoudelijk afgewogen; uitsluitend canonieke genres, doelgroep en werkvorm blijven afzonderlijk."
"LS1000-0522","Lover of loser","Carry Slee","2006","Literaire & algemene fictie","Literary & General Fiction","","young adult","roman","ZEKER","AI_KENNIS_HERBEOORDEELD","Nederlandstalige of Vlaamse kernselectie met blijvende lees- en ontdekkingswaarde.","https://openlibrary.org/works/OL26178174W | https://lumisco.re/book/1128","2026-09-30","1128","aanwezig","Open Library Work: OL26178174W; ISBN-13: 9789049921446","bevestigd","P3","Canoniek categoriemodel en stabiele NL/EN-labels. NL/EN verwijzen naar dezelfde categorie-ID. Redactionele AI-indeling; geen HIGH-evidence of menselijke beoordeling. Aanvullende genres opnieuw inhoudelijk afgewogen; uitsluitend canonieke genres, doelgroep en werkvorm blijven afzonderlijk."
"LS1000-0523","Macbeth","William Shakespeare","1623","Literaire & algemene fictie","Literary & General Fiction","","volwassenen","toneelstuk","WAARSCHIJNLIJK","AI_KENNIS + GERICHTE_BRONCONTROLE","Blijvende publieksfavoriet en herkenbaar ijkpunt binnen het genre.","https://openlibrary.org/works/OL258902W | https://lumisco.re/book/323 | https://www.folger.edu/explore/shakespeares-works/macbeth/an-introduction-to-this-text/","2026-09-30","323","aanwezig","Open Library Work: OL258902W; ISBN-13: 9780511704253","bevestigd","P3","Oorspronkelijke notitie (niet overgenomen als regel): Publicatiejaar verschilt tussen de kandidaatbron (1606) en Open Library (1508); Open Library-jaar gebruikt. Canoniek categoriemodel en stabiele NL/EN-labels. NL/EN verwijzen naar dezelfde categorie-ID. Eerste gedrukte publicatie 1623; ontstaan/opvoering rond 1606 is een ander gegeven. Redactionele AI-indeling; geen HIGH-evidence of menselijke beoordeling. Aanvullende genres opnieuw inhoudelijk afgewogen; uitsluitend canonieke genres, doelgroep en werkvorm blijven afzonderlijk. Eerste gedrukte publicatie 1623."
"LS1000-0524","Madame Bovary","Gustave Flaubert","1856","Literaire & algemene fictie","Literary & General Fiction","","volwassenen","roman","ZEKER","AI_KENNIS_HERBEOORDEELD","Blijvende klassieker; de openbare lezersplank is alleen als aanvullend signaal gebruikt.","https://openlibrary.org/works/OL893707W | https://www.goodreads.com/shelf/show/top-250 | https://lumisco.re/book/351","2026-09-30","351","aanwezig","Open Library Work: OL893707W; ISBN-13: 9798716069299","bevestigd","P3","Canoniek categoriemodel en stabiele NL/EN-labels. NL/EN verwijzen naar dezelfde categorie-ID. Redactionele AI-indeling; geen HIGH-evidence of menselijke beoordeling. Aanvullende genres opnieuw inhoudelijk afgewogen; uitsluitend canonieke genres, doelgroep en werkvorm blijven afzonderlijk."
"LS1000-0525","Max Havelaar","Multatuli","1860","Literaire & algemene fictie","Literary & General Fiction","","volwassenen","roman","WAARSCHIJNLIJK","AI_KENNIS_HERBEOORDEELD","Nederlandstalige sleuteltekst met blijvende cultuurhistorische betekenis.","https://openlibrary.org/works/OL38786499W | https://www.dbnl.org/basisbibliotheek/index.php | https://lumisco.re/book/1192","2026-09-30","1192","aanwezig","Open Library Work: OL38786499W; ISBN-13: 9781479265107","bevestigd","P3","Oorspronkelijke notitie (niet overgenomen als regel): Publicatiejaar verschilt tussen de kandidaatbron (1860) en Open Library (1875); Open Library-jaar gebruikt. Canoniek categoriemodel en stabiele NL/EN-labels. NL/EN verwijzen naar dezelfde categorie-ID. AI-bibliografische correctie: oorspronkelijke publicatie in plaats van onjuist bron-/editiejaar; geen wijziging bestaand databasejaar. Redactionele AI-indeling; geen HIGH-evidence of menselijke beoordeling. Aanvullende genres opnieuw inhoudelijk afgewogen; uitsluitend canonieke genres, doelgroep en werkvorm blijven afzonderlijk."
"LS1000-0526","Meester Kikker","Paul van Loon","1995","Fantasy","Fantasy","","jeugd","roman","ZEKER","AI_KENNIS_HERBEOORDEELD","Nederlandstalige of Vlaamse kernselectie met blijvende lees- en ontdekkingswaarde.","https://openlibrary.org/works/OL2286364W | https://lumisco.re/book/1133","2026-09-30","1133","aanwezig","Open Library Work: OL2286364W; ISBN-13: 9789066921467","bevestigd","P3","Inhoudelijke AI-herbeoordeling van dit werk; geen auteur-/titelwoordregel. NL/EN verwijzen naar dezelfde categorie-ID. Redactionele AI-indeling; geen HIGH-evidence of menselijke beoordeling. Aanvullende genres opnieuw inhoudelijk afgewogen; uitsluitend canonieke genres, doelgroep en werkvorm blijven afzonderlijk."
"LS1000-0527","Metamorphoses","Ovid","","Literaire & algemene fictie","Literary & General Fiction","","volwassenen","poëzie","ZEKER","AI_KENNIS_HERBEOORDEELD","Blijvende publieksfavoriet en herkenbaar ijkpunt binnen het genre.","https://openlibrary.org/works/OL15292640W | https://lumisco.re/book/343","2026-09-30","343","aanwezig","Open Library Work: OL15292640W; ISBN-13: 9780890054642","bevestigd","P3","Canoniek categoriemodel en stabiele NL/EN-labels. NL/EN verwijzen naar dezelfde categorie-ID. Werkvorm afzonderlijk inhoudelijk gecorrigeerd; geen genre. Exact oorspronkelijk publicatiejaar onvoldoende vastgesteld; niet afleiden van editie/ontstaan. Redactionele AI-indeling; geen HIGH-evidence of menselijke beoordeling. Aanvullende genres opnieuw inhoudelijk afgewogen; uitsluitend canonieke genres, doelgroep en werkvorm blijven afzonderlijk."
"LS1000-0528","Middlemarch","George Eliot","1871","Literaire & algemene fictie","Literary & General Fiction","","volwassenen","roman","ZEKER","AI_KENNIS_HERBEOORDEELD","Blijvende publieksfavoriet en herkenbaar ijkpunt binnen het genre.","https://openlibrary.org/works/OL20867W | https://lumisco.re/book/329","2026-09-30","329","aanwezig","Open Library Work: OL20867W; ISBN-13: 9781408291405","niet gevonden","P3","Canoniek categoriemodel en stabiele NL/EN-labels. NL/EN verwijzen naar dezelfde categorie-ID. AI-bibliografische correctie: oorspronkelijke publicatie in plaats van onjuist bron-/editiejaar; geen wijziging bestaand databasejaar. Redactionele AI-indeling; geen HIGH-evidence of menselijke beoordeling. Aanvullende genres opnieuw inhoudelijk afgewogen; uitsluitend canonieke genres, doelgroep en werkvorm blijven afzonderlijk."
"LS1000-0529","Midnight's Children","Salman Rushdie","1981","Literaire & algemene fictie","Literary & General Fiction","Fantasy","volwassenen","roman","WAARSCHIJNLIJK","AI_KENNIS_HERBEOORDEELD","Veeluitgegeven internationaal werk dat de redactionele breedte van de catalogus vergroot.","https://openlibrary.org/works/OL457179W | https://openlibrary.org/subjects/literary_fiction | https://thebookerprizes.com/the-booker-library/features/full-list-of-booker-prize-winners-shortlisted-and-longlisted-authors","2026-09-30","","ontbreekt","Open Library Work: OL457179W; ISBN-13: 9781283999816","bevestigd","P1","Canoniek categoriemodel en stabiele NL/EN-labels. NL/EN verwijzen naar dezelfde categorie-ID. Redactionele AI-indeling; geen HIGH-evidence of menselijke beoordeling. Aanvullende genres opnieuw inhoudelijk afgewogen; uitsluitend canonieke genres, doelgroep en werkvorm blijven afzonderlijk."
"LS1000-0530","Mijn lieve gunsteling","Marieke Lucas Rijneveld","2020","Literaire & algemene fictie","Literary & General Fiction","","volwassenen","roman","ZEKER","AI_KENNIS_HERBEOORDEELD","Nederlandstalige of Vlaamse kernselectie met blijvende lees- en ontdekkingswaarde.","https://openlibrary.org/works/OL24147196W | https://lumisco.re/book/1059","2026-09-30","1059","aanwezig","Open Library Work: OL24147196W; ISBN-13: 9789025470142","bevestigd","P3","Canoniek categoriemodel en stabiele NL/EN-labels. NL/EN verwijzen naar dezelfde categorie-ID. Redactionele AI-indeling; geen HIGH-evidence of menselijke beoordeling."
"LS1000-0531","Minoes","Annie M.G. Schmidt","1970","Fantasy","Fantasy","","jeugd","roman","ZEKER","AI_KENNIS_HERBEOORDEELD","Nederlandstalige of Vlaamse kernselectie met blijvende lees- en ontdekkingswaarde.","https://openlibrary.org/works/OL3173342W | https://lumisco.re/book/1103","2026-09-30","1103","aanwezig","Open Library Work: OL3173342W","bevestigd","P3","Inhoudelijke AI-herbeoordeling van dit werk; geen auteur-/titelwoordregel. NL/EN verwijzen naar dezelfde categorie-ID. Redactionele AI-indeling; geen HIGH-evidence of menselijke beoordeling. Aanvullende genres opnieuw inhoudelijk afgewogen; uitsluitend canonieke genres, doelgroep en werkvorm blijven afzonderlijk."
"LS1000-0532","Moeder en zoon","Gerard Reve","1980","Literaire & algemene fictie","Literary & General Fiction","","volwassenen","roman","ZEKER","AI_KENNIS_HERBEOORDEELD","Nederlandstalige of Vlaamse kernselectie met blijvende lees- en ontdekkingswaarde.","https://openlibrary.org/works/OL699585W | https://lumisco.re/book/1019","2026-09-30","1019","aanwezig","Open Library Work: OL699585W; ISBN-13: 9789010031150","bevestigd","P3","Canoniek categoriemodel en stabiele NL/EN-labels. NL/EN verwijzen naar dezelfde categorie-ID. Redactionele AI-indeling; geen HIGH-evidence of menselijke beoordeling."
"LS1000-0533","Moedervlekken","Arnon Grunberg","2016","Literaire & algemene fictie","Literary & General Fiction","","volwassenen","roman","ZEKER","AI_KENNIS_HERBEOORDEELD","Nederlandstalige of Vlaamse kernselectie met blijvende lees- en ontdekkingswaarde.","https://openlibrary.org/works/OL20815006W | https://lumisco.re/book/1048","2026-09-30","1048","aanwezig","Open Library Work: OL20815006W; ISBN-13: 9783462049251","niet onderzocht","P3","Canoniek categoriemodel en stabiele NL/EN-labels. NL/EN verwijzen naar dezelfde categorie-ID. Redactionele AI-indeling; geen HIGH-evidence of menselijke beoordeling."
"LS1000-0534","Mrs. Dalloway","Virginia Woolf","1925","Literaire & algemene fictie","Literary & General Fiction","","volwassenen","roman","ZEKER","AI_KENNIS_HERBEOORDEELD","Blijvende klassieker; de openbare lezersplank is alleen als aanvullend signaal gebruikt.","https://openlibrary.org/works/OL39349W | https://www.goodreads.com/shelf/show/top-250 | https://lumisco.re/book/435","2026-09-30","435","aanwezig","Open Library Work: OL39349W; ISBN-13: 9798773072058","bevestigd","P3","Canoniek categoriemodel en stabiele NL/EN-labels. NL/EN verwijzen naar dezelfde categorie-ID. Redactionele AI-indeling; geen HIGH-evidence of menselijke beoordeling. Aanvullende genres opnieuw inhoudelijk afgewogen; uitsluitend canonieke genres, doelgroep en werkvorm blijven afzonderlijk."
"LS1000-0535","My side of the mountain","Jean Craighead George","1959","Literaire & algemene fictie","Literary & General Fiction","","jeugd","roman","ZEKER","AI_KENNIS_HERBEOORDEELD","Bekende jeugd- of YA-titel met blijvende ontdekkingswaarde.","https://openlibrary.org/works/OL111900W | https://lumisco.re/book/495","2026-09-30","495","aanwezig","Open Library Work: OL111900W; ISBN-13: 9780153003707","niet gevonden","P3","Canoniek categoriemodel en stabiele NL/EN-labels. NL/EN verwijzen naar dezelfde categorie-ID. Redactionele AI-indeling; geen HIGH-evidence of menselijke beoordeling. Aanvullende genres opnieuw inhoudelijk afgewogen; uitsluitend canonieke genres, doelgroep en werkvorm blijven afzonderlijk."
"LS1000-0536","My Year Abroad","Chang-rae Lee","2021","Literaire & algemene fictie","Literary & General Fiction","","volwassenen","roman","ZEKER","AI_KENNIS_HERBEOORDEELD","Recente, reeds verschenen titel die de selectie actueel en veelzijdig houdt.","https://openlibrary.org/works/OL22707675W | https://lumisco.re/book/984","2026-09-30","984","aanwezig","Open Library Work: OL22707675W; ISBN-13: 9781594634574","niet gevonden","P3","Canoniek categoriemodel en stabiele NL/EN-labels. NL/EN verwijzen naar dezelfde categorie-ID. Redactionele AI-indeling; geen HIGH-evidence of menselijke beoordeling."
"LS1000-0537","My Year of Meats","Ruth L. Ozeki","1998","Literaire & algemene fictie","Literary & General Fiction","","volwassenen","roman","ZEKER","AI_KENNIS_HERBEOORDEELD","Blijvende publieksfavoriet en herkenbaar ijkpunt binnen het genre.","https://openlibrary.org/works/OL2754906W | https://lumisco.re/book/924","2026-09-30","924","aanwezig","Open Library Work: OL2754906W; ISBN-13: 9780330490443","niet gevonden","P3","Canoniek categoriemodel en stabiele NL/EN-labels. NL/EN verwijzen naar dezelfde categorie-ID. Redactionele AI-indeling; geen HIGH-evidence of menselijke beoordeling."
"LS1000-0538","Nader tot U","Gerard Reve","1966","Literaire & algemene fictie","Literary & General Fiction","","volwassenen","brieven en poëzie","ZEKER","AI_KENNIS_HERBEOORDEELD","Nederlandstalige of Vlaamse kernselectie met blijvende lees- en ontdekkingswaarde.","https://openlibrary.org/works/OL699601W | https://lumisco.re/book/1018","2026-09-30","1018","aanwezig","Open Library Work: OL699601W; ISBN-13: 9789028205604","bevestigd","P3","Canoniek categoriemodel en stabiele NL/EN-labels. NL/EN verwijzen naar dezelfde categorie-ID. Werkvorm afzonderlijk inhoudelijk gecorrigeerd; geen genre. Redactionele AI-indeling; geen HIGH-evidence of menselijke beoordeling."
"LS1000-0539","Noodlot","Louis Couperus","1890","Literaire & algemene fictie","Literary & General Fiction","","volwassenen","roman","WAARSCHIJNLIJK","AI_KENNIS + GERICHTE_BRONCONTROLE","Nederlandstalige sleuteltekst met blijvende cultuurhistorische betekenis.","https://openlibrary.org/works/OL35409751W | https://www.dbnl.org/basisbibliotheek/index.php | https://lumisco.re/book/1196 | https://www.dbnl.org/tekst/bel_002bloe02_01/bel_002bloe02_01_0009.php","2026-09-30","1196","aanwezig","Open Library Work: OL35409751W; ISBN-13: 9783849542887","bevestigd","P3","Oorspronkelijke notitie (niet overgenomen als regel): Publicatiejaar verschilt tussen de kandidaatbron (1890) en Open Library (2012); Open Library-jaar gebruikt. Canoniek categoriemodel en stabiele NL/EN-labels. NL/EN verwijzen naar dezelfde categorie-ID. AI-bibliografische correctie: oorspronkelijke publicatie in plaats van onjuist bron-/editiejaar; geen wijziging bestaand databasejaar. Redactionele AI-indeling; geen HIGH-evidence of menselijke beoordeling. Aanvullende genres opnieuw inhoudelijk afgewogen; uitsluitend canonieke genres, doelgroep en werkvorm blijven afzonderlijk. Noodlot 1890."
"LS1000-0540","Oeroeg","Hella S. Haasse","1948","Literaire & algemene fictie","Literary & General Fiction","","volwassenen","roman","WAARSCHIJNLIJK","AI_KENNIS_HERBEOORDEELD","Nederlandstalige of Vlaamse kernselectie met blijvende lees- en ontdekkingswaarde.","https://openlibrary.org/works/OL1348412W | https://lumisco.re/book/1029","2026-09-30","1029","aanwezig","Open Library Work: OL1348412W; ISBN-13: 9781846274473","bevestigd","P3","Oorspronkelijke notitie (niet overgenomen als regel): Publicatiejaar verschilt tussen de kandidaatbron (1948) en Open Library (1970); Open Library-jaar gebruikt. Canoniek categoriemodel en stabiele NL/EN-labels. NL/EN verwijzen naar dezelfde categorie-ID. AI-bibliografische correctie: oorspronkelijke publicatie in plaats van onjuist bron-/editiejaar; geen wijziging bestaand databasejaar. Redactionele AI-indeling; geen HIGH-evidence of menselijke beoordeling."
"LS1000-0541","Ogen van tijgers","Tonke Dragt","1982","Sciencefiction","Science Fiction","","young adult","roman","ZEKER","AI_KENNIS_HERBEOORDEELD","Nederlandstalige of Vlaamse kernselectie met blijvende lees- en ontdekkingswaarde.","https://openlibrary.org/works/OL3793466W | https://lumisco.re/book/1108","2026-09-30","1108","aanwezig","Open Library Work: OL3793466W; ISBN-13: 9789025878054","bevestigd","P3","Inhoudelijke AI-herbeoordeling van dit werk; geen auteur-/titelwoordregel. NL/EN verwijzen naar dezelfde categorie-ID. Redactionele AI-indeling; geen HIGH-evidence of menselijke beoordeling. Aanvullende genres opnieuw inhoudelijk afgewogen; uitsluitend canonieke genres, doelgroep en werkvorm blijven afzonderlijk."
"LS1000-0542","Omtrent Deedee","Hugo Claus","1963","Literaire & algemene fictie","Literary & General Fiction","","volwassenen","roman","ZEKER","AI_KENNIS_HERBEOORDEELD","Nederlandstalige of Vlaamse kernselectie met blijvende lees- en ontdekkingswaarde.","https://openlibrary.org/works/OL11012088W | https://lumisco.re/book/1024","2026-09-30","1024","aanwezig","Open Library Work: OL11012088W; ISBN-13: 9789023400516","bevestigd","P3","Canoniek categoriemodel en stabiele NL/EN-labels. NL/EN verwijzen naar dezelfde categorie-ID. AI-bibliografische correctie: oorspronkelijke publicatie in plaats van onjuist bron-/editiejaar; geen wijziging bestaand databasejaar. Redactionele AI-indeling; geen HIGH-evidence of menselijke beoordeling."
"LS1000-0543","On The Road","Jack Kerouac","1957","Literaire & algemene fictie","Literary & General Fiction","","volwassenen","roman","ZEKER","AI_KENNIS_HERBEOORDEELD","Blijvende publieksfavoriet en herkenbaar ijkpunt binnen het genre.","https://openlibrary.org/works/OL65906W | https://lumisco.re/book/337","2026-09-30","337","aanwezig","Open Library Work: OL65906W; ISBN-13: 9780670063550","bevestigd","P3","Canoniek categoriemodel en stabiele NL/EN-labels. NL/EN verwijzen naar dezelfde categorie-ID. Redactionele AI-indeling; geen HIGH-evidence of menselijke beoordeling. Aanvullende genres opnieuw inhoudelijk afgewogen; uitsluitend canonieke genres, doelgroep en werkvorm blijven afzonderlijk."
"LS1000-0544","Onder professoren","Willem Frederik Hermans","1975","Literaire & algemene fictie","Literary & General Fiction","","volwassenen","roman","ZEKER","AI_KENNIS_HERBEOORDEELD","Nederlandstalige of Vlaamse kernselectie met blijvende lees- en ontdekkingswaarde.","https://openlibrary.org/works/OL15250238W | https://lumisco.re/book/1013","2026-09-30","1013","aanwezig","Open Library Work: OL15250238W; ISBN-13: 9789023470076","bevestigd","P3","Canoniek categoriemodel en stabiele NL/EN-labels. NL/EN verwijzen naar dezelfde categorie-ID. Redactionele AI-indeling; geen HIGH-evidence of menselijke beoordeling."
"LS1000-0545","One Hundred Years of Solitude","Gabriel García Márquez","1967","Literaire & algemene fictie","Literary & General Fiction","Fantasy","volwassenen","roman","ZEKER","AI_KENNIS_HERBEOORDEELD","Blijvende klassieker; de openbare lezersplank is alleen als aanvullend signaal gebruikt.","https://openlibrary.org/works/OL274505W | https://www.goodreads.com/shelf/show/top-250 | https://lumisco.re/book/43","2026-09-30","43","aanwezig","Open Library Work: OL274505W; ISBN-13: 9781417735983","niet gevonden","P3","Canoniek categoriemodel en stabiele NL/EN-labels. NL/EN verwijzen naar dezelfde categorie-ID. Redactionele AI-indeling; geen HIGH-evidence of menselijke beoordeling. Aanvullende genres opnieuw inhoudelijk afgewogen; uitsluitend canonieke genres, doelgroep en werkvorm blijven afzonderlijk."
"LS1000-0546","One of us is next","Karen M. McManus","2020","Detectives & misdaadfictie","Mystery & Crime Fiction","","young adult","roman","ZEKER","AI_KENNIS_HERBEOORDEELD","Recente, reeds verschenen titel die de selectie actueel en veelzijdig houdt.","https://openlibrary.org/works/OL20639427W | https://lumisco.re/book/543","2026-09-30","543","aanwezig","Open Library Work: OL20639427W; ISBN-13: 9780525707967","niet gevonden","P3","Inhoudelijke AI-herbeoordeling van dit werk; geen auteur-/titelwoordregel. NL/EN verwijzen naar dezelfde categorie-ID. Redactionele AI-indeling; geen HIGH-evidence of menselijke beoordeling. Aanvullende genres opnieuw inhoudelijk afgewogen; uitsluitend canonieke genres, doelgroep en werkvorm blijven afzonderlijk."
"LS1000-0547","Oorlog en terpentijn","Stefan Hertmans","2013","Historische fictie","Historical Fiction","Biografie & memoires","volwassenen","roman","ZEKER","AI_KENNIS_HERBEOORDEELD","Nederlandstalige of Vlaamse kernselectie met blijvende lees- en ontdekkingswaarde.","https://openlibrary.org/works/OL23296728W | https://lumisco.re/book/1056","2026-09-30","1056","aanwezig","Open Library Work: OL23296728W; ISBN-13: 9789023476719","bevestigd","P3","Inhoudelijke AI-herbeoordeling van dit werk; geen auteur-/titelwoordregel. NL/EN verwijzen naar dezelfde categorie-ID. Redactionele AI-indeling; geen HIGH-evidence of menselijke beoordeling. Aanvullende genres opnieuw inhoudelijk afgewogen; uitsluitend canonieke genres, doelgroep en werkvorm blijven afzonderlijk."
"LS1000-0548","Op je kop in de prullenbak","Guus Kuijer","1977","Literaire & algemene fictie","Literary & General Fiction","","jeugd","roman","ZEKER","AI_KENNIS_HERBEOORDEELD","Nederlandstalige of Vlaamse kernselectie met blijvende lees- en ontdekkingswaarde.","https://openlibrary.org/works/OL4390388W | https://lumisco.re/book/1135","2026-09-30","1135","aanwezig","Open Library Work: OL4390388W; ISBN-13: 9789021410739","bevestigd","P3","Canoniek categoriemodel en stabiele NL/EN-labels. NL/EN verwijzen naar dezelfde categorie-ID. Redactionele AI-indeling; geen HIGH-evidence of menselijke beoordeling. Aanvullende genres opnieuw inhoudelijk afgewogen; uitsluitend canonieke genres, doelgroep en werkvorm blijven afzonderlijk."
"LS1000-0549","Op weg naar het einde","Gerard Reve","1963","Literaire & algemene fictie","Literary & General Fiction","","volwassenen","brievenbundel","ZEKER","AI_KENNIS_HERBEOORDEELD","Nederlandstalige of Vlaamse kernselectie met blijvende lees- en ontdekkingswaarde.","https://openlibrary.org/works/OL699602W | https://lumisco.re/book/1017","2026-09-30","1017","aanwezig","Open Library Work: OL699602W; ISBN-13: 9789028205598","bevestigd","P3","Canoniek categoriemodel en stabiele NL/EN-labels. NL/EN verwijzen naar dezelfde categorie-ID. Werkvorm afzonderlijk inhoudelijk gecorrigeerd; geen genre. Redactionele AI-indeling; geen HIGH-evidence of menselijke beoordeling."
"LS1000-0550","Opwaaiende zomerjurken","Oek de Jong","1979","Literaire & algemene fictie","Literary & General Fiction","","volwassenen","roman","ZEKER","AI_KENNIS_HERBEOORDEELD","Nederlandstalige of Vlaamse kernselectie met blijvende lees- en ontdekkingswaarde.","https://openlibrary.org/works/OL1687249W | https://lumisco.re/book/1067","2026-09-30","1067","aanwezig","Open Library Work: OL1687249W; ISBN-13: 9789029045575","bevestigd","P3","Canoniek categoriemodel en stabiele NL/EN-labels. NL/EN verwijzen naar dezelfde categorie-ID. Redactionele AI-indeling; geen HIGH-evidence of menselijke beoordeling."
"LS1000-0551","Oryx and Crake","Margaret Atwood","2003","Sciencefiction","Science Fiction","","volwassenen","roman","WAARSCHIJNLIJK","AI_KENNIS_HERBEOORDEELD","Veeluitgegeven internationaal werk dat de redactionele breedte van de catalogus vergroot.","https://openlibrary.org/works/OL675722W | https://openlibrary.org/subjects/literary_fiction","2026-09-30","","ontbreekt","Open Library Work: OL675722W; ISBN-13: 9780747562597","niet gevonden","P2","Inhoudelijke AI-herbeoordeling van dit werk; geen auteur-/titelwoordregel. NL/EN verwijzen naar dezelfde categorie-ID. AI-bibliografische correctie: oorspronkelijke publicatie in plaats van onjuist bron-/editiejaar; geen wijziging bestaand databasejaar. Redactionele AI-indeling; geen HIGH-evidence of menselijke beoordeling."
"LS1000-0552","Otje","Annie M.G. Schmidt","1980","Literaire & algemene fictie","Literary & General Fiction","","jeugd","roman","ZEKER","AI_KENNIS_HERBEOORDEELD","Nederlandstalige of Vlaamse kernselectie met blijvende lees- en ontdekkingswaarde.","https://openlibrary.org/works/OL3173344W | https://lumisco.re/book/1104","2026-09-30","1104","aanwezig","Open Library Work: OL3173344W; ISBN-13: 9789021481241","bevestigd","P3","Canoniek categoriemodel en stabiele NL/EN-labels. NL/EN verwijzen naar dezelfde categorie-ID. AI-bibliografische correctie: oorspronkelijke publicatie in plaats van onjuist bron-/editiejaar; geen wijziging bestaand databasejaar. Redactionele AI-indeling; geen HIGH-evidence of menselijke beoordeling. Aanvullende genres opnieuw inhoudelijk afgewogen; uitsluitend canonieke genres, doelgroep en werkvorm blijven afzonderlijk."
"LS1000-0553","Paniek","Carry Slee","2001","Literaire & algemene fictie","Literary & General Fiction","","young adult","roman","ZEKER","AI_KENNIS_HERBEOORDEELD","Nederlandstalige of Vlaamse kernselectie met blijvende lees- en ontdekkingswaarde.","https://openlibrary.org/works/OL26180341W | https://lumisco.re/book/1127","2026-09-30","1127","aanwezig","Open Library Work: OL26180341W; ISBN-13: 9789064940019","bevestigd","P3","Canoniek categoriemodel en stabiele NL/EN-labels. NL/EN verwijzen naar dezelfde categorie-ID. Redactionele AI-indeling; geen HIGH-evidence of menselijke beoordeling. Aanvullende genres opnieuw inhoudelijk afgewogen; uitsluitend canonieke genres, doelgroep en werkvorm blijven afzonderlijk."
"LS1000-0554","Paradijs verloren","Cees Nooteboom","2004","Literaire & algemene fictie","Literary & General Fiction","","volwassenen","roman","ZEKER","AI_KENNIS_HERBEOORDEELD","Nederlandstalige of Vlaamse kernselectie met blijvende lees- en ontdekkingswaarde.","https://openlibrary.org/works/OL643732W | https://lumisco.re/book/1028","2026-09-30","1028","aanwezig","Open Library Work: OL643732W; ISBN-13: 9780802118554","bevestigd","P3","Canoniek categoriemodel en stabiele NL/EN-labels. NL/EN verwijzen naar dezelfde categorie-ID. Redactionele AI-indeling; geen HIGH-evidence of menselijke beoordeling."
"LS1000-0555","Passing","Nella Larsen","1929","Literaire & algemene fictie","Literary & General Fiction","","volwassenen","roman","ZEKER","AI_KENNIS_HERBEOORDEELD","Blijvende publieksfavoriet en herkenbaar ijkpunt binnen het genre.","https://openlibrary.org/works/OL2645476W | https://lumisco.re/book/355","2026-09-30","355","aanwezig","Open Library Work: OL2645476W; ISBN-13: 9780405019302","niet gevonden","P3","Canoniek categoriemodel en stabiele NL/EN-labels. NL/EN verwijzen naar dezelfde categorie-ID. Redactionele AI-indeling; geen HIGH-evidence of menselijke beoordeling. Aanvullende genres opnieuw inhoudelijk afgewogen; uitsluitend canonieke genres, doelgroep en werkvorm blijven afzonderlijk."
"LS1000-0556","Peachez, een romance","Ilja Leonard Pfeijffer","2017","Literaire & algemene fictie","Literary & General Fiction","","volwassenen","roman","ZEKER","AI_KENNIS_HERBEOORDEELD","Nederlandstalige of Vlaamse kernselectie met blijvende lees- en ontdekkingswaarde.","https://openlibrary.org/works/OL20214285W | https://lumisco.re/book/1044","2026-09-30","1044","aanwezig","Open Library Work: OL20214285W; ISBN-13: 9789029511643","bevestigd","P3","Canoniek categoriemodel en stabiele NL/EN-labels. NL/EN verwijzen naar dezelfde categorie-ID. Redactionele AI-indeling; geen HIGH-evidence of menselijke beoordeling."
"LS1000-0557","Peer Gynt","Henrik Ibsen","1867","Fantasy","Fantasy","","volwassenen","toneelstuk","WAARSCHIJNLIJK","AI_KENNIS_HERBEOORDEELD","Veeluitgegeven jeugd- of YA-werk met internationale ontdekkingswaarde.","https://openlibrary.org/works/OL52430W | https://openlibrary.org/subjects/young_adult_fiction","2026-09-30","","ontbreekt","Open Library Work: OL52430W; ISBN-13: 9780460007474","niet gevonden","P2","Inhoudelijke AI-herbeoordeling van dit werk; geen auteur-/titelwoordregel. NL/EN verwijzen naar dezelfde categorie-ID. Peer Gynt is geen oorspronkelijk als YA geschreven toneelstuk. Redactionele AI-indeling; geen HIGH-evidence of menselijke beoordeling. Aanvullende genres opnieuw inhoudelijk afgewogen; uitsluitend canonieke genres, doelgroep en werkvorm blijven afzonderlijk."
"LS1000-0558","Pijpelijntjes","Jacob Israël de Haan","1904","Literaire & algemene fictie","Literary & General Fiction","","volwassenen","roman","WAARSCHIJNLIJK","AI_KENNIS + GERICHTE_BRONCONTROLE","Nederlandstalige sleuteltekst met blijvende cultuurhistorische betekenis.","https://openlibrary.org/works/OL3698641W | https://www.dbnl.org/basisbibliotheek/index.php | https://lumisco.re/book/1201 | https://www.dbnl.org/tekst/bel_002bloe02_01/bel_002bloe02_01_0009.php","2026-09-30","1201","aanwezig","Open Library Work: OL3698641W; ISBN-13: 9789023303015","bevestigd","P3","Oorspronkelijke notitie (niet overgenomen als regel): Publicatiejaar verschilt tussen de kandidaatbron (1904) en Open Library (1974); Open Library-jaar gebruikt. Canoniek categoriemodel en stabiele NL/EN-labels. NL/EN verwijzen naar dezelfde categorie-ID. AI-bibliografische correctie: oorspronkelijke publicatie in plaats van onjuist bron-/editiejaar; geen wijziging bestaand databasejaar. Redactionele AI-indeling; geen HIGH-evidence of menselijke beoordeling. Aanvullende genres opnieuw inhoudelijk afgewogen; uitsluitend canonieke genres, doelgroep en werkvorm blijven afzonderlijk. Pijpelijntjes 1904."
"LS1000-0559","Pjotr","Jan Terlouw","1970","Historische fictie","Historical Fiction","","young adult","roman","WAARSCHIJNLIJK","AI_KENNIS_HERBEOORDEELD","Nederlandstalige of Vlaamse kernselectie met blijvende lees- en ontdekkingswaarde.","https://openlibrary.org/works/OL3681915W | https://lumisco.re/book/1122","2026-09-30","1122","aanwezig","Open Library Work: OL3681915W; ISBN-13: 9788434809451","bevestigd","P3","Oorspronkelijke notitie (niet overgenomen als regel): Publicatiejaar verschilt tussen de kandidaatbron (1970) en Open Library (1992); Open Library-jaar gebruikt. Inhoudelijke AI-herbeoordeling van dit werk; geen auteur-/titelwoordregel. NL/EN verwijzen naar dezelfde categorie-ID. AI-bibliografische correctie: oorspronkelijke publicatie in plaats van onjuist bron-/editiejaar; geen wijziging bestaand databasejaar. Redactionele AI-indeling; geen HIGH-evidence of menselijke beoordeling. Aanvullende genres opnieuw inhoudelijk afgewogen; uitsluitend canonieke genres, doelgroep en werkvorm blijven afzonderlijk."
"LS1000-0560","Please Look After Mom","Kyong-suk Sin","2008","Literaire & algemene fictie","Literary & General Fiction","","volwassenen","roman","ZEKER","AI_KENNIS_HERBEOORDEELD","Blijvende publieksfavoriet en herkenbaar ijkpunt binnen het genre.","https://openlibrary.org/works/OL15702773W | https://lumisco.re/book/919","2026-09-30","919","aanwezig","Open Library Work: OL15702773W; ISBN-13: 9780307593917","niet gevonden","P3","Canoniek categoriemodel en stabiele NL/EN-labels. NL/EN verwijzen naar dezelfde categorie-ID. AI-bibliografische correctie: oorspronkelijke publicatie in plaats van onjuist bron-/editiejaar; geen wijziging bestaand databasejaar. Redactionele AI-indeling; geen HIGH-evidence of menselijke beoordeling. Aanvullende genres opnieuw inhoudelijk afgewogen; uitsluitend canonieke genres, doelgroep en werkvorm blijven afzonderlijk."
"LS1000-0561","Rainbow Valley","Lucy Maud Montgomery","1919","Literaire & algemene fictie","Literary & General Fiction","","jeugd","roman","WAARSCHIJNLIJK","AI_KENNIS_HERBEOORDEELD","Veeluitgegeven jeugd- of YA-werk met internationale ontdekkingswaarde.","https://openlibrary.org/works/OL77756W | https://openlibrary.org/subjects/juvenile_fiction","2026-09-30","","ontbreekt","Open Library Work: OL77756W; ISBN-13: 9780140351552","niet gevonden","P2","Canoniek categoriemodel en stabiele NL/EN-labels. NL/EN verwijzen naar dezelfde categorie-ID. Redactionele AI-indeling; geen HIGH-evidence of menselijke beoordeling. Aanvullende genres opnieuw inhoudelijk afgewogen; uitsluitend canonieke genres, doelgroep en werkvorm blijven afzonderlijk."
"LS1000-0562","Raveleijn","Paul van Loon","2011","Fantasy","Fantasy","","jeugd","roman","ZEKER","AI_KENNIS_HERBEOORDEELD","Nederlandstalige of Vlaamse kernselectie met blijvende lees- en ontdekkingswaarde.","https://openlibrary.org/works/OL20421257W | https://lumisco.re/book/1134","2026-09-30","1134","aanwezig","Open Library Work: OL20421257W; ISBN-13: 9789025857813","bevestigd","P3","Inhoudelijke AI-herbeoordeling van dit werk; geen auteur-/titelwoordregel. NL/EN verwijzen naar dezelfde categorie-ID. Redactionele AI-indeling; geen HIGH-evidence of menselijke beoordeling. Aanvullende genres opnieuw inhoudelijk afgewogen; uitsluitend canonieke genres, doelgroep en werkvorm blijven afzonderlijk."
"LS1000-0563","Razend","Carry Slee","2000","Literaire & algemene fictie","Literary & General Fiction","","young adult","roman","ZEKER","AI_KENNIS_HERBEOORDEELD","Nederlandstalige of Vlaamse kernselectie met blijvende lees- en ontdekkingswaarde.","https://openlibrary.org/works/OL23780645W | https://lumisco.re/book/1126","2026-09-30","1126","aanwezig","Open Library Work: OL23780645W; ISBN-13: 9789026993398","bevestigd","P3","Canoniek categoriemodel en stabiele NL/EN-labels. NL/EN verwijzen naar dezelfde categorie-ID. Redactionele AI-indeling; geen HIGH-evidence of menselijke beoordeling. Aanvullende genres opnieuw inhoudelijk afgewogen; uitsluitend canonieke genres, doelgroep en werkvorm blijven afzonderlijk."
"LS1000-0564","Remarkably Bright Creatures","Shelby Van Pelt","2022","Literaire & algemene fictie","Literary & General Fiction","","volwassenen","roman","ZEKER","AI_KENNIS_HERBEOORDEELD","Recente, reeds verschenen titel die de selectie actueel en veelzijdig houdt.","https://openlibrary.org/works/OL25382083W | https://lumisco.re/book/979","2026-09-30","979","aanwezig","Open Library Work: OL25382083W; ISBN-13: 9780063204157","niet gevonden","P3","Canoniek categoriemodel en stabiele NL/EN-labels. NL/EN verwijzen naar dezelfde categorie-ID. Redactionele AI-indeling; geen HIGH-evidence of menselijke beoordeling. Aanvullende genres opnieuw inhoudelijk afgewogen; uitsluitend canonieke genres, doelgroep en werkvorm blijven afzonderlijk."
"LS1000-0565","Rich People Problems","Kevin Kwan","2017","Literaire & algemene fictie","Literary & General Fiction","","volwassenen","roman","ZEKER","AI_KENNIS_HERBEOORDEELD","Blijvende publieksfavoriet en herkenbaar ijkpunt binnen het genre.","https://openlibrary.org/works/OL20053660W | https://lumisco.re/book/927","2026-09-30","927","aanwezig","Open Library Work: OL20053660W; ISBN-13: 9780385542234","niet gevonden","P3","Canoniek categoriemodel en stabiele NL/EN-labels. NL/EN verwijzen naar dezelfde categorie-ID. Redactionele AI-indeling; geen HIGH-evidence of menselijke beoordeling. Aanvullende genres opnieuw inhoudelijk afgewogen; uitsluitend canonieke genres, doelgroep en werkvorm blijven afzonderlijk."
"LS1000-0566","Rilla of Ingleside","Lucy Maud Montgomery","1921","Historische fictie","Historical Fiction","","jeugd","roman","WAARSCHIJNLIJK","AI_KENNIS_HERBEOORDEELD","Veeluitgegeven jeugd- of YA-werk met internationale ontdekkingswaarde.","https://openlibrary.org/works/OL77757W | https://openlibrary.org/subjects/juvenile_fiction","2026-09-30","","ontbreekt","Open Library Work: OL77757W; ISBN-13: 9781722814236","niet gevonden","P2","Inhoudelijke AI-herbeoordeling van dit werk; geen auteur-/titelwoordregel. NL/EN verwijzen naar dezelfde categorie-ID. AI-bibliografische correctie: oorspronkelijke publicatie in plaats van onjuist bron-/editiejaar; geen wijziging bestaand databasejaar. Redactionele AI-indeling; geen HIGH-evidence of menselijke beoordeling. Aanvullende genres opnieuw inhoudelijk afgewogen; uitsluitend canonieke genres, doelgroep en werkvorm blijven afzonderlijk."
"LS1000-0567","Rituelen","Cees Nooteboom","1980","Literaire & algemene fictie","Literary & General Fiction","","volwassenen","roman","ZEKER","AI_KENNIS_HERBEOORDEELD","Nederlandstalige of Vlaamse kernselectie met blijvende lees- en ontdekkingswaarde.","https://openlibrary.org/works/OL643737W | https://lumisco.re/book/1025","2026-09-30","1025","aanwezig","Open Library Work: OL643737W; ISBN-13: 9781860460487","bevestigd","P3","Canoniek categoriemodel en stabiele NL/EN-labels. NL/EN verwijzen naar dezelfde categorie-ID. Redactionele AI-indeling; geen HIGH-evidence of menselijke beoordeling."
"LS1000-0568","Rodrick Rules","Jeff Kinney","2008","Literaire & algemene fictie","Literary & General Fiction","","jeugd","roman","ZEKER","AI_KENNIS_HERBEOORDEELD","Bekende jeugd- of YA-titel met blijvende ontdekkingswaarde.","https://openlibrary.org/works/OL15110516W | https://lumisco.re/book/488","2026-09-30","488","aanwezig","Open Library Work: OL15110516W; ISBN-13: 9780810994737","niet gevonden","P3","Canoniek categoriemodel en stabiele NL/EN-labels. NL/EN verwijzen naar dezelfde categorie-ID. AI-bibliografische correctie: oorspronkelijke publicatie in plaats van onjuist bron-/editiejaar; geen wijziging bestaand databasejaar. Redactionele AI-indeling; geen HIGH-evidence of menselijke beoordeling. Aanvullende genres opnieuw inhoudelijk afgewogen; uitsluitend canonieke genres, doelgroep en werkvorm blijven afzonderlijk."
"LS1000-0569","Room","Emma Donoghue","2010","Literaire & algemene fictie","Literary & General Fiction","","volwassenen","roman","WAARSCHIJNLIJK","AI_KENNIS_HERBEOORDEELD","Veeluitgegeven internationaal werk dat de redactionele breedte van de catalogus vergroot.","https://openlibrary.org/works/OL15212619W | https://openlibrary.org/subjects/literary_fiction","2026-09-30","","ontbreekt","Open Library Work: OL15212619W; ISBN-13: 9781447202813","bevestigd","P2","Canoniek categoriemodel en stabiele NL/EN-labels. NL/EN verwijzen naar dezelfde categorie-ID. Redactionele AI-indeling; geen HIGH-evidence of menselijke beoordeling. Aanvullende genres opnieuw inhoudelijk afgewogen; uitsluitend canonieke genres, doelgroep en werkvorm blijven afzonderlijk."
"LS1000-0570","Silas Marner","George Eliot","1861","Literaire & algemene fictie","Literary & General Fiction","","volwassenen","roman","WAARSCHIJNLIJK","AI_KENNIS_HERBEOORDEELD","Veeluitgegeven internationaal werk dat de redactionele breedte van de catalogus vergroot.","https://openlibrary.org/works/OL20874W | https://openlibrary.org/subjects/classics","2026-09-30","","ontbreekt","Open Library Work: OL20874W; ISBN-13: 9781595478573","niet gevonden","P2","Canoniek categoriemodel en stabiele NL/EN-labels. NL/EN verwijzen naar dezelfde categorie-ID. Redactionele AI-indeling; geen HIGH-evidence of menselijke beoordeling. Aanvullende genres opnieuw inhoudelijk afgewogen; uitsluitend canonieke genres, doelgroep en werkvorm blijven afzonderlijk."
"LS1000-0571","Small island","Andrea Levy","2004","Historische fictie","Historical Fiction","","volwassenen","roman","ZEKER","AI_KENNIS_HERBEOORDEELD","Blijvende publieksfavoriet en herkenbaar ijkpunt binnen het genre.","https://openlibrary.org/works/OL5860211W | https://lumisco.re/book/926","2026-09-30","926","aanwezig","Open Library Work: OL5860211W; ISBN-13: 9780312429522","niet gevonden","P3","Inhoudelijke AI-herbeoordeling van dit werk; geen auteur-/titelwoordregel. NL/EN verwijzen naar dezelfde categorie-ID. Redactionele AI-indeling; geen HIGH-evidence of menselijke beoordeling."
"LS1000-0572","Soul Music","Terry Pratchett","1994","Fantasy","Fantasy","","volwassenen","roman","ZEKER","AI_KENNIS_HERBEOORDEELD","Blijvende publieksfavoriet en herkenbaar ijkpunt binnen het genre.","https://openlibrary.org/works/OL453663W | https://lumisco.re/book/944","2026-09-30","944","aanwezig","Open Library Work: OL453663W; ISBN-13: 9785699011025","bevestigd","P3","Inhoudelijke AI-herbeoordeling van dit werk; geen auteur-/titelwoordregel. NL/EN verwijzen naar dezelfde categorie-ID. Redactionele AI-indeling; geen HIGH-evidence of menselijke beoordeling."
"LS1000-0573","Sparks Like Stars","Nadia Hashimi","2021","Historische fictie","Historical Fiction","","volwassenen","roman","ZEKER","AI_KENNIS_HERBEOORDEELD","Recente, reeds verschenen titel die de selectie actueel en veelzijdig houdt.","https://openlibrary.org/works/OL21902713W | https://lumisco.re/book/955","2026-09-30","955","aanwezig","Open Library Work: OL21902713W; ISBN-13: 9780063008304","niet gevonden","P3","Inhoudelijke AI-herbeoordeling van dit werk; geen auteur-/titelwoordregel. NL/EN verwijzen naar dezelfde categorie-ID. Redactionele AI-indeling; geen HIGH-evidence of menselijke beoordeling."
"LS1000-0574","Spijt!","Carry Slee","1996","Literaire & algemene fictie","Literary & General Fiction","","young adult","roman","ZEKER","AI_KENNIS_HERBEOORDEELD","Nederlandstalige of Vlaamse kernselectie met blijvende lees- en ontdekkingswaarde.","https://openlibrary.org/works/OL973945W | https://lumisco.re/book/1124","2026-09-30","1124","aanwezig","Open Library Work: OL973945W; ISBN-13: 9789049924058","bevestigd","P3","Canoniek categoriemodel en stabiele NL/EN-labels. NL/EN verwijzen naar dezelfde categorie-ID. AI-bibliografische correctie: oorspronkelijke publicatie in plaats van onjuist bron-/editiejaar; geen wijziging bestaand databasejaar. Redactionele AI-indeling; geen HIGH-evidence of menselijke beoordeling. Aanvullende genres opnieuw inhoudelijk afgewogen; uitsluitend canonieke genres, doelgroep en werkvorm blijven afzonderlijk."
"LS1000-0575","Stellaluna","Janell Cannon","1993","Literaire & algemene fictie","Literary & General Fiction","","jeugd","roman","ZEKER","AI_KENNIS_HERBEOORDEELD","Bekende jeugd- of YA-titel met blijvende ontdekkingswaarde.","https://openlibrary.org/works/OL86707W | https://lumisco.re/book/483","2026-09-30","483","aanwezig","Open Library Work: OL86707W; ISBN-13: 9780817261931","niet gevonden","P3","Canoniek categoriemodel en stabiele NL/EN-labels. NL/EN verwijzen naar dezelfde categorie-ID. AI-bibliografische correctie: oorspronkelijke publicatie in plaats van onjuist bron-/editiejaar; geen wijziging bestaand databasejaar. Redactionele AI-indeling; geen HIGH-evidence of menselijke beoordeling. Aanvullende genres opnieuw inhoudelijk afgewogen; uitsluitend canonieke genres, doelgroep en werkvorm blijven afzonderlijk."
"LS1000-0576","Sult","Knut Hamsun","1890","Literaire & algemene fictie","Literary & General Fiction","","volwassenen","roman","WAARSCHIJNLIJK","AI_KENNIS_HERBEOORDEELD","Veeluitgegeven internationaal werk dat de redactionele breedte van de catalogus vergroot.","https://openlibrary.org/works/OL573193W | https://openlibrary.org/subjects/literary_fiction","2026-09-30","","ontbreekt","Open Library Work: OL573193W; ISBN-13: 9789997411136","niet gevonden","P2","Canoniek categoriemodel en stabiele NL/EN-labels. NL/EN verwijzen naar dezelfde categorie-ID. Redactionele AI-indeling; geen HIGH-evidence of menselijke beoordeling."
"LS1000-0577","Swimming Back to Trout River","Linda Rui Feng","2021","Literaire & algemene fictie","Literary & General Fiction","","volwassenen","roman","ZEKER","AI_KENNIS_HERBEOORDEELD","Recente, reeds verschenen titel die de selectie actueel en veelzijdig houdt.","https://openlibrary.org/works/OL24151412W | https://lumisco.re/book/998","2026-09-30","998","aanwezig","Open Library Work: OL24151412W; ISBN-13: 9781982129422","niet gevonden","P3","Canoniek categoriemodel en stabiele NL/EN-labels. NL/EN verwijzen naar dezelfde categorie-ID. Redactionele AI-indeling; geen HIGH-evidence of menselijke beoordeling."
"LS1000-0578","Terug tot Ina Damman","Simon Vestdijk","1934","Literaire & algemene fictie","Literary & General Fiction","","volwassenen","roman","WAARSCHIJNLIJK","AI_KENNIS_HERBEOORDEELD","Nederlandstalige sleuteltekst met blijvende cultuurhistorische betekenis.","https://openlibrary.org/works/OL812225W | https://www.dbnl.org/basisbibliotheek/index.php | https://lumisco.re/book/1205","2026-09-30","1205","aanwezig","Open Library Work: OL812225W; ISBN-13: 9780868740409","bevestigd","P3","Oorspronkelijke notitie (niet overgenomen als regel): Publicatiejaar verschilt tussen de kandidaatbron (1934) en Open Library (1949); Open Library-jaar gebruikt. Canoniek categoriemodel en stabiele NL/EN-labels. NL/EN verwijzen naar dezelfde categorie-ID. AI-bibliografische correctie: oorspronkelijke publicatie in plaats van onjuist bron-/editiejaar; geen wijziging bestaand databasejaar. Redactionele AI-indeling; geen HIGH-evidence of menselijke beoordeling. Aanvullende genres opnieuw inhoudelijk afgewogen; uitsluitend canonieke genres, doelgroep en werkvorm blijven afzonderlijk."
"LS1000-0579","The Adventures of Sherlock Holmes","Arthur Conan Doyle","1892","Detectives & misdaadfictie","Mystery & Crime Fiction","","volwassenen","roman","ZEKER","AI_KENNIS_HERBEOORDEELD","Blijvende publieksfavoriet en herkenbaar ijkpunt binnen het genre.","https://openlibrary.org/works/OL262421W | https://lumisco.re/book/321","2026-09-30","321","aanwezig","Open Library Work: OL262421W; ISBN-13: 9780785240112","bevestigd","P3","Inhoudelijke AI-herbeoordeling van dit werk; geen auteur-/titelwoordregel. NL/EN verwijzen naar dezelfde categorie-ID. Redactionele AI-indeling; geen HIGH-evidence of menselijke beoordeling. Aanvullende genres opnieuw inhoudelijk afgewogen; uitsluitend canonieke genres, doelgroep en werkvorm blijven afzonderlijk."
"LS1000-0580","The Alchemist","Paulo Coelho","1988","Literaire & algemene fictie","Literary & General Fiction","","volwassenen","roman","ZEKER","AI_KENNIS_HERBEOORDEELD","Blijvende publieksfavoriet en herkenbaar ijkpunt binnen het genre.","https://openlibrary.org/works/OL796465W | https://lumisco.re/book/13","2026-09-30","13","aanwezig","Open Library Work: OL796465W; ISBN-13: 9781417753321","bevestigd","P3","Canoniek categoriemodel en stabiele NL/EN-labels. NL/EN verwijzen naar dezelfde categorie-ID. Redactionele AI-indeling; geen HIGH-evidence of menselijke beoordeling. Aanvullende genres opnieuw inhoudelijk afgewogen; uitsluitend canonieke genres, doelgroep en werkvorm blijven afzonderlijk."
"LS1000-0581","The Autobiography of Benjamin Franklin","Benjamin Franklin","1791","Biografie & memoires","Biography & Memoir","","volwassenen","roman","ZEKER","AI_KENNIS_HERBEOORDEELD","Blijvende publieksfavoriet en herkenbaar ijkpunt binnen het genre.","https://openlibrary.org/works/OL26492W | https://lumisco.re/book/335","2026-09-30","335","aanwezig","Open Library Work: OL26492W; ISBN-13: 9798704621225","niet gevonden","P3","Inhoudelijke AI-herbeoordeling van dit werk; geen auteur-/titelwoordregel. NL/EN verwijzen naar dezelfde categorie-ID. Redactionele AI-indeling; geen HIGH-evidence of menselijke beoordeling. Aanvullende genres opnieuw inhoudelijk afgewogen; uitsluitend canonieke genres, doelgroep en werkvorm blijven afzonderlijk."
"LS1000-0582","The Awakening","Kate Chopin","1899","Literaire & algemene fictie","Literary & General Fiction","","volwassenen","roman","ZEKER","AI_KENNIS_HERBEOORDEELD","Blijvende publieksfavoriet en herkenbaar ijkpunt binnen het genre.","https://openlibrary.org/works/OL65430W | https://lumisco.re/book/338","2026-09-30","338","aanwezig","Open Library Work: OL65430W; ISBN-13: 9781774762547","niet gevonden","P3","Canoniek categoriemodel en stabiele NL/EN-labels. NL/EN verwijzen naar dezelfde categorie-ID. Redactionele AI-indeling; geen HIGH-evidence of menselijke beoordeling. Aanvullende genres opnieuw inhoudelijk afgewogen; uitsluitend canonieke genres, doelgroep en werkvorm blijven afzonderlijk."
"LS1000-0583","The Canterbury Tales","Geoffrey Chaucer","1476","Literaire & algemene fictie","Literary & General Fiction","","volwassenen","verhalenbundel","ZEKER","AI_KENNIS_HERBEOORDEELD","Blijvende publieksfavoriet en herkenbaar ijkpunt binnen het genre.","https://openlibrary.org/works/OL531767W | https://lumisco.re/book/332","2026-09-30","332","aanwezig","Open Library Work: OL531767W; ISBN-13: 9781447925408","bevestigd","P3","Canoniek categoriemodel en stabiele NL/EN-labels. NL/EN verwijzen naar dezelfde categorie-ID. 1476 eerste gedrukte editie; ontstaan in de veertiende eeuw apart houden. Redactionele AI-indeling; geen HIGH-evidence of menselijke beoordeling. Aanvullende genres opnieuw inhoudelijk afgewogen; uitsluitend canonieke genres, doelgroep en werkvorm blijven afzonderlijk."
"LS1000-0584","The Cat Ate My Gymsuit","Paula Danziger","1974","Literaire & algemene fictie","Literary & General Fiction","","jeugd","roman","ZEKER","AI_KENNIS_HERBEOORDEELD","Bekende jeugd- of YA-titel met blijvende ontdekkingswaarde.","https://openlibrary.org/works/OL464931W | https://lumisco.re/book/496","2026-09-30","496","aanwezig","Open Library Work: OL464931W; ISBN-13: 9780606003506","niet gevonden","P3","Canoniek categoriemodel en stabiele NL/EN-labels. NL/EN verwijzen naar dezelfde categorie-ID. Redactionele AI-indeling; geen HIGH-evidence of menselijke beoordeling. Aanvullende genres opnieuw inhoudelijk afgewogen; uitsluitend canonieke genres, doelgroep en werkvorm blijven afzonderlijk."
"LS1000-0585","The Catcher in the Rye","J. D. Salinger","1951","Literaire & algemene fictie","Literary & General Fiction","","volwassenen","roman","ZEKER","AI_KENNIS_HERBEOORDEELD","Blijvende publieksfavoriet en herkenbaar ijkpunt binnen het genre.","https://openlibrary.org/works/OL3335245W | https://lumisco.re/book/36","2026-09-30","36","aanwezig","Open Library Work: OL3335245W; ISBN-13: 9780822070382","bevestigd","P3","Canoniek categoriemodel en stabiele NL/EN-labels. NL/EN verwijzen naar dezelfde categorie-ID. AI-bibliografische correctie: oorspronkelijke publicatie in plaats van onjuist bron-/editiejaar; geen wijziging bestaand databasejaar. Redactionele AI-indeling; geen HIGH-evidence of menselijke beoordeling. Aanvullende genres opnieuw inhoudelijk afgewogen; uitsluitend canonieke genres, doelgroep en werkvorm blijven afzonderlijk."
"LS1000-0586","The coldest winter ever","Sister Souljah","1999","Literaire & algemene fictie","Literary & General Fiction","","volwassenen","roman","ZEKER","AI_KENNIS_HERBEOORDEELD","Blijvende publieksfavoriet en herkenbaar ijkpunt binnen het genre.","https://openlibrary.org/works/OL55286W | https://lumisco.re/book/906","2026-09-30","906","aanwezig","Open Library Work: OL55286W; ISBN-13: 9781416521693","niet gevonden","P3","Canoniek categoriemodel en stabiele NL/EN-labels. NL/EN verwijzen naar dezelfde categorie-ID. Redactionele AI-indeling; geen HIGH-evidence of menselijke beoordeling."
"LS1000-0587","The Corrections","Jonathan Franzen","2001","Literaire & algemene fictie","Literary & General Fiction","","volwassenen","roman","ZEKER","AI_KENNIS_HERBEOORDEELD","Blijvende publieksfavoriet en herkenbaar ijkpunt binnen het genre.","https://openlibrary.org/works/OL4082696W | https://lumisco.re/book/908","2026-09-30","908","aanwezig","Open Library Work: OL4082696W; ISBN-13: 9780374919221","niet gevonden","P3","Canoniek categoriemodel en stabiele NL/EN-labels. NL/EN verwijzen naar dezelfde categorie-ID. Redactionele AI-indeling; geen HIGH-evidence of menselijke beoordeling. Aanvullende genres opnieuw inhoudelijk afgewogen; uitsluitend canonieke genres, doelgroep en werkvorm blijven afzonderlijk."
"LS1000-0588","The Curious Incident of the Dog in the Night-Time","Mark Haddon","2003","Literaire & algemene fictie","Literary & General Fiction","","jeugd","roman","ZEKER","AI_KENNIS_HERBEOORDEELD","Bekende jeugd- of YA-titel met blijvende ontdekkingswaarde.","https://openlibrary.org/works/OL2965102W | https://lumisco.re/book/450","2026-09-30","450","aanwezig","Open Library Work: OL2965102W; ISBN-13: 9781409086048","bevestigd","P3","Canoniek categoriemodel en stabiele NL/EN-labels. NL/EN verwijzen naar dezelfde categorie-ID. AI-bibliografische correctie: oorspronkelijke publicatie in plaats van onjuist bron-/editiejaar; geen wijziging bestaand databasejaar. Redactionele AI-indeling; geen HIGH-evidence of menselijke beoordeling. Aanvullende genres opnieuw inhoudelijk afgewogen; uitsluitend canonieke genres, doelgroep en werkvorm blijven afzonderlijk."
"LS1000-0589","The Divine Comedy","Dante Alighieri","1472","Literaire & algemene fictie","Literary & General Fiction","","volwassenen","poëzie","WAARSCHIJNLIJK","AI_KENNIS_HERBEOORDEELD","Blijvende publieksfavoriet en herkenbaar ijkpunt binnen het genre.","https://openlibrary.org/works/OL93082W | https://lumisco.re/book/318","2026-09-30","318","aanwezig","Open Library Work: OL93082W; ISBN-13: 9781712076972","bevestigd","P3","Oorspronkelijke notitie (niet overgenomen als regel): Publicatiejaar verschilt tussen de kandidaatbron (1321) en Open Library (1472); Open Library-jaar gebruikt. Canoniek categoriemodel en stabiele NL/EN-labels. NL/EN verwijzen naar dezelfde categorie-ID. Redactionele AI-indeling; geen HIGH-evidence of menselijke beoordeling. Aanvullende genres opnieuw inhoudelijk afgewogen; uitsluitend canonieke genres, doelgroep en werkvorm blijven afzonderlijk. 1472 eerste druk behouden; 1321 is voltooiing, geen gedrukte editie."
"LS1000-0590","The Duel and Other Stories [8 stories]","Антон Павлович Чехов","","Literaire & algemene fictie","Literary & General Fiction","","volwassenen","verhalenbundel","WAARSCHIJNLIJK","AI_KENNIS_HERBEOORDEELD","Veeluitgegeven internationaal werk dat de redactionele breedte van de catalogus vergroot.","https://openlibrary.org/works/OL278134W | https://openlibrary.org/subjects/literary_fiction","2026-09-30","","ontbreekt","Open Library Work: OL278134W; ISBN-13: 9798632291576","niet gevonden","P2","Canoniek categoriemodel en stabiele NL/EN-labels. NL/EN verwijzen naar dezelfde categorie-ID. Exact oorspronkelijk publicatiejaar onvoldoende vastgesteld; niet afleiden van editie/ontstaan. Redactionele AI-indeling; geen HIGH-evidence of menselijke beoordeling."
"LS1000-0591","The God of Small Things","Arundhati Roy","1997","Literaire & algemene fictie","Literary & General Fiction","","volwassenen","roman","WAARSCHIJNLIJK","AI_KENNIS_HERBEOORDEELD","Veeluitgegeven internationaal werk dat de redactionele breedte van de catalogus vergroot.","https://openlibrary.org/works/OL1052133W | https://openlibrary.org/subjects/literary_fiction | https://thebookerprizes.com/the-booker-library/features/full-list-of-booker-prize-winners-shortlisted-and-longlisted-authors","2026-09-30","","ontbreekt","Open Library Work: OL1052133W; ISBN-13: 9780006551096","bevestigd","P1","Canoniek categoriemodel en stabiele NL/EN-labels. NL/EN verwijzen naar dezelfde categorie-ID. Redactionele AI-indeling; geen HIGH-evidence of menselijke beoordeling. Aanvullende genres opnieuw inhoudelijk afgewogen; uitsluitend canonieke genres, doelgroep en werkvorm blijven afzonderlijk."
"LS1000-0592","The Great Gatsby","F. Scott Fitzgerald","1925","Literaire & algemene fictie","Literary & General Fiction","","volwassenen","roman","ZEKER","AI_KENNIS_HERBEOORDEELD","Blijvende publieksfavoriet en herkenbaar ijkpunt binnen het genre.","https://openlibrary.org/works/OL468431W | https://lumisco.re/book/5","2026-09-30","5","aanwezig","Open Library Work: OL468431W; ISBN-13: 9798461901837","bevestigd","P3","Canoniek categoriemodel en stabiele NL/EN-labels. NL/EN verwijzen naar dezelfde categorie-ID. AI-bibliografische correctie: oorspronkelijke publicatie in plaats van onjuist bron-/editiejaar; geen wijziging bestaand databasejaar. Redactionele AI-indeling; geen HIGH-evidence of menselijke beoordeling. Aanvullende genres opnieuw inhoudelijk afgewogen; uitsluitend canonieke genres, doelgroep en werkvorm blijven afzonderlijk."
"LS1000-0593","The Gruffalo","Julia Donaldson","1999","Literaire & algemene fictie","Literary & General Fiction","","jeugd","roman","ZEKER","AI_KENNIS_HERBEOORDEELD","Bekende jeugd- of YA-titel met blijvende ontdekkingswaarde.","https://openlibrary.org/works/OL1938178W | https://lumisco.re/book/471","2026-09-30","471","aanwezig","Open Library Work: OL1938178W; ISBN-13: 9780333710937","bevestigd","P3","Canoniek categoriemodel en stabiele NL/EN-labels. NL/EN verwijzen naar dezelfde categorie-ID. Redactionele AI-indeling; geen HIGH-evidence of menselijke beoordeling. Aanvullende genres opnieuw inhoudelijk afgewogen; uitsluitend canonieke genres, doelgroep en werkvorm blijven afzonderlijk."
"LS1000-0594","The Hate U Give","Angie Thomas","2017","Literaire & algemene fictie","Literary & General Fiction","","jeugd","roman","ZEKER","AI_KENNIS_HERBEOORDEELD","Bekende jeugd- of YA-titel met blijvende ontdekkingswaarde.","https://openlibrary.org/works/OL17714701W | https://lumisco.re/book/452","2026-09-30","452","aanwezig","Open Library Work: OL17714701W; ISBN-13: 9780062498533","bevestigd","P3","Canoniek categoriemodel en stabiele NL/EN-labels. NL/EN verwijzen naar dezelfde categorie-ID. Redactionele AI-indeling; geen HIGH-evidence of menselijke beoordeling. Aanvullende genres opnieuw inhoudelijk afgewogen; uitsluitend canonieke genres, doelgroep en werkvorm blijven afzonderlijk."
"LS1000-0595","The Hound of the Baskervilles","Arthur Conan Doyle","1901","Detectives & misdaadfictie","Mystery & Crime Fiction","","volwassenen","roman","ZEKER","AI_KENNIS_HERBEOORDEELD","Blijvende publieksfavoriet en herkenbaar ijkpunt binnen het genre.","https://openlibrary.org/works/OL262454W | https://lumisco.re/book/360","2026-09-30","360","aanwezig","Open Library Work: OL262454W; ISBN-13: 9781587265310","bevestigd","P3","Inhoudelijke AI-herbeoordeling van dit werk; geen auteur-/titelwoordregel. NL/EN verwijzen naar dezelfde categorie-ID. AI-bibliografische correctie: oorspronkelijke publicatie in plaats van onjuist bron-/editiejaar; geen wijziging bestaand databasejaar. Redactionele AI-indeling; geen HIGH-evidence of menselijke beoordeling. Aanvullende genres opnieuw inhoudelijk afgewogen; uitsluitend canonieke genres, doelgroep en werkvorm blijven afzonderlijk."
"LS1000-0596","The Iliad","Όμηρος","","Literaire & algemene fictie","Literary & General Fiction","","volwassenen","poëzie","ZEKER","AI_KENNIS_HERBEOORDEELD","Blijvende publieksfavoriet en herkenbaar ijkpunt binnen het genre.","https://openlibrary.org/works/OL61981W | https://lumisco.re/book/317","2026-09-30","317","aanwezig","Open Library Work: OL61981W; ISBN-13: 9780451530691","bevestigd","P3","Canoniek categoriemodel en stabiele NL/EN-labels. NL/EN verwijzen naar dezelfde categorie-ID. Exact oorspronkelijk publicatiejaar onvoldoende vastgesteld; niet afleiden van editie/ontstaan. Redactionele AI-indeling; geen HIGH-evidence of menselijke beoordeling. Aanvullende genres opnieuw inhoudelijk afgewogen; uitsluitend canonieke genres, doelgroep en werkvorm blijven afzonderlijk."
"LS1000-0597","The Importance of Being Earnest","Oscar Wilde","1899","Literaire & algemene fictie","Literary & General Fiction","","volwassenen","roman","ZEKER","AI_KENNIS_HERBEOORDEELD","Blijvende publieksfavoriet en herkenbaar ijkpunt binnen het genre.","https://openlibrary.org/works/OL27776452W | https://lumisco.re/book/378","2026-09-30","378","aanwezig","Open Library Work: OL27776452W; ISBN-13: 9798519976213","niet gevonden","P3","Canoniek categoriemodel en stabiele NL/EN-labels. NL/EN verwijzen naar dezelfde categorie-ID. AI-bibliografische correctie: oorspronkelijke publicatie in plaats van onjuist bron-/editiejaar; geen wijziging bestaand databasejaar. Redactionele AI-indeling; geen HIGH-evidence of menselijke beoordeling. Aanvullende genres opnieuw inhoudelijk afgewogen; uitsluitend canonieke genres, doelgroep en werkvorm blijven afzonderlijk."
"LS1000-0598","The inheritance of loss","Kiran Desai","2006","Literaire & algemene fictie","Literary & General Fiction","","volwassenen","roman","ZEKER","AI_KENNIS_HERBEOORDEELD","Bekroonde literaire titel die de internationale kernselectie versterkt.","https://openlibrary.org/works/OL97945W | https://thebookerprizes.com/the-booker-library/features/full-list-of-booker-prize-winners-shortlisted-and-longlisted-authors | https://lumisco.re/book/921","2026-09-30","921","aanwezig","Open Library Work: OL97945W; ISBN-13: 9781597227568","bevestigd","P3","Canoniek categoriemodel en stabiele NL/EN-labels. NL/EN verwijzen naar dezelfde categorie-ID. AI-bibliografische correctie: oorspronkelijke publicatie in plaats van onjuist bron-/editiejaar; geen wijziging bestaand databasejaar. Redactionele AI-indeling; geen HIGH-evidence of menselijke beoordeling. Aanvullende genres opnieuw inhoudelijk afgewogen; uitsluitend canonieke genres, doelgroep en werkvorm blijven afzonderlijk."
"LS1000-0599","The Last Story of Mina Lee","Nancy Jooyoun Kim","2020","Literaire & algemene fictie","Literary & General Fiction","","volwassenen","roman","ZEKER","AI_KENNIS_HERBEOORDEELD","Recente, reeds verschenen titel die de selectie actueel en veelzijdig houdt.","https://openlibrary.org/works/OL20919167W | https://lumisco.re/book/945","2026-09-30","945","aanwezig","Open Library Work: OL20919167W; ISBN-13: 9781472281616","niet gevonden","P3","Canoniek categoriemodel en stabiele NL/EN-labels. NL/EN verwijzen naar dezelfde categorie-ID. Redactionele AI-indeling; geen HIGH-evidence of menselijke beoordeling."
"LS1000-0600","The Library of Legends","Janie Chang","2020","Fantasy","Fantasy","Historische fictie","volwassenen","roman","ZEKER","AI_KENNIS_HERBEOORDEELD","Recente, reeds verschenen titel die de selectie actueel en veelzijdig houdt.","https://openlibrary.org/works/OL20776733W | https://lumisco.re/book/980","2026-09-30","980","aanwezig","Open Library Work: OL20776733W; ISBN-13: 9780062851512","niet gevonden","P3","Inhoudelijke AI-herbeoordeling van dit werk; geen auteur-/titelwoordregel. NL/EN verwijzen naar dezelfde categorie-ID. Redactionele AI-indeling; geen HIGH-evidence of menselijke beoordeling. Aanvullende genres opnieuw inhoudelijk afgewogen; uitsluitend canonieke genres, doelgroep en werkvorm blijven afzonderlijk."
"LS1000-0601","The Long Haul","Jeff Kinney","2014","Literaire & algemene fictie","Literary & General Fiction","","jeugd","roman","ZEKER","AI_KENNIS_HERBEOORDEELD","Bekende jeugd- of YA-titel met blijvende ontdekkingswaarde.","https://openlibrary.org/works/OL17076678W | https://lumisco.re/book/498","2026-09-30","498","aanwezig","Open Library Work: OL17076678W; ISBN-13: 9781419711893","bevestigd","P3","Canoniek categoriemodel en stabiele NL/EN-labels. NL/EN verwijzen naar dezelfde categorie-ID. Redactionele AI-indeling; geen HIGH-evidence of menselijke beoordeling. Aanvullende genres opnieuw inhoudelijk afgewogen; uitsluitend canonieke genres, doelgroep en werkvorm blijven afzonderlijk."
"LS1000-0602","The Odyssey","Όμηρος","1488","Literaire & algemene fictie","Literary & General Fiction","","volwassenen","poëzie","ZEKER","AI_KENNIS_HERBEOORDEELD","Blijvende publieksfavoriet en herkenbaar ijkpunt binnen het genre.","https://openlibrary.org/works/OL61982W | https://lumisco.re/book/345","2026-09-30","345","aanwezig","Open Library Work: OL61982W; ISBN-13: 9780812004236","bevestigd","P3","Canoniek categoriemodel en stabiele NL/EN-labels. NL/EN verwijzen naar dezelfde categorie-ID. Redactionele AI-indeling; geen HIGH-evidence of menselijke beoordeling. Aanvullende genres opnieuw inhoudelijk afgewogen; uitsluitend canonieke genres, doelgroep en werkvorm blijven afzonderlijk. 1488 eerste Griekse druk; antieke ontstaansperiode niet als exact publicatiejaar invoeren."
"LS1000-0603","The Old Man and the Sea","Ernest Hemingway","1952","Literaire & algemene fictie","Literary & General Fiction","","volwassenen","novelle","ZEKER","AI_KENNIS_HERBEOORDEELD","Blijvende publieksfavoriet en herkenbaar ijkpunt binnen het genre.","https://openlibrary.org/works/OL63073W | https://lumisco.re/book/45","2026-09-30","45","aanwezig","Open Library Work: OL63073W; ISBN-13: 9798600930100","niet gevonden","P3","Canoniek categoriemodel en stabiele NL/EN-labels. NL/EN verwijzen naar dezelfde categorie-ID. Redactionele AI-indeling; geen HIGH-evidence of menselijke beoordeling. Aanvullende genres opnieuw inhoudelijk afgewogen; uitsluitend canonieke genres, doelgroep en werkvorm blijven afzonderlijk."
"LS1000-0604","The Perks of Being a Wallflower","Stephen Chbosky","1999","Literaire & algemene fictie","Literary & General Fiction","","volwassenen","roman","WAARSCHIJNLIJK","AI_KENNIS_HERBEOORDEELD","Veeluitgegeven internationaal werk dat de redactionele breedte van de catalogus vergroot.","https://openlibrary.org/works/OL875437W | https://openlibrary.org/subjects/literary_fiction","2026-09-30","","ontbreekt","Open Library Work: OL875437W; ISBN-13: 9781471116179","niet gevonden","P2","Canoniek categoriemodel en stabiele NL/EN-labels. NL/EN verwijzen naar dezelfde categorie-ID. Redactionele AI-indeling; geen HIGH-evidence of menselijke beoordeling."
"LS1000-0605","The Pilgrim's Progress","John Bunyan","1678","Literaire & algemene fictie","Literary & General Fiction","","volwassenen","roman","ZEKER","AI_KENNIS_HERBEOORDEELD","Blijvende publieksfavoriet en herkenbaar ijkpunt binnen het genre.","https://openlibrary.org/works/OL107195W | https://lumisco.re/book/340","2026-09-30","340","aanwezig","Open Library Work: OL107195W; ISBN-13: 9780340844106","niet gevonden","P3","Canoniek categoriemodel en stabiele NL/EN-labels. NL/EN verwijzen naar dezelfde categorie-ID. Redactionele AI-indeling; geen HIGH-evidence of menselijke beoordeling. Aanvullende genres opnieuw inhoudelijk afgewogen; uitsluitend canonieke genres, doelgroep en werkvorm blijven afzonderlijk."
"LS1000-0606","The Prisoner of Zenda","Anthony Hope","1894","Literaire & algemene fictie","Literary & General Fiction","","volwassenen","roman","WAARSCHIJNLIJK","AI_KENNIS_HERBEOORDEELD","Veeluitgegeven internationaal werk dat de redactionele breedte van de catalogus vergroot.","https://openlibrary.org/works/OL245401W | https://openlibrary.org/subjects/classics","2026-09-30","","ontbreekt","Open Library Work: OL245401W; ISBN-13: 9781613825334","niet gevonden","P2","Canoniek categoriemodel en stabiele NL/EN-labels. NL/EN verwijzen naar dezelfde categorie-ID. Redactionele AI-indeling; geen HIGH-evidence of menselijke beoordeling. Aanvullende genres opnieuw inhoudelijk afgewogen; uitsluitend canonieke genres, doelgroep en werkvorm blijven afzonderlijk."
"LS1000-0607","The Prophet","Kahlil Gibran","1923","Literaire & algemene fictie","Literary & General Fiction","","volwassenen","poëzie","WAARSCHIJNLIJK","AI_KENNIS_HERBEOORDEELD","Veeluitgegeven internationaal werk dat de redactionele breedte van de catalogus vergroot.","https://openlibrary.org/works/OL318900W | https://openlibrary.org/subjects/classics","2026-09-30","","ontbreekt","Open Library Work: OL318900W; ISBN-13: 9798752517211","niet gevonden","P2","Canoniek categoriemodel en stabiele NL/EN-labels. NL/EN verwijzen naar dezelfde categorie-ID. Redactionele AI-indeling; geen HIGH-evidence of menselijke beoordeling. Aanvullende genres opnieuw inhoudelijk afgewogen; uitsluitend canonieke genres, doelgroep en werkvorm blijven afzonderlijk."
"LS1000-0608","The Reluctant Fundamentalist","Mohsin Hamid","2007","Literaire & algemene fictie","Literary & General Fiction","","volwassenen","roman","ZEKER","AI_KENNIS_HERBEOORDEELD","Blijvende publieksfavoriet en herkenbaar ijkpunt binnen het genre.","https://openlibrary.org/works/OL489097W | https://lumisco.re/book/915","2026-09-30","915","aanwezig","Open Library Work: OL489097W; ISBN-13: 9781602850460","niet gevonden","P3","Canoniek categoriemodel en stabiele NL/EN-labels. NL/EN verwijzen naar dezelfde categorie-ID. Redactionele AI-indeling; geen HIGH-evidence of menselijke beoordeling."
"LS1000-0609","The Satanic Verses","Salman Rushdie","1988","Literaire & algemene fictie","Literary & General Fiction","Fantasy","volwassenen","roman","WAARSCHIJNLIJK","AI_KENNIS_HERBEOORDEELD","Veeluitgegeven internationaal werk dat de redactionele breedte van de catalogus vergroot.","https://openlibrary.org/works/OL457175W | https://openlibrary.org/subjects/literary_fiction","2026-09-30","","ontbreekt","Open Library Work: OL457175W; ISBN-13: 9781299036406","bevestigd","P2","Canoniek categoriemodel en stabiele NL/EN-labels. NL/EN verwijzen naar dezelfde categorie-ID. Redactionele AI-indeling; geen HIGH-evidence of menselijke beoordeling. Aanvullende genres opnieuw inhoudelijk afgewogen; uitsluitend canonieke genres, doelgroep en werkvorm blijven afzonderlijk."
"LS1000-0610","The Secret History","Donna Tartt","1992","Literaire & algemene fictie","Literary & General Fiction","","volwassenen","roman","ZEKER","AI_KENNIS_HERBEOORDEELD","Blijvende publieksfavoriet en herkenbaar ijkpunt binnen het genre.","https://openlibrary.org/works/OL4321141W | https://lumisco.re/book/363","2026-09-30","363","aanwezig","Open Library Work: OL4321141W; ISBN-13: 9781400031702","bevestigd","P3","Canoniek categoriemodel en stabiele NL/EN-labels. NL/EN verwijzen naar dezelfde categorie-ID. Redactionele AI-indeling; geen HIGH-evidence of menselijke beoordeling. Aanvullende genres opnieuw inhoudelijk afgewogen; uitsluitend canonieke genres, doelgroep en werkvorm blijven afzonderlijk."
"LS1000-0611","The Sign of Four","Arthur Conan Doyle","1890","Detectives & misdaadfictie","Mystery & Crime Fiction","","volwassenen","roman","ZEKER","AI_KENNIS_HERBEOORDEELD","Blijvende publieksfavoriet en herkenbaar ijkpunt binnen het genre.","https://openlibrary.org/works/OL262438W | https://lumisco.re/book/371","2026-09-30","371","aanwezig","Open Library Work: OL262438W; ISBN-13: 9781847498717","bevestigd","P3","Inhoudelijke AI-herbeoordeling van dit werk; geen auteur-/titelwoordregel. NL/EN verwijzen naar dezelfde categorie-ID. AI-bibliografische correctie: oorspronkelijke publicatie in plaats van onjuist bron-/editiejaar; geen wijziging bestaand databasejaar. Redactionele AI-indeling; geen HIGH-evidence of menselijke beoordeling. Aanvullende genres opnieuw inhoudelijk afgewogen; uitsluitend canonieke genres, doelgroep en werkvorm blijven afzonderlijk."
"LS1000-0612","The Souls of Black Folk","W. E. B. Du Bois","1903","Maatschappij & actualiteit","Society & Current Affairs","","volwassenen","roman","ZEKER","AI_KENNIS_HERBEOORDEELD","Blijvende publieksfavoriet en herkenbaar ijkpunt binnen het genre.","https://openlibrary.org/works/OL28577W | https://lumisco.re/book/364","2026-09-30","364","aanwezig","Open Library Work: OL28577W; ISBN-13: 9781632060976","niet gevonden","P3","Inhoudelijke AI-herbeoordeling van dit werk; geen auteur-/titelwoordregel. NL/EN verwijzen naar dezelfde categorie-ID. Redactionele AI-indeling; geen HIGH-evidence of menselijke beoordeling. Aanvullende genres opnieuw inhoudelijk afgewogen; uitsluitend canonieke genres, doelgroep en werkvorm blijven afzonderlijk."
"LS1000-0613","The Stranger","Albert Camus","1942","Literaire & algemene fictie","Literary & General Fiction","","volwassenen","roman","ZEKER","AI_KENNIS_HERBEOORDEELD","Blijvende publieksfavoriet en herkenbaar ijkpunt binnen het genre.","https://openlibrary.org/works/OL1230613W | https://lumisco.re/book/44","2026-09-30","44","aanwezig","Open Library Work: OL1230613W; ISBN-13: 9781610425490","bevestigd","P3","Canoniek categoriemodel en stabiele NL/EN-labels. NL/EN verwijzen naar dezelfde categorie-ID. Redactionele AI-indeling; geen HIGH-evidence of menselijke beoordeling. Aanvullende genres opnieuw inhoudelijk afgewogen; uitsluitend canonieke genres, doelgroep en werkvorm blijven afzonderlijk."
"LS1000-0614","The Summer I Turned Pretty","Jenny Han","2009","Romantiek","Romance","","jeugd","roman","ZEKER","AI_KENNIS_HERBEOORDEELD","Bekende jeugd- of YA-titel met blijvende ontdekkingswaarde.","https://openlibrary.org/works/OL5819962W | https://lumisco.re/book/446","2026-09-30","446","aanwezig","Open Library Work: OL5819962W; ISBN-13: 9781416968238","niet gevonden","P3","Inhoudelijke AI-herbeoordeling van dit werk; geen auteur-/titelwoordregel. NL/EN verwijzen naar dezelfde categorie-ID. AI-bibliografische correctie: oorspronkelijke publicatie in plaats van onjuist bron-/editiejaar; geen wijziging bestaand databasejaar. Redactionele AI-indeling; geen HIGH-evidence of menselijke beoordeling. Aanvullende genres opnieuw inhoudelijk afgewogen; uitsluitend canonieke genres, doelgroep en werkvorm blijven afzonderlijk."
"LS1000-0615","The Swimmers","Julie Otsuka","2022","Literaire & algemene fictie","Literary & General Fiction","","volwassenen","roman","ZEKER","AI_KENNIS_HERBEOORDEELD","Recente, reeds verschenen titel die de selectie actueel en veelzijdig houdt.","https://openlibrary.org/works/OL24728030W | https://lumisco.re/book/946","2026-09-30","946","aanwezig","Open Library Work: OL24728030W; ISBN-13: 9780241543887","niet gevonden","P3","Canoniek categoriemodel en stabiele NL/EN-labels. NL/EN verwijzen naar dezelfde categorie-ID. Redactionele AI-indeling; geen HIGH-evidence of menselijke beoordeling."
"LS1000-0616","The Tempest","William Shakespeare","1623","Literaire & algemene fictie","Literary & General Fiction","","volwassenen","toneelstuk","ZEKER","AI_KENNIS + GERICHTE_BRONCONTROLE","Blijvende publieksfavoriet en herkenbaar ijkpunt binnen het genre.","https://openlibrary.org/works/OL362699W | https://lumisco.re/book/331 | https://www.folger.edu/explore/shakespeare-in-print/first-folio/","2026-09-30","331","aanwezig","Open Library Work: OL362699W; ISBN-13: 9781616511104","bevestigd","P3","Canoniek categoriemodel en stabiele NL/EN-labels. NL/EN verwijzen naar dezelfde categorie-ID. Werkvorm afzonderlijk inhoudelijk gecorrigeerd; geen genre. Eerste druk in First Folio 1623; 1611 betreft opvoering. Redactionele AI-indeling; geen HIGH-evidence of menselijke beoordeling. Aanvullende genres opnieuw inhoudelijk afgewogen; uitsluitend canonieke genres, doelgroep en werkvorm blijven afzonderlijk. Eerste gedrukte publicatie 1623."
"LS1000-0617","The Third Wheel","Jeff Kinney","2012","Literaire & algemene fictie","Literary & General Fiction","","jeugd","roman","ZEKER","AI_KENNIS_HERBEOORDEELD","Bekende jeugd- of YA-titel met blijvende ontdekkingswaarde.","https://openlibrary.org/works/OL16797312W | https://lumisco.re/book/480","2026-09-30","480","aanwezig","Open Library Work: OL16797312W; ISBN-13: 9780141344980","niet gevonden","P3","Canoniek categoriemodel en stabiele NL/EN-labels. NL/EN verwijzen naar dezelfde categorie-ID. AI-bibliografische correctie: oorspronkelijke publicatie in plaats van onjuist bron-/editiejaar; geen wijziging bestaand databasejaar. Redactionele AI-indeling; geen HIGH-evidence of menselijke beoordeling. Aanvullende genres opnieuw inhoudelijk afgewogen; uitsluitend canonieke genres, doelgroep en werkvorm blijven afzonderlijk."
"LS1000-0618","The trophy wife","Ashley","","Literaire & algemene fictie","Literary & General Fiction","","volwassenen","roman","TWIJFEL","AI_KENNIS_HERBEOORDEELD","Blijvende publieksfavoriet en herkenbaar ijkpunt binnen het genre.","https://openlibrary.org/works/OL13748883W | https://lumisco.re/book/911","2026-09-30","911","aanwezig","Open Library Work: OL13748883W; ISBN-13: 9781601620514","niet gevonden","P3","Canoniek categoriemodel en stabiele NL/EN-labels. NL/EN verwijzen naar dezelfde categorie-ID. Exact oorspronkelijk publicatiejaar onvoldoende vastgesteld; niet afleiden van editie/ontstaan. The trophy wife / Ashley: auteursidentiteit en werkafbakening onvoldoende zeker. Redactionele AI-indeling; geen HIGH-evidence of menselijke beoordeling."
"LS1000-0619","The Very Hungry Caterpillar","Eric Carle","1969","Literaire & algemene fictie","Literary & General Fiction","","jeugd","roman","ZEKER","AI_KENNIS_HERBEOORDEELD","Bekende jeugd- of YA-titel met blijvende ontdekkingswaarde.","https://openlibrary.org/works/OL52987W | https://lumisco.re/book/112","2026-09-30","112","aanwezig","Open Library Work: OL52987W; ISBN-13: 9780399220494","bevestigd","P3","Canoniek categoriemodel en stabiele NL/EN-labels. NL/EN verwijzen naar dezelfde categorie-ID. Redactionele AI-indeling; geen HIGH-evidence of menselijke beoordeling. Aanvullende genres opnieuw inhoudelijk afgewogen; uitsluitend canonieke genres, doelgroep en werkvorm blijven afzonderlijk."
"LS1000-0620","Things We Lost to the Water","Eric Nguyen","2021","Literaire & algemene fictie","Literary & General Fiction","","volwassenen","roman","ZEKER","AI_KENNIS_HERBEOORDEELD","Recente, reeds verschenen titel die de selectie actueel en veelzijdig houdt.","https://openlibrary.org/works/OL24146692W | https://lumisco.re/book/938","2026-09-30","938","aanwezig","Open Library Work: OL24146692W; ISBN-13: 9780593317952","niet gevonden","P3","Canoniek categoriemodel en stabiele NL/EN-labels. NL/EN verwijzen naar dezelfde categorie-ID. Redactionele AI-indeling; geen HIGH-evidence of menselijke beoordeling. Aanvullende genres opnieuw inhoudelijk afgewogen; uitsluitend canonieke genres, doelgroep en werkvorm blijven afzonderlijk."
"LS1000-0621","Thirteen reasons why","Jay Asher","2007","Literaire & algemene fictie","Literary & General Fiction","","jeugd","roman","ZEKER","AI_KENNIS_HERBEOORDEELD","Bekende jeugd- of YA-titel met blijvende ontdekkingswaarde.","https://openlibrary.org/works/OL9264548W | https://lumisco.re/book/468","2026-09-30","468","aanwezig","Open Library Work: OL9264548W; ISBN-13: 9781595141712","niet gevonden","P3","Canoniek categoriemodel en stabiele NL/EN-labels. NL/EN verwijzen naar dezelfde categorie-ID. Redactionele AI-indeling; geen HIGH-evidence of menselijke beoordeling. Aanvullende genres opnieuw inhoudelijk afgewogen; uitsluitend canonieke genres, doelgroep en werkvorm blijven afzonderlijk."
"LS1000-0622","This Side of Paradise","F. Scott Fitzgerald","1920","Literaire & algemene fictie","Literary & General Fiction","","volwassenen","roman","ZEKER","AI_KENNIS_HERBEOORDEELD","Blijvende publieksfavoriet en herkenbaar ijkpunt binnen het genre.","https://openlibrary.org/works/OL468488W | https://lumisco.re/book/367","2026-09-30","367","aanwezig","Open Library Work: OL468488W; ISBN-13: 9781447402787","niet gevonden","P3","Canoniek categoriemodel en stabiele NL/EN-labels. NL/EN verwijzen naar dezelfde categorie-ID. Redactionele AI-indeling; geen HIGH-evidence of menselijke beoordeling. Aanvullende genres opnieuw inhoudelijk afgewogen; uitsluitend canonieke genres, doelgroep en werkvorm blijven afzonderlijk."
"LS1000-0623","Three Men in a Boat (to say nothing of the dog)","Jerome Klapka Jérôme","1889","Literaire & algemene fictie","Literary & General Fiction","","volwassenen","roman","ZEKER","AI_KENNIS_HERBEOORDEELD","Blijvende publieksfavoriet en herkenbaar ijkpunt binnen het genre.","https://openlibrary.org/works/OL1793164W | https://lumisco.re/book/358","2026-09-30","358","aanwezig","Open Library Work: OL1793164W; ISBN-13: 9798603613079","bevestigd","P3","Canoniek categoriemodel en stabiele NL/EN-labels. NL/EN verwijzen naar dezelfde categorie-ID. Redactionele AI-indeling; geen HIGH-evidence of menselijke beoordeling. Aanvullende genres opnieuw inhoudelijk afgewogen; uitsluitend canonieke genres, doelgroep en werkvorm blijven afzonderlijk."
"LS1000-0624","Tirza","Arnon Grunberg","2006","Literaire & algemene fictie","Literary & General Fiction","","volwassenen","roman","ZEKER","AI_KENNIS_HERBEOORDEELD","Nederlandstalige of Vlaamse kernselectie met blijvende lees- en ontdekkingswaarde.","https://openlibrary.org/works/OL850975W | https://lumisco.re/book/1046","2026-09-30","1046","aanwezig","Open Library Work: OL850975W; ISBN-13: 9781934824696","bevestigd","P3","Canoniek categoriemodel en stabiele NL/EN-labels. NL/EN verwijzen naar dezelfde categorie-ID. Redactionele AI-indeling; geen HIGH-evidence of menselijke beoordeling. Aanvullende genres opnieuw inhoudelijk afgewogen; uitsluitend canonieke genres, doelgroep en werkvorm blijven afzonderlijk."
"LS1000-0625","Titaantjes","Nescio","1915","Literaire & algemene fictie","Literary & General Fiction","","volwassenen","kort verhaal","WAARSCHIJNLIJK","AI_KENNIS_HERBEOORDEELD","Nederlandstalige sleuteltekst met blijvende cultuurhistorische betekenis.","https://openlibrary.org/works/OL2795318W | https://www.dbnl.org/basisbibliotheek/index.php | https://lumisco.re/book/1200","2026-09-30","1200","aanwezig","Open Library Work: OL2795318W; ISBN-13: 9789023656289","bevestigd","P3","Oorspronkelijke notitie (niet overgenomen als regel): Publicatiejaar verschilt tussen de kandidaatbron (1915) en Open Library (1987); Open Library-jaar gebruikt. Canoniek categoriemodel en stabiele NL/EN-labels. NL/EN verwijzen naar dezelfde categorie-ID. Werkvorm afzonderlijk inhoudelijk gecorrigeerd; geen genre. AI-bibliografische correctie: oorspronkelijke publicatie in plaats van onjuist bron-/editiejaar; geen wijziging bestaand databasejaar. Redactionele AI-indeling; geen HIGH-evidence of menselijke beoordeling. Aanvullende genres opnieuw inhoudelijk afgewogen; uitsluitend canonieke genres, doelgroep en werkvorm blijven afzonderlijk."
"LS1000-0626","To the Lighthouse","Virginia Woolf","1927","Literaire & algemene fictie","Literary & General Fiction","","volwassenen","roman","ZEKER","AI_KENNIS_HERBEOORDEELD","Blijvende publieksfavoriet en herkenbaar ijkpunt binnen het genre.","https://openlibrary.org/works/OL39396W | https://lumisco.re/book/374","2026-09-30","374","aanwezig","Open Library Work: OL39396W; ISBN-13: 9780863077012","bevestigd","P3","Canoniek categoriemodel en stabiele NL/EN-labels. NL/EN verwijzen naar dezelfde categorie-ID. Redactionele AI-indeling; geen HIGH-evidence of menselijke beoordeling. Aanvullende genres opnieuw inhoudelijk afgewogen; uitsluitend canonieke genres, doelgroep en werkvorm blijven afzonderlijk."
"LS1000-0627","Triomf van de verschroeide aarde","Thea Beckman","1977","Historische fictie","Historical Fiction","","young adult","roman","ZEKER","AI_KENNIS_HERBEOORDEELD","Nederlandstalige of Vlaamse kernselectie met blijvende lees- en ontdekkingswaarde.","https://openlibrary.org/works/OL31292457W | https://lumisco.re/book/1113","2026-09-30","1113","aanwezig","Open Library Work: OL31292457W; ISBN-13: 9789060693261","bevestigd","P3","Inhoudelijke AI-herbeoordeling van dit werk; geen auteur-/titelwoordregel. NL/EN verwijzen naar dezelfde categorie-ID. AI-bibliografische correctie: oorspronkelijke publicatie in plaats van onjuist bron-/editiejaar; geen wijziging bestaand databasejaar. Redactionele AI-indeling; geen HIGH-evidence of menselijke beoordeling. Aanvullende genres opnieuw inhoudelijk afgewogen; uitsluitend canonieke genres, doelgroep en werkvorm blijven afzonderlijk."
"LS1000-0628","Twee vrouwen","Harry Mulisch","1975","Literaire & algemene fictie","Literary & General Fiction","","volwassenen","roman","ZEKER","AI_KENNIS_HERBEOORDEELD","Nederlandstalige of Vlaamse kernselectie met blijvende lees- en ontdekkingswaarde.","https://openlibrary.org/works/OL659103W | https://lumisco.re/book/1008","2026-09-30","1008","aanwezig","Open Library Work: OL659103W; ISBN-13: 9780142004982","bevestigd","P3","Canoniek categoriemodel en stabiele NL/EN-labels. NL/EN verwijzen naar dezelfde categorie-ID. AI-bibliografische correctie: oorspronkelijke publicatie in plaats van onjuist bron-/editiejaar; geen wijziging bestaand databasejaar. Redactionele AI-indeling; geen HIGH-evidence of menselijke beoordeling."
"LS1000-0629","Unaccustomed Earth","Jhumpa Lahiri","2008","Literaire & algemene fictie","Literary & General Fiction","","volwassenen","roman","ZEKER","AI_KENNIS_HERBEOORDEELD","Blijvende publieksfavoriet en herkenbaar ijkpunt binnen het genre.","https://openlibrary.org/works/OL2001063W | https://lumisco.re/book/909","2026-09-30","909","aanwezig","Open Library Work: OL2001063W; ISBN-13: 9780676979343","niet gevonden","P3","Canoniek categoriemodel en stabiele NL/EN-labels. NL/EN verwijzen naar dezelfde categorie-ID. Redactionele AI-indeling; geen HIGH-evidence of menselijke beoordeling. Aanvullende genres opnieuw inhoudelijk afgewogen; uitsluitend canonieke genres, doelgroep en werkvorm blijven afzonderlijk."
"LS1000-0630","Undine, eine Erzählung","Friedrich de la Motte-Fouqué","1811","Fantasy","Fantasy","","jeugd","roman","WAARSCHIJNLIJK","AI_KENNIS_HERBEOORDEELD","Veeluitgegeven jeugd- of YA-werk met internationale ontdekkingswaarde.","https://openlibrary.org/works/OL35849W | https://openlibrary.org/subjects/young_adult_fiction","2026-09-30","","ontbreekt","Open Library Work: OL35849W; ISBN-13: 9781016811804","niet gevonden","P2","Inhoudelijke AI-herbeoordeling van dit werk; geen auteur-/titelwoordregel. NL/EN verwijzen naar dezelfde categorie-ID. Redactionele AI-indeling; geen HIGH-evidence of menselijke beoordeling. Aanvullende genres opnieuw inhoudelijk afgewogen; uitsluitend canonieke genres, doelgroep en werkvorm blijven afzonderlijk."
"LS1000-0631","Van de koele meren des doods","Frederik van Eeden","1900","Literaire & algemene fictie","Literary & General Fiction","","volwassenen","roman","WAARSCHIJNLIJK","AI_KENNIS_HERBEOORDEELD","Nederlandstalige sleuteltekst met blijvende cultuurhistorische betekenis.","https://openlibrary.org/works/OL11928480W | https://www.dbnl.org/basisbibliotheek/index.php | https://lumisco.re/book/1198","2026-09-30","1198","aanwezig","Open Library Work: OL11928480W; ISBN-13: 9789028414754","bevestigd","P3","Oorspronkelijke notitie (niet overgenomen als regel): Publicatiejaar verschilt tussen de kandidaatbron (1900) en Open Library (1935); Open Library-jaar gebruikt. Canoniek categoriemodel en stabiele NL/EN-labels. NL/EN verwijzen naar dezelfde categorie-ID. AI-bibliografische correctie: oorspronkelijke publicatie in plaats van onjuist bron-/editiejaar; geen wijziging bestaand databasejaar. Redactionele AI-indeling; geen HIGH-evidence of menselijke beoordeling. Aanvullende genres opnieuw inhoudelijk afgewogen; uitsluitend canonieke genres, doelgroep en werkvorm blijven afzonderlijk."
"LS1000-0632","Van oude mensen, de dingen die voorbijgaan","Louis Couperus","1906","Literaire & algemene fictie","Literary & General Fiction","","volwassenen","roman","WAARSCHIJNLIJK","AI_KENNIS_HERBEOORDEELD","Nederlandstalige sleuteltekst met blijvende cultuurhistorische betekenis.","https://openlibrary.org/works/OL1456917W | https://www.dbnl.org/basisbibliotheek/index.php | https://lumisco.re/book/1195","2026-09-30","1195","aanwezig","Open Library Work: OL1456917W; ISBN-13: 9789010021007","bevestigd","P3","Oorspronkelijke notitie (niet overgenomen als regel): Publicatiejaar verschilt tussen de kandidaatbron (1906) en Open Library (1968); Open Library-jaar gebruikt. Canoniek categoriemodel en stabiele NL/EN-labels. NL/EN verwijzen naar dezelfde categorie-ID. AI-bibliografische correctie: oorspronkelijke publicatie in plaats van onjuist bron-/editiejaar; geen wijziging bestaand databasejaar. Redactionele AI-indeling; geen HIGH-evidence of menselijke beoordeling. Aanvullende genres opnieuw inhoudelijk afgewogen; uitsluitend canonieke genres, doelgroep en werkvorm blijven afzonderlijk."
"LS1000-0633","Verloren grond","Murat Isik","2012","Literaire & algemene fictie","Literary & General Fiction","","volwassenen","roman","ZEKER","AI_KENNIS_HERBEOORDEELD","Nederlandstalige of Vlaamse kernselectie met blijvende lees- en ontdekkingswaarde.","https://openlibrary.org/works/OL30953755W | https://lumisco.re/book/1061","2026-09-30","1061","aanwezig","Open Library Work: OL30953755W; ISBN-13: 9789049807078","niet onderzocht","P3","Canoniek categoriemodel en stabiele NL/EN-labels. NL/EN verwijzen naar dezelfde categorie-ID. AI-bibliografische correctie: oorspronkelijke publicatie in plaats van onjuist bron-/editiejaar; geen wijziging bestaand databasejaar. Redactionele AI-indeling; geen HIGH-evidence of menselijke beoordeling."
"LS1000-0634","Villa des Roses","Willem Elsschot","1913","Literaire & algemene fictie","Literary & General Fiction","","volwassenen","roman","WAARSCHIJNLIJK","AI_KENNIS_HERBEOORDEELD","Nederlandstalige sleuteltekst met blijvende cultuurhistorische betekenis.","https://openlibrary.org/works/OL1232227W | https://www.dbnl.org/basisbibliotheek/index.php | https://lumisco.re/book/1210","2026-09-30","1210","aanwezig","Open Library Work: OL1232227W; ISBN-13: 9780140184273","niet gevonden","P3","Oorspronkelijke notitie (niet overgenomen als regel): Publicatiejaar verschilt tussen de kandidaatbron (1913) en Open Library (1969); Open Library-jaar gebruikt. Canoniek categoriemodel en stabiele NL/EN-labels. NL/EN verwijzen naar dezelfde categorie-ID. AI-bibliografische correctie: oorspronkelijke publicatie in plaats van onjuist bron-/editiejaar; geen wijziging bestaand databasejaar. Redactionele AI-indeling; geen HIGH-evidence of menselijke beoordeling. Aanvullende genres opnieuw inhoudelijk afgewogen; uitsluitend canonieke genres, doelgroep en werkvorm blijven afzonderlijk."
"LS1000-0635","Voor altijd samen, amen","Guus Kuijer","2000","Literaire & algemene fictie","Literary & General Fiction","","jeugd","roman","ZEKER","AI_KENNIS_HERBEOORDEELD","Nederlandstalige of Vlaamse kernselectie met blijvende lees- en ontdekkingswaarde.","https://openlibrary.org/works/OL4390391W | https://lumisco.re/book/1137","2026-09-30","1137","aanwezig","Open Library Work: OL4390391W; ISBN-13: 9789021472669","bevestigd","P3","Canoniek categoriemodel en stabiele NL/EN-labels. NL/EN verwijzen naar dezelfde categorie-ID. Redactionele AI-indeling; geen HIGH-evidence of menselijke beoordeling. Aanvullende genres opnieuw inhoudelijk afgewogen; uitsluitend canonieke genres, doelgroep en werkvorm blijven afzonderlijk."
"LS1000-0636","Wees onzichtbaar","Murat Isik","2017","Literaire & algemene fictie","Literary & General Fiction","","volwassenen","roman","ZEKER","AI_KENNIS_HERBEOORDEELD","Nederlandstalige of Vlaamse kernselectie met blijvende lees- en ontdekkingswaarde.","https://openlibrary.org/works/OL24328099W | https://lumisco.re/book/1060","2026-09-30","1060","aanwezig","Open Library Work: OL24328099W; ISBN-13: 9789041422903","bevestigd","P3","Canoniek categoriemodel en stabiele NL/EN-labels. NL/EN verwijzen naar dezelfde categorie-ID. Redactionele AI-indeling; geen HIGH-evidence of menselijke beoordeling."
"LS1000-0637","What Is the What","Dave Eggers","2006","Literaire & algemene fictie","Literary & General Fiction","Historische fictie","volwassenen","roman","ZEKER","AI_KENNIS_HERBEOORDEELD","Blijvende publieksfavoriet en herkenbaar ijkpunt binnen het genre.","https://openlibrary.org/works/OL114663W | https://lumisco.re/book/930","2026-09-30","930","aanwezig","Open Library Work: OL114663W; ISBN-13: 9780307385901","bevestigd","P3","Canoniek categoriemodel en stabiele NL/EN-labels. NL/EN verwijzen naar dezelfde categorie-ID. Redactionele AI-indeling; geen HIGH-evidence of menselijke beoordeling. Aanvullende genres opnieuw inhoudelijk afgewogen; uitsluitend canonieke genres, doelgroep en werkvorm blijven afzonderlijk."
"LS1000-0638","What Katy Did Next","Susan Coolidge","1886","Literaire & algemene fictie","Literary & General Fiction","","jeugd","roman","WAARSCHIJNLIJK","AI_KENNIS_HERBEOORDEELD","Veeluitgegeven jeugd- of YA-werk met internationale ontdekkingswaarde.","https://openlibrary.org/works/OL5114588W | https://openlibrary.org/subjects/young_adult_fiction","2026-09-30","","ontbreekt","Open Library Work: OL5114588W; ISBN-13: 9781425013370","niet gevonden","P2","Canoniek categoriemodel en stabiele NL/EN-labels. NL/EN verwijzen naar dezelfde categorie-ID. Redactionele AI-indeling; geen HIGH-evidence of menselijke beoordeling. Aanvullende genres opnieuw inhoudelijk afgewogen; uitsluitend canonieke genres, doelgroep en werkvorm blijven afzonderlijk."
"LS1000-0639","Winnie-the-Pooh","A. A. Milne","1926","Fantasy","Fantasy","","jeugd","roman","ZEKER","AI_KENNIS_HERBEOORDEELD","Bekende jeugd- of YA-titel met blijvende ontdekkingswaarde.","https://openlibrary.org/works/OL476641W | https://lumisco.re/book/487","2026-09-30","487","aanwezig","Open Library Work: OL476641W; ISBN-13: 9780685234020","niet gevonden","P3","Inhoudelijke AI-herbeoordeling van dit werk; geen auteur-/titelwoordregel. NL/EN verwijzen naar dezelfde categorie-ID. AI-bibliografische correctie: oorspronkelijke publicatie in plaats van onjuist bron-/editiejaar; geen wijziging bestaand databasejaar. Redactionele AI-indeling; geen HIGH-evidence of menselijke beoordeling. Aanvullende genres opnieuw inhoudelijk afgewogen; uitsluitend canonieke genres, doelgroep en werkvorm blijven afzonderlijk."
"LS1000-0640","Winter garden","Kristin Hannah","2010","Historische fictie","Historical Fiction","","volwassenen","roman","ZEKER","AI_KENNIS_HERBEOORDEELD","Blijvende publieksfavoriet en herkenbaar ijkpunt binnen het genre.","https://openlibrary.org/works/OL14954933W | https://lumisco.re/book/942","2026-09-30","942","aanwezig","Open Library Work: OL14954933W; ISBN-13: 9780312364120","bevestigd","P3","Inhoudelijke AI-herbeoordeling van dit werk; geen auteur-/titelwoordregel. NL/EN verwijzen naar dezelfde categorie-ID. Redactionele AI-indeling; geen HIGH-evidence of menselijke beoordeling. Aanvullende genres opnieuw inhoudelijk afgewogen; uitsluitend canonieke genres, doelgroep en werkvorm blijven afzonderlijk."
"LS1000-0641","Wiplala","Annie M.G. Schmidt","1957","Fantasy","Fantasy","","jeugd","roman","ZEKER","AI_KENNIS_HERBEOORDEELD","Nederlandstalige of Vlaamse kernselectie met blijvende lees- en ontdekkingswaarde.","https://openlibrary.org/works/OL3173349W | https://lumisco.re/book/1250","2026-09-30","1250","aanwezig","Open Library Work: OL3173349W","niet gevonden","P3","Inhoudelijke AI-herbeoordeling van dit werk; geen auteur-/titelwoordregel. NL/EN verwijzen naar dezelfde categorie-ID. AI-bibliografische correctie: oorspronkelijke publicatie in plaats van onjuist bron-/editiejaar; geen wijziging bestaand databasejaar. Redactionele AI-indeling; geen HIGH-evidence of menselijke beoordeling. Aanvullende genres opnieuw inhoudelijk afgewogen; uitsluitend canonieke genres, doelgroep en werkvorm blijven afzonderlijk."
"LS1000-0642","Wonder","R. J. Palacio","2012","Literaire & algemene fictie","Literary & General Fiction","","jeugd","roman","ZEKER","AI_KENNIS_HERBEOORDEELD","Bekende jeugd- of YA-titel met blijvende ontdekkingswaarde.","https://openlibrary.org/works/OL16142094W | https://lumisco.re/book/443","2026-09-30","443","aanwezig","Open Library Work: OL16142094W; ISBN-13: 9780375869020","niet gevonden","P3","Canoniek categoriemodel en stabiele NL/EN-labels. NL/EN verwijzen naar dezelfde categorie-ID. AI-bibliografische correctie: oorspronkelijke publicatie in plaats van onjuist bron-/editiejaar; geen wijziging bestaand databasejaar. Redactionele AI-indeling; geen HIGH-evidence of menselijke beoordeling. Aanvullende genres opnieuw inhoudelijk afgewogen; uitsluitend canonieke genres, doelgroep en werkvorm blijven afzonderlijk."
"LS1000-0643","Works [37 plays, 6 poems, sonnets]","William Shakespeare","","Literaire & algemene fictie","Literary & General Fiction","","volwassenen","verzameld werk","TWIJFEL","AI_KENNIS_HERBEOORDEELD","Blijvende publieksfavoriet en herkenbaar ijkpunt binnen het genre.","https://openlibrary.org/works/OL259028W | https://lumisco.re/book/377","2026-09-30","377","aanwezig","Open Library Work: OL259028W; ISBN-13: 9781858131047","niet gevonden","P3","Canoniek categoriemodel en stabiele NL/EN-labels. NL/EN verwijzen naar dezelfde categorie-ID. Werkvorm afzonderlijk inhoudelijk gecorrigeerd; geen genre. Exact oorspronkelijk publicatiejaar onvoldoende vastgesteld; niet afleiden van editie/ontstaan. Verzamelde Shakespeare-werken overlappen met geselecteerde toneelstukken; geen individueel Work importeren. Redactionele AI-indeling; geen HIGH-evidence of menselijke beoordeling. Aanvullende genres opnieuw inhoudelijk afgewogen; uitsluitend canonieke genres, doelgroep en werkvorm blijven afzonderlijk."
"LS1000-0644","You'd Be Home Now","Kathleen Glasgow","2021","Literaire & algemene fictie","Literary & General Fiction","","young adult","roman","ZEKER","AI_KENNIS_HERBEOORDEELD","Recente, reeds verschenen titel die de selectie actueel en veelzijdig houdt.","https://openlibrary.org/works/OL24398747W | https://lumisco.re/book/482","2026-09-30","482","aanwezig","Open Library Work: OL24398747W; ISBN-13: 9780525708056","niet gevonden","P3","Canoniek categoriemodel en stabiele NL/EN-labels. NL/EN verwijzen naar dezelfde categorie-ID. Redactionele AI-indeling; geen HIGH-evidence of menselijke beoordeling. Aanvullende genres opnieuw inhoudelijk afgewogen; uitsluitend canonieke genres, doelgroep en werkvorm blijven afzonderlijk."
"LS1000-0645","Zoektocht in Katoren","Jan Terlouw","2007","Fantasy","Fantasy","","young adult","roman","ZEKER","AI_KENNIS_HERBEOORDEELD","Nederlandstalige of Vlaamse kernselectie met blijvende lees- en ontdekkingswaarde.","https://openlibrary.org/works/OL25299914W | https://lumisco.re/book/1123","2026-09-30","1123","aanwezig","Open Library Work: OL25299914W; ISBN-13: 9789056379131","niet onderzocht","P3","Inhoudelijke AI-herbeoordeling van dit werk; geen auteur-/titelwoordregel. NL/EN verwijzen naar dezelfde categorie-ID. Redactionele AI-indeling; geen HIGH-evidence of menselijke beoordeling. Aanvullende genres opnieuw inhoudelijk afgewogen; uitsluitend canonieke genres, doelgroep en werkvorm blijven afzonderlijk."
"LS1000-0646","Zomerhuis met zwembad","Herman Koch","2011","Thrillers & spanning","Thrillers & Suspense","","volwassenen","roman","ZEKER","AI_KENNIS_HERBEOORDEELD","Nederlandstalige of Vlaamse kernselectie met blijvende lees- en ontdekkingswaarde.","https://openlibrary.org/works/OL16021831W | https://lumisco.re/book/1034","2026-09-30","1034","aanwezig","Open Library Work: OL16021831W; ISBN-13: 9780804138819","bevestigd","P3","Inhoudelijke AI-herbeoordeling van dit werk; geen auteur-/titelwoordregel. NL/EN verwijzen naar dezelfde categorie-ID. Redactionele AI-indeling; geen HIGH-evidence of menselijke beoordeling."
"LS1000-0647","1st to Die","James Patterson","2001","Detectives & misdaadfictie","Mystery & Crime Fiction","","volwassenen","roman","ZEKER","AI_KENNIS_HERBEOORDEELD","Herkenbare misdaad- of thrillertitel met brede publiekswaarde.","https://openlibrary.org/works/OL167189W | https://lumisco.re/book/600","2026-09-30","600","aanwezig","Open Library Work: OL167189W; ISBN-13: 9781594830907","bevestigd","P3","Inhoudelijke AI-herbeoordeling van dit werk; geen auteur-/titelwoordregel. NL/EN verwijzen naar dezelfde categorie-ID. Redactionele AI-indeling; geen HIGH-evidence of menselijke beoordeling. Aanvullende genres opnieuw inhoudelijk afgewogen; uitsluitend canonieke genres, doelgroep en werkvorm blijven afzonderlijk."
"LS1000-0648","A Case of Need","Michael Crichton","1968","Detectives & misdaadfictie","Mystery & Crime Fiction","","volwassenen","roman","ZEKER","AI_KENNIS_HERBEOORDEELD","Herkenbare misdaad- of thrillertitel met brede publiekswaarde.","https://openlibrary.org/works/OL46903W | https://lumisco.re/book/592","2026-09-30","592","aanwezig","Open Library Work: OL46903W; ISBN-13: 9780451183668","niet gevonden","P3","Inhoudelijke AI-herbeoordeling van dit werk; geen auteur-/titelwoordregel. NL/EN verwijzen naar dezelfde categorie-ID. Redactionele AI-indeling; geen HIGH-evidence of menselijke beoordeling. Aanvullende genres opnieuw inhoudelijk afgewogen; uitsluitend canonieke genres, doelgroep en werkvorm blijven afzonderlijk."
"LS1000-0649","A Flicker in the Dark","Stacy Willingham","2022","Thrillers & spanning","Thrillers & Suspense","","volwassenen","roman","ZEKER","AI_KENNIS_HERBEOORDEELD","Recente, reeds verschenen titel die de selectie actueel en veelzijdig houdt.","https://openlibrary.org/works/OL24592608W | https://lumisco.re/book/637","2026-09-30","637","aanwezig","Open Library Work: OL24592608W; ISBN-13: 9780008454463","niet gevonden","P3","Canoniek categoriemodel en stabiele NL/EN-labels. NL/EN verwijzen naar dezelfde categorie-ID. Redactionele AI-indeling; geen HIGH-evidence of menselijke beoordeling. Aanvullende genres opnieuw inhoudelijk afgewogen; uitsluitend canonieke genres, doelgroep en werkvorm blijven afzonderlijk."
"LS1000-0650","A Kiss Before Dying","Ira Levin","1953","Thrillers & spanning","Thrillers & Suspense","","volwassenen","roman","ZEKER","AI_KENNIS_HERBEOORDEELD","Herkenbare misdaad- of thrillertitel met brede publiekswaarde.","https://openlibrary.org/works/OL28321W | https://lumisco.re/book/583","2026-09-30","583","aanwezig","Open Library Work: OL28321W; ISBN-13: 9780515051278","bevestigd","P3","Canoniek categoriemodel en stabiele NL/EN-labels. NL/EN verwijzen naar dezelfde categorie-ID. Redactionele AI-indeling; geen HIGH-evidence of menselijke beoordeling. Aanvullende genres opnieuw inhoudelijk afgewogen; uitsluitend canonieke genres, doelgroep en werkvorm blijven afzonderlijk."
"LS1000-0651","A strange disappearance","Anna Katharine Green","1879","Detectives & misdaadfictie","Mystery & Crime Fiction","","volwassenen","roman","WAARSCHIJNLIJK","AI_KENNIS_HERBEOORDEELD","Veeluitgegeven misdaad- of thrillerwerk dat nog in de LumiScore-catalogus ontbreekt.","https://openlibrary.org/works/OL4885721W | https://openlibrary.org/subjects/thriller","2026-09-30","","ontbreekt","Open Library Work: OL4885721W; ISBN-13: 9798485061487","niet gevonden","P2","Inhoudelijke AI-herbeoordeling van dit werk; geen auteur-/titelwoordregel. NL/EN verwijzen naar dezelfde categorie-ID. Redactionele AI-indeling; geen HIGH-evidence of menselijke beoordeling. Aanvullende genres opnieuw inhoudelijk afgewogen; uitsluitend canonieke genres, doelgroep en werkvorm blijven afzonderlijk."
"LS1000-0652","After the Funeral","Agatha Christie","1953","Detectives & misdaadfictie","Mystery & Crime Fiction","","volwassenen","roman","ZEKER","AI_KENNIS_HERBEOORDEELD","Herkenbare misdaad- of thrillertitel met brede publiekswaarde.","https://openlibrary.org/works/OL471943W | https://lumisco.re/book/573","2026-09-30","573","aanwezig","Open Library Work: OL471943W; ISBN-13: 9785556016392","niet gevonden","P3","Inhoudelijke AI-herbeoordeling van dit werk; geen auteur-/titelwoordregel. NL/EN verwijzen naar dezelfde categorie-ID. Redactionele AI-indeling; geen HIGH-evidence of menselijke beoordeling. Aanvullende genres opnieuw inhoudelijk afgewogen; uitsluitend canonieke genres, doelgroep en werkvorm blijven afzonderlijk."
"LS1000-0653","And Then There Were None","Agatha Christie","1939","Detectives & misdaadfictie","Mystery & Crime Fiction","","volwassenen","roman","ZEKER","AI_KENNIS_HERBEOORDEELD","Herkenbare misdaad- of thrillertitel met brede publiekswaarde.","https://openlibrary.org/works/OL471565W | https://lumisco.re/book/53","2026-09-30","53","aanwezig","Open Library Work: OL471565W; ISBN-13: 9781899888832","bevestigd","P3","Inhoudelijke AI-herbeoordeling van dit werk; geen auteur-/titelwoordregel. NL/EN verwijzen naar dezelfde categorie-ID. Redactionele AI-indeling; geen HIGH-evidence of menselijke beoordeling. Aanvullende genres opnieuw inhoudelijk afgewogen; uitsluitend canonieke genres, doelgroep en werkvorm blijven afzonderlijk."
"LS1000-0654","Arsène Lupin, Gentleman Burglar","Maurice Leblanc","1907","Detectives & misdaadfictie","Mystery & Crime Fiction","","volwassenen","roman","ZEKER","AI_KENNIS_HERBEOORDEELD","Herkenbare misdaad- of thrillertitel met brede publiekswaarde.","https://openlibrary.org/works/OL1064277W | https://lumisco.re/book/661","2026-09-30","661","aanwezig","Open Library Work: OL1064277W; ISBN-13: 9781434486844","niet gevonden","P3","Inhoudelijke AI-herbeoordeling van dit werk; geen auteur-/titelwoordregel. NL/EN verwijzen naar dezelfde categorie-ID. Redactionele AI-indeling; geen HIGH-evidence of menselijke beoordeling. Aanvullende genres opnieuw inhoudelijk afgewogen; uitsluitend canonieke genres, doelgroep en werkvorm blijven afzonderlijk."
"LS1000-0655","Behind Closed Doors","B.A. Paris","2016","Thrillers & spanning","Thrillers & Suspense","","volwassenen","roman","ZEKER","AI_KENNIS_HERBEOORDEELD","Herkenbare misdaad- of thrillertitel met brede publiekswaarde.","https://openlibrary.org/works/OL19715138W | https://lumisco.re/book/554","2026-09-30","554","aanwezig","Open Library Work: OL19715138W; ISBN-13: 9781250121004","bevestigd","P3","Canoniek categoriemodel en stabiele NL/EN-labels. NL/EN verwijzen naar dezelfde categorie-ID. Redactionele AI-indeling; geen HIGH-evidence of menselijke beoordeling. Aanvullende genres opnieuw inhoudelijk afgewogen; uitsluitend canonieke genres, doelgroep en werkvorm blijven afzonderlijk."
"LS1000-0656","Behind her eyes","Sarah Pinborough","2017","Thrillers & spanning","Thrillers & Suspense","Fantasy","volwassenen","roman","ZEKER","AI_KENNIS_HERBEOORDEELD","Herkenbare misdaad- of thrillertitel met brede publiekswaarde.","https://openlibrary.org/works/OL20043519W | https://lumisco.re/book/594","2026-09-30","594","aanwezig","Open Library Work: OL20043519W; ISBN-13: 9781250111173","niet gevonden","P3","Canoniek categoriemodel en stabiele NL/EN-labels. NL/EN verwijzen naar dezelfde categorie-ID. Redactionele AI-indeling; geen HIGH-evidence of menselijke beoordeling. Aanvullende genres opnieuw inhoudelijk afgewogen; uitsluitend canonieke genres, doelgroep en werkvorm blijven afzonderlijk."
"LS1000-0657","Big Little Lies","Liane Moriarty","2014","Thrillers & spanning","Thrillers & Suspense","","volwassenen","roman","ZEKER","AI_KENNIS_HERBEOORDEELD","Herkenbare misdaad- of thrillertitel met brede publiekswaarde.","https://openlibrary.org/works/OL17116911W | https://lumisco.re/book/604","2026-09-30","604","aanwezig","Open Library Work: OL17116911W; ISBN-13: 9781410472038","niet gevonden","P3","Canoniek categoriemodel en stabiele NL/EN-labels. NL/EN verwijzen naar dezelfde categorie-ID. Redactionele AI-indeling; geen HIGH-evidence of menselijke beoordeling. Aanvullende genres opnieuw inhoudelijk afgewogen; uitsluitend canonieke genres, doelgroep en werkvorm blijven afzonderlijk."
"LS1000-0658","Blauw water","Simone van der Vlugt","2008","Thrillers & spanning","Thrillers & Suspense","","volwassenen","roman","ZEKER","AI_KENNIS_HERBEOORDEELD","Nederlandstalige of Vlaamse kernselectie met blijvende lees- en ontdekkingswaarde.","https://openlibrary.org/works/OL36528502W | https://lumisco.re/book/1089","2026-09-30","1089","aanwezig","Open Library Work: OL36528502W; ISBN-13: 9783453354739","niet gevonden","P3","Canoniek categoriemodel en stabiele NL/EN-labels. NL/EN verwijzen naar dezelfde categorie-ID. AI-bibliografische correctie: oorspronkelijke publicatie in plaats van onjuist bron-/editiejaar; geen wijziging bestaand databasejaar. Redactionele AI-indeling; geen HIGH-evidence of menselijke beoordeling. Aanvullende genres opnieuw inhoudelijk afgewogen; uitsluitend canonieke genres, doelgroep en werkvorm blijven afzonderlijk."
"LS1000-0659","Catch and Kill","Ronan Farrow","2019","Maatschappij & actualiteit","Society & Current Affairs","","volwassenen","roman","ZEKER","AI_KENNIS_HERBEOORDEELD","Herkenbare misdaad- of thrillertitel met brede publiekswaarde.","https://openlibrary.org/works/OL20345069W | https://lumisco.re/book/602","2026-09-30","602","aanwezig","Open Library Work: OL20345069W; ISBN-13: 9780316454131","niet gevonden","P3","Inhoudelijke AI-herbeoordeling van dit werk; geen auteur-/titelwoordregel. NL/EN verwijzen naar dezelfde categorie-ID. AI-bibliografische correctie: oorspronkelijke publicatie in plaats van onjuist bron-/editiejaar; geen wijziging bestaand databasejaar. Redactionele AI-indeling; geen HIGH-evidence of menselijke beoordeling. Aanvullende genres opnieuw inhoudelijk afgewogen; uitsluitend canonieke genres, doelgroep en werkvorm blijven afzonderlijk."
"LS1000-0660","Cel","Charles den Tex","2008","Thrillers & spanning","Thrillers & Suspense","","volwassenen","roman","ZEKER","AI_KENNIS_HERBEOORDEELD","Nederlandstalige of Vlaamse kernselectie met blijvende lees- en ontdekkingswaarde.","https://openlibrary.org/works/OL34875672W | https://lumisco.re/book/1097","2026-09-30","1097","aanwezig","Open Library Work: OL34875672W; ISBN-13: 9789044511086","niet onderzocht","P3","Canoniek categoriemodel en stabiele NL/EN-labels. NL/EN verwijzen naar dezelfde categorie-ID. Redactionele AI-indeling; geen HIGH-evidence of menselijke beoordeling. Aanvullende genres opnieuw inhoudelijk afgewogen; uitsluitend canonieke genres, doelgroep en werkvorm blijven afzonderlijk."
"LS1000-0661","Close-up","Esther Verhoef","2007","Thrillers & spanning","Thrillers & Suspense","","volwassenen","roman","ZEKER","AI_KENNIS_HERBEOORDEELD","Nederlandstalige of Vlaamse kernselectie met blijvende lees- en ontdekkingswaarde.","https://openlibrary.org/works/OL18647037W | https://lumisco.re/book/1079","2026-09-30","1079","aanwezig","Open Library Work: OL18647037W; ISBN-13: 9781934609477","niet gevonden","P3","Canoniek categoriemodel en stabiele NL/EN-labels. NL/EN verwijzen naar dezelfde categorie-ID. Redactionele AI-indeling; geen HIGH-evidence of menselijke beoordeling. Aanvullende genres opnieuw inhoudelijk afgewogen; uitsluitend canonieke genres, doelgroep en werkvorm blijven afzonderlijk."
"LS1000-0662","Corrupted Chaos","Shain Rose","2023","Romantiek","Romance","","volwassenen","roman","ZEKER","AI_KENNIS_HERBEOORDEELD","Recente, reeds verschenen titel die de selectie actueel en veelzijdig houdt.","https://openlibrary.org/works/OL29195444W | https://lumisco.re/book/647","2026-09-30","647","aanwezig","Open Library Work: OL29195444W; ISBN-13: 9781956810073","niet gevonden","P3","Inhoudelijke AI-herbeoordeling van dit werk; geen auteur-/titelwoordregel. NL/EN verwijzen naar dezelfde categorie-ID. AI-bibliografische correctie: oorspronkelijke publicatie in plaats van onjuist bron-/editiejaar; geen wijziging bestaand databasejaar. Redactionele AI-indeling; geen HIGH-evidence of menselijke beoordeling. Aanvullende genres opnieuw inhoudelijk afgewogen; uitsluitend canonieke genres, doelgroep en werkvorm blijven afzonderlijk."
"LS1000-0663","Cyclops","Clive Cussler","1986","Thrillers & spanning","Thrillers & Suspense","","volwassenen","roman","ZEKER","AI_KENNIS_HERBEOORDEELD","Herkenbare misdaad- of thrillertitel met brede publiekswaarde.","https://openlibrary.org/works/OL84916W | https://lumisco.re/book/656","2026-09-30","656","aanwezig","Open Library Work: OL84916W; ISBN-13: 9780671046903","niet gevonden","P3","Canoniek categoriemodel en stabiele NL/EN-labels. NL/EN verwijzen naar dezelfde categorie-ID. Redactionele AI-indeling; geen HIGH-evidence of menselijke beoordeling. Aanvullende genres opnieuw inhoudelijk afgewogen; uitsluitend canonieke genres, doelgroep en werkvorm blijven afzonderlijk."
"LS1000-0664","Daglicht","Marion Pauw","2008","Thrillers & spanning","Thrillers & Suspense","","volwassenen","roman","ZEKER","AI_KENNIS_HERBEOORDEELD","Nederlandstalige of Vlaamse kernselectie met blijvende lees- en ontdekkingswaarde.","https://openlibrary.org/works/OL27974484W | https://lumisco.re/book/1102","2026-09-30","1102","aanwezig","Open Library Work: OL27974484W; ISBN-13: 9789041415196","bevestigd","P3","Canoniek categoriemodel en stabiele NL/EN-labels. NL/EN verwijzen naar dezelfde categorie-ID. AI-bibliografische correctie: oorspronkelijke publicatie in plaats van onjuist bron-/editiejaar; geen wijziging bestaand databasejaar. Redactionele AI-indeling; geen HIGH-evidence of menselijke beoordeling. Aanvullende genres opnieuw inhoudelijk afgewogen; uitsluitend canonieke genres, doelgroep en werkvorm blijven afzonderlijk."
"LS1000-0665","Darkly dreaming Dexter","Jeffry P. Lindsay","2004","Detectives & misdaadfictie","Mystery & Crime Fiction","","volwassenen","roman","ZEKER","AI_KENNIS_HERBEOORDEELD","Herkenbare misdaad- of thrillertitel met brede publiekswaarde.","https://openlibrary.org/works/OL3968346W | https://lumisco.re/book/565","2026-09-30","565","aanwezig","Open Library Work: OL3968346W; ISBN-13: 9780307275103","niet gevonden","P3","Inhoudelijke AI-herbeoordeling van dit werk; geen auteur-/titelwoordregel. NL/EN verwijzen naar dezelfde categorie-ID. Redactionele AI-indeling; geen HIGH-evidence of menselijke beoordeling. Aanvullende genres opnieuw inhoudelijk afgewogen; uitsluitend canonieke genres, doelgroep en werkvorm blijven afzonderlijk."
"LS1000-0666","De Camino","Anya Niewierra","2021","Thrillers & spanning","Thrillers & Suspense","","volwassenen","roman","ZEKER","AI_KENNIS_HERBEOORDEELD","Nederlandstalige of Vlaamse kernselectie met blijvende lees- en ontdekkingswaarde.","https://openlibrary.org/works/OL30941021W | https://lumisco.re/book/1100","2026-09-30","1100","aanwezig","Open Library Work: OL30941021W; ISBN-13: 9789024582273","niet onderzocht","P3","Canoniek categoriemodel en stabiele NL/EN-labels. NL/EN verwijzen naar dezelfde categorie-ID. Redactionele AI-indeling; geen HIGH-evidence of menselijke beoordeling. Aanvullende genres opnieuw inhoudelijk afgewogen; uitsluitend canonieke genres, doelgroep en werkvorm blijven afzonderlijk."
"LS1000-0667","De eetclub","Saskia Noort","2004","Thrillers & spanning","Thrillers & Suspense","","volwassenen","roman","ZEKER","AI_KENNIS_HERBEOORDEELD","Nederlandstalige of Vlaamse kernselectie met blijvende lees- en ontdekkingswaarde.","https://openlibrary.org/works/OL20906472W | https://lumisco.re/book/1071","2026-09-30","1071","aanwezig","Open Library Work: OL20906472W; ISBN-13: 9789041411150","bevestigd","P3","Canoniek categoriemodel en stabiele NL/EN-labels. NL/EN verwijzen naar dezelfde categorie-ID. AI-bibliografische correctie: oorspronkelijke publicatie in plaats van onjuist bron-/editiejaar; geen wijziging bestaand databasejaar. Redactionele AI-indeling; geen HIGH-evidence of menselijke beoordeling. Aanvullende genres opnieuw inhoudelijk afgewogen; uitsluitend canonieke genres, doelgroep en werkvorm blijven afzonderlijk."
"LS1000-0668","De kraamhulp","Esther Verhoef","2014","Thrillers & spanning","Thrillers & Suspense","","volwassenen","roman","ZEKER","AI_KENNIS_HERBEOORDEELD","Nederlandstalige of Vlaamse kernselectie met blijvende lees- en ontdekkingswaarde.","https://openlibrary.org/works/OL24326401W | https://lumisco.re/book/1082","2026-09-30","1082","aanwezig","Open Library Work: OL24326401W; ISBN-13: 9789041423696","niet onderzocht","P3","Canoniek categoriemodel en stabiele NL/EN-labels. NL/EN verwijzen naar dezelfde categorie-ID. Redactionele AI-indeling; geen HIGH-evidence of menselijke beoordeling. Aanvullende genres opnieuw inhoudelijk afgewogen; uitsluitend canonieke genres, doelgroep en werkvorm blijven afzonderlijk."
"LS1000-0669","De macht van meneer Miller","Charles den Tex","2005","Thrillers & spanning","Thrillers & Suspense","","volwassenen","roman","ZEKER","AI_KENNIS_HERBEOORDEELD","Nederlandstalige of Vlaamse kernselectie met blijvende lees- en ontdekkingswaarde.","https://openlibrary.org/works/OL26180417W | https://lumisco.re/book/1096","2026-09-30","1096","aanwezig","Open Library Work: OL26180417W; ISBN-13: 9789044507881","bevestigd","P3","Canoniek categoriemodel en stabiele NL/EN-labels. NL/EN verwijzen naar dezelfde categorie-ID. Redactionele AI-indeling; geen HIGH-evidence of menselijke beoordeling. Aanvullende genres opnieuw inhoudelijk afgewogen; uitsluitend canonieke genres, doelgroep en werkvorm blijven afzonderlijk."
"LS1000-0670","De nachtdienst","Esther Verhoef","2021","Thrillers & spanning","Thrillers & Suspense","","volwassenen","roman","ZEKER","AI_KENNIS_HERBEOORDEELD","Nederlandstalige of Vlaamse kernselectie met blijvende lees- en ontdekkingswaarde.","https://openlibrary.org/works/OL34951855W | https://lumisco.re/book/1085","2026-09-30","1085","aanwezig","Open Library Work: OL34951855W; ISBN-13: 9789044643589","niet onderzocht","P3","Canoniek categoriemodel en stabiele NL/EN-labels. NL/EN verwijzen naar dezelfde categorie-ID. Redactionele AI-indeling; geen HIGH-evidence of menselijke beoordeling. Aanvullende genres opnieuw inhoudelijk afgewogen; uitsluitend canonieke genres, doelgroep en werkvorm blijven afzonderlijk."
"LS1000-0671","De nomade","Anya Niewierra","2024","Thrillers & spanning","Thrillers & Suspense","","volwassenen","roman","ZEKER","AI_KENNIS_HERBEOORDEELD","Nederlandstalige of Vlaamse kernselectie met blijvende lees- en ontdekkingswaarde.","https://openlibrary.org/works/OL44255134W | https://lumisco.re/book/1101","2026-09-30","1101","aanwezig","Open Library Work: OL44255134W; ISBN-13: 9789021032559","bevestigd","P3","Canoniek categoriemodel en stabiele NL/EN-labels. NL/EN verwijzen naar dezelfde categorie-ID. Redactionele AI-indeling; geen HIGH-evidence of menselijke beoordeling. Aanvullende genres opnieuw inhoudelijk afgewogen; uitsluitend canonieke genres, doelgroep en werkvorm blijven afzonderlijk."
"LS1000-0672","De reünie","Simone van der Vlugt","2004","Thrillers & spanning","Thrillers & Suspense","","volwassenen","roman","ZEKER","AI_KENNIS_HERBEOORDEELD","Nederlandstalige of Vlaamse kernselectie met blijvende lees- en ontdekkingswaarde.","https://openlibrary.org/works/OL20936876W | https://lumisco.re/book/1086","2026-09-30","1086","aanwezig","Open Library Work: OL20936876W; ISBN-13: 9789041418531","bevestigd","P3","Canoniek categoriemodel en stabiele NL/EN-labels. NL/EN verwijzen naar dezelfde categorie-ID. Redactionele AI-indeling; geen HIGH-evidence of menselijke beoordeling. Aanvullende genres opnieuw inhoudelijk afgewogen; uitsluitend canonieke genres, doelgroep en werkvorm blijven afzonderlijk."
"LS1000-0673","De verbouwing","Saskia Noort","2009","Thrillers & spanning","Thrillers & Suspense","","volwassenen","roman","ZEKER","AI_KENNIS_HERBEOORDEELD","Nederlandstalige of Vlaamse kernselectie met blijvende lees- en ontdekkingswaarde.","https://openlibrary.org/works/OL17366771W | https://lumisco.re/book/1073","2026-09-30","1073","aanwezig","Open Library Work: OL17366771W; ISBN-13: 9789041409713","bevestigd","P3","Canoniek categoriemodel en stabiele NL/EN-labels. NL/EN verwijzen naar dezelfde categorie-ID. Redactionele AI-indeling; geen HIGH-evidence of menselijke beoordeling. Aanvullende genres opnieuw inhoudelijk afgewogen; uitsluitend canonieke genres, doelgroep en werkvorm blijven afzonderlijk."
"LS1000-0674","Debet","Saskia Noort","2014","Thrillers & spanning","Thrillers & Suspense","","volwassenen","roman","ZEKER","AI_KENNIS_HERBEOORDEELD","Nederlandstalige of Vlaamse kernselectie met blijvende lees- en ontdekkingswaarde.","https://openlibrary.org/works/OL24173760W | https://lumisco.re/book/1075","2026-09-30","1075","aanwezig","Open Library Work: OL24173760W; ISBN-13: 9789026328824","bevestigd","P3","Canoniek categoriemodel en stabiele NL/EN-labels. NL/EN verwijzen naar dezelfde categorie-ID. Redactionele AI-indeling; geen HIGH-evidence of menselijke beoordeling. Aanvullende genres opnieuw inhoudelijk afgewogen; uitsluitend canonieke genres, doelgroep en werkvorm blijven afzonderlijk."
"LS1000-0675","Déjà vu","Esther Verhoef","2010","Thrillers & spanning","Thrillers & Suspense","","volwassenen","roman","ZEKER","AI_KENNIS_HERBEOORDEELD","Nederlandstalige of Vlaamse kernselectie met blijvende lees- en ontdekkingswaarde.","https://openlibrary.org/works/OL24721289W | https://lumisco.re/book/1080","2026-09-30","1080","aanwezig","Open Library Work: OL24721289W; ISBN-13: 9789041416537","bevestigd","P3","Canoniek categoriemodel en stabiele NL/EN-labels. NL/EN verwijzen naar dezelfde categorie-ID. Redactionele AI-indeling; geen HIGH-evidence of menselijke beoordeling. Aanvullende genres opnieuw inhoudelijk afgewogen; uitsluitend canonieke genres, doelgroep en werkvorm blijven afzonderlijk."
"LS1000-0676","Die Therapie","Sebastian Fitzek","2006","Thrillers & spanning","Thrillers & Suspense","","volwassenen","roman","ZEKER","AI_KENNIS_HERBEOORDEELD","Herkenbare misdaad- of thrillertitel met brede publiekswaarde.","https://openlibrary.org/works/OL12049027W | https://lumisco.re/book/624","2026-09-30","624","aanwezig","Open Library Work: OL12049027W; ISBN-13: 9780312382001","bevestigd","P3","Canoniek categoriemodel en stabiele NL/EN-labels. NL/EN verwijzen naar dezelfde categorie-ID. Redactionele AI-indeling; geen HIGH-evidence of menselijke beoordeling. Aanvullende genres opnieuw inhoudelijk afgewogen; uitsluitend canonieke genres, doelgroep en werkvorm blijven afzonderlijk."
"LS1000-0677","Die Trying","Lee Child","1998","Thrillers & spanning","Thrillers & Suspense","","volwassenen","roman","ZEKER","AI_KENNIS_HERBEOORDEELD","Herkenbare misdaad- of thrillertitel met brede publiekswaarde.","https://openlibrary.org/works/OL52939W | https://lumisco.re/book/628","2026-09-30","628","aanwezig","Open Library Work: OL52939W; ISBN-13: 9780515142242","niet gevonden","P3","Canoniek categoriemodel en stabiele NL/EN-labels. NL/EN verwijzen naar dezelfde categorie-ID. Redactionele AI-indeling; geen HIGH-evidence of menselijke beoordeling. Aanvullende genres opnieuw inhoudelijk afgewogen; uitsluitend canonieke genres, doelgroep en werkvorm blijven afzonderlijk."
"LS1000-0678","Digital Fortress","Dan Brown","1998","Thrillers & spanning","Thrillers & Suspense","","volwassenen","roman","ZEKER","AI_KENNIS_HERBEOORDEELD","Herkenbare misdaad- of thrillertitel met brede publiekswaarde.","https://openlibrary.org/works/OL76836W | https://lumisco.re/book/575","2026-09-30","575","aanwezig","Open Library Work: OL76836W; ISBN-13: 9780312335168","bevestigd","P3","Canoniek categoriemodel en stabiele NL/EN-labels. NL/EN verwijzen naar dezelfde categorie-ID. Redactionele AI-indeling; geen HIGH-evidence of menselijke beoordeling. Aanvullende genres opnieuw inhoudelijk afgewogen; uitsluitend canonieke genres, doelgroep en werkvorm blijven afzonderlijk."
"LS1000-0679","Does It Hurt?","H. D. Carlton","2022","Romantiek","Romance","Thrillers & spanning","volwassenen","roman","ZEKER","AI_KENNIS_HERBEOORDEELD","Recente, reeds verschenen titel die de selectie actueel en veelzijdig houdt.","https://openlibrary.org/works/OL28114312W | https://lumisco.re/book/618","2026-09-30","618","aanwezig","Open Library Work: OL28114312W; ISBN-13: 9781957635033","niet gevonden","P3","Inhoudelijke AI-herbeoordeling van dit werk; geen auteur-/titelwoordregel. NL/EN verwijzen naar dezelfde categorie-ID. Redactionele AI-indeling; geen HIGH-evidence of menselijke beoordeling. Aanvullende genres opnieuw inhoudelijk afgewogen; uitsluitend canonieke genres, doelgroep en werkvorm blijven afzonderlijk."
"LS1000-0680","Double Cross","James Patterson","2007","Detectives & misdaadfictie","Mystery & Crime Fiction","","volwassenen","roman","ZEKER","AI_KENNIS_HERBEOORDEELD","Herkenbare misdaad- of thrillertitel met brede publiekswaarde.","https://openlibrary.org/works/OL167150W | https://lumisco.re/book/649","2026-09-30","649","aanwezig","Open Library Work: OL167150W; ISBN-13: 9780316004312","niet gevonden","P3","Inhoudelijke AI-herbeoordeling van dit werk; geen auteur-/titelwoordregel. NL/EN verwijzen naar dezelfde categorie-ID. AI-bibliografische correctie: oorspronkelijke publicatie in plaats van onjuist bron-/editiejaar; geen wijziging bestaand databasejaar. Redactionele AI-indeling; geen HIGH-evidence of menselijke beoordeling. Aanvullende genres opnieuw inhoudelijk afgewogen; uitsluitend canonieke genres, doelgroep en werkvorm blijven afzonderlijk."
"LS1000-0681","Double Take","Catherine Coulter","2007","Thrillers & spanning","Thrillers & Suspense","","volwassenen","roman","ZEKER","AI_KENNIS_HERBEOORDEELD","Herkenbare misdaad- of thrillertitel met brede publiekswaarde.","https://openlibrary.org/works/OL14727W | https://lumisco.re/book/609","2026-09-30","609","aanwezig","Open Library Work: OL14727W; ISBN-13: 9781423306535","niet gevonden","P3","Canoniek categoriemodel en stabiele NL/EN-labels. NL/EN verwijzen naar dezelfde categorie-ID. Redactionele AI-indeling; geen HIGH-evidence of menselijke beoordeling. Aanvullende genres opnieuw inhoudelijk afgewogen; uitsluitend canonieke genres, doelgroep en werkvorm blijven afzonderlijk."
"LS1000-0682","Dwaalspoor","Loes den Hollander","2008","Thrillers & spanning","Thrillers & Suspense","","volwassenen","roman","ZEKER","AI_KENNIS_HERBEOORDEELD","Nederlandstalige of Vlaamse kernselectie met blijvende lees- en ontdekkingswaarde.","https://openlibrary.org/works/OL24650467W | https://lumisco.re/book/1094","2026-09-30","1094","aanwezig","Open Library Work: OL24650467W; ISBN-13: 9789061122296","bevestigd","P3","Canoniek categoriemodel en stabiele NL/EN-labels. NL/EN verwijzen naar dezelfde categorie-ID. Redactionele AI-indeling; geen HIGH-evidence of menselijke beoordeling. Aanvullende genres opnieuw inhoudelijk afgewogen; uitsluitend canonieke genres, doelgroep en werkvorm blijven afzonderlijk."
"LS1000-0683","El túnel","Ernesto Sabato","1948","Literaire & algemene fictie","Literary & General Fiction","","volwassenen","roman","ZEKER","AI_KENNIS_HERBEOORDEELD","Herkenbare misdaad- of thrillertitel met brede publiekswaarde.","https://openlibrary.org/works/OL617847W | https://lumisco.re/book/608","2026-09-30","608","aanwezig","Open Library Work: OL617847W; ISBN-13: 9780345373779","bevestigd","P3","Inhoudelijke AI-herbeoordeling van dit werk; geen auteur-/titelwoordregel. NL/EN verwijzen naar dezelfde categorie-ID. Redactionele AI-indeling; geen HIGH-evidence of menselijke beoordeling. Aanvullende genres opnieuw inhoudelijk afgewogen; uitsluitend canonieke genres, doelgroep en werkvorm blijven afzonderlijk."
"LS1000-0684","Elephants Can Remember","Agatha Christie","1972","Detectives & misdaadfictie","Mystery & Crime Fiction","","volwassenen","roman","WAARSCHIJNLIJK","AI_KENNIS_HERBEOORDEELD","Veeluitgegeven misdaad- of thrillerwerk dat nog in de LumiScore-catalogus ontbreekt.","https://openlibrary.org/works/OL471776W | https://openlibrary.org/subjects/mystery_and_detective_stories","2026-09-30","","ontbreekt","Open Library Work: OL471776W; ISBN-13: 9780006139300","bevestigd","P2","Inhoudelijke AI-herbeoordeling van dit werk; geen auteur-/titelwoordregel. NL/EN verwijzen naar dezelfde categorie-ID. Redactionele AI-indeling; geen HIGH-evidence of menselijke beoordeling. Aanvullende genres opnieuw inhoudelijk afgewogen; uitsluitend canonieke genres, doelgroep en werkvorm blijven afzonderlijk."
"LS1000-0685","Emil und die Detektive","Erich Kästner","1929","Detectives & misdaadfictie","Mystery & Crime Fiction","","volwassenen","roman","WAARSCHIJNLIJK","AI_KENNIS_HERBEOORDEELD","Veeluitgegeven misdaad- of thrillerwerk dat nog in de LumiScore-catalogus ontbreekt.","https://openlibrary.org/works/OL970122W | https://openlibrary.org/subjects/mystery_and_detective_stories","2026-09-30","","ontbreekt","Open Library Work: OL970122W; ISBN-13: 9788416884612","niet gevonden","P2","Inhoudelijke AI-herbeoordeling van dit werk; geen auteur-/titelwoordregel. NL/EN verwijzen naar dezelfde categorie-ID. Redactionele AI-indeling; geen HIGH-evidence of menselijke beoordeling. Aanvullende genres opnieuw inhoudelijk afgewogen; uitsluitend canonieke genres, doelgroep en werkvorm blijven afzonderlijk."
"LS1000-0686","Faithless","Karin Slaughter","2005","Thrillers & spanning","Thrillers & Suspense","","volwassenen","roman","ZEKER","AI_KENNIS_HERBEOORDEELD","Herkenbare misdaad- of thrillertitel met brede publiekswaarde.","https://openlibrary.org/works/OL5725852W | https://lumisco.re/book/615","2026-09-30","615","aanwezig","Open Library Work: OL5725852W; ISBN-13: 9780440335573","niet gevonden","P3","Canoniek categoriemodel en stabiele NL/EN-labels. NL/EN verwijzen naar dezelfde categorie-ID. Redactionele AI-indeling; geen HIGH-evidence of menselijke beoordeling. Aanvullende genres opnieuw inhoudelijk afgewogen; uitsluitend canonieke genres, doelgroep en werkvorm blijven afzonderlijk."
"LS1000-0687","Final Truth","Pee Wee Gaskins","1992","Waargebeurde misdaad","True Crime","","volwassenen","roman","ZEKER","AI_KENNIS_HERBEOORDEELD","Herkenbare misdaad- of thrillertitel met brede publiekswaarde.","https://openlibrary.org/works/OL4325274W | https://lumisco.re/book/630","2026-09-30","630","aanwezig","Open Library Work: OL4325274W; ISBN-13: 9780963242204","niet gevonden","P3","Inhoudelijke AI-herbeoordeling van dit werk; geen auteur-/titelwoordregel. NL/EN verwijzen naar dezelfde categorie-ID. Redactionele AI-indeling; geen HIGH-evidence of menselijke beoordeling. Aanvullende genres opnieuw inhoudelijk afgewogen; uitsluitend canonieke genres, doelgroep en werkvorm blijven afzonderlijk."
"LS1000-0688","Five on a Treasure Island","Enid Blyton","1942","Detectives & misdaadfictie","Mystery & Crime Fiction","","volwassenen","roman","WAARSCHIJNLIJK","AI_KENNIS_HERBEOORDEELD","Veeluitgegeven misdaad- of thrillerwerk dat nog in de LumiScore-catalogus ontbreekt.","https://openlibrary.org/works/OL1948704W | https://openlibrary.org/subjects/mystery_and_detective_stories","2026-09-30","","ontbreekt","Open Library Work: OL1948704W; ISBN-13: 9798511735979","niet gevonden","P2","Inhoudelijke AI-herbeoordeling van dit werk; geen auteur-/titelwoordregel. NL/EN verwijzen naar dezelfde categorie-ID. Redactionele AI-indeling; geen HIGH-evidence of menselijke beoordeling. Aanvullende genres opnieuw inhoudelijk afgewogen; uitsluitend canonieke genres, doelgroep en werkvorm blijven afzonderlijk."
"LS1000-0689","Flamingo Beach","Suzanne Vermeer","2024","Thrillers & spanning","Thrillers & Suspense","","volwassenen","roman","ZEKER","AI_KENNIS_HERBEOORDEELD","Recente, reeds verschenen titel die de selectie actueel en veelzijdig houdt.","https://openlibrary.org/works/OL44984219W | https://lumisco.re/book/1245","2026-09-30","1245","aanwezig","Open Library Work: OL44984219W; ISBN-13: 9789059656581","bevestigd","P3","Canoniek categoriemodel en stabiele NL/EN-labels. NL/EN verwijzen naar dezelfde categorie-ID. Redactionele AI-indeling; geen HIGH-evidence of menselijke beoordeling. Aanvullende genres opnieuw inhoudelijk afgewogen; uitsluitend canonieke genres, doelgroep en werkvorm blijven afzonderlijk."
"LS1000-0690","Glory in Death","Nora Roberts","1995","Detectives & misdaadfictie","Mystery & Crime Fiction","","volwassenen","roman","ZEKER","AI_KENNIS_HERBEOORDEELD","Herkenbare misdaad- of thrillertitel met brede publiekswaarde.","https://openlibrary.org/works/OL445829W | https://lumisco.re/book/655","2026-09-30","655","aanwezig","Open Library Work: OL445829W; ISBN-13: 9780356248851","niet gevonden","P3","Inhoudelijke AI-herbeoordeling van dit werk; geen auteur-/titelwoordregel. NL/EN verwijzen naar dezelfde categorie-ID. Redactionele AI-indeling; geen HIGH-evidence of menselijke beoordeling. Aanvullende genres opnieuw inhoudelijk afgewogen; uitsluitend canonieke genres, doelgroep en werkvorm blijven afzonderlijk."
"LS1000-0691","Gone Girl","Gillian Flynn","2012","Thrillers & spanning","Thrillers & Suspense","","volwassenen","roman","ZEKER","AI_KENNIS_HERBEOORDEELD","Herkenbare misdaad- of thrillertitel met brede publiekswaarde.","https://openlibrary.org/works/OL16239762W | https://lumisco.re/book/49","2026-09-30","49","aanwezig","Open Library Work: OL16239762W; ISBN-13: 9780307588364","bevestigd","P3","Canoniek categoriemodel en stabiele NL/EN-labels. NL/EN verwijzen naar dezelfde categorie-ID. AI-bibliografische correctie: oorspronkelijke publicatie in plaats van onjuist bron-/editiejaar; geen wijziging bestaand databasejaar. Redactionele AI-indeling; geen HIGH-evidence of menselijke beoordeling. Aanvullende genres opnieuw inhoudelijk afgewogen; uitsluitend canonieke genres, doelgroep en werkvorm blijven afzonderlijk."
"LS1000-0692","Guest List","Lucy Foley","2020","Thrillers & spanning","Thrillers & Suspense","","volwassenen","roman","ZEKER","AI_KENNIS_HERBEOORDEELD","Recente, reeds verschenen titel die de selectie actueel en veelzijdig houdt.","https://openlibrary.org/works/OL20742637W | https://lumisco.re/book/569","2026-09-30","569","aanwezig","Open Library Work: OL20742637W; ISBN-13: 9780008297169","niet gevonden","P3","Canoniek categoriemodel en stabiele NL/EN-labels. NL/EN verwijzen naar dezelfde categorie-ID. Redactionele AI-indeling; geen HIGH-evidence of menselijke beoordeling. Aanvullende genres opnieuw inhoudelijk afgewogen; uitsluitend canonieke genres, doelgroep en werkvorm blijven afzonderlijk."
"LS1000-0693","Hallowe'en Party","Agatha Christie","1969","Detectives & misdaadfictie","Mystery & Crime Fiction","","volwassenen","roman","ZEKER","AI_KENNIS_HERBEOORDEELD","Herkenbare misdaad- of thrillertitel met brede publiekswaarde.","https://openlibrary.org/works/OL471832W | https://lumisco.re/book/582","2026-09-30","582","aanwezig","Open Library Work: OL471832W; ISBN-13: 9780062573285","bevestigd","P3","Inhoudelijke AI-herbeoordeling van dit werk; geen auteur-/titelwoordregel. NL/EN verwijzen naar dezelfde categorie-ID. Redactionele AI-indeling; geen HIGH-evidence of menselijke beoordeling. Aanvullende genres opnieuw inhoudelijk afgewogen; uitsluitend canonieke genres, doelgroep en werkvorm blijven afzonderlijk."
"LS1000-0694","Hannibal Rising","Thomas Harris","2006","Thrillers & spanning","Thrillers & Suspense","","volwassenen","roman","ZEKER","AI_KENNIS_HERBEOORDEELD","Herkenbare misdaad- of thrillertitel met brede publiekswaarde.","https://openlibrary.org/works/OL138395W | https://lumisco.re/book/590","2026-09-30","590","aanwezig","Open Library Work: OL138395W; ISBN-13: 9780385339414","niet gevonden","P3","Canoniek categoriemodel en stabiele NL/EN-labels. NL/EN verwijzen naar dezelfde categorie-ID. Redactionele AI-indeling; geen HIGH-evidence of menselijke beoordeling. Aanvullende genres opnieuw inhoudelijk afgewogen; uitsluitend canonieke genres, doelgroep en werkvorm blijven afzonderlijk."
"LS1000-0695","Herfstlied","Simone van der Vlugt","2009","Thrillers & spanning","Thrillers & Suspense","","volwassenen","roman","ZEKER","AI_KENNIS_HERBEOORDEELD","Nederlandstalige of Vlaamse kernselectie met blijvende lees- en ontdekkingswaarde.","https://openlibrary.org/works/OL19943872W | https://lumisco.re/book/1090","2026-09-30","1090","aanwezig","Open Library Work: OL19943872W; ISBN-13: 9789041414007","bevestigd","P3","Canoniek categoriemodel en stabiele NL/EN-labels. NL/EN verwijzen naar dezelfde categorie-ID. Redactionele AI-indeling; geen HIGH-evidence of menselijke beoordeling. Aanvullende genres opnieuw inhoudelijk afgewogen; uitsluitend canonieke genres, doelgroep en werkvorm blijven afzonderlijk."
"LS1000-0696","Het bloemenmeisje","Anya Niewierra","2020","Thrillers & spanning","Thrillers & Suspense","","volwassenen","roman","ZEKER","AI_KENNIS_HERBEOORDEELD","Nederlandstalige of Vlaamse kernselectie met blijvende lees- en ontdekkingswaarde.","https://openlibrary.org/works/OL44488387W | https://lumisco.re/book/1099","2026-09-30","1099","aanwezig","Open Library Work: OL44488387W; ISBN-13: 9789024593637","bevestigd","P3","Canoniek categoriemodel en stabiele NL/EN-labels. NL/EN verwijzen naar dezelfde categorie-ID. Redactionele AI-indeling; geen HIGH-evidence of menselijke beoordeling. Aanvullende genres opnieuw inhoudelijk afgewogen; uitsluitend canonieke genres, doelgroep en werkvorm blijven afzonderlijk."
"LS1000-0697","Het laatste offer","Simone van der Vlugt","2008","Thrillers & spanning","Thrillers & Suspense","","volwassenen","roman","ZEKER","AI_KENNIS_HERBEOORDEELD","Nederlandstalige of Vlaamse kernselectie met blijvende lees- en ontdekkingswaarde.","https://openlibrary.org/works/OL24269387W | https://lumisco.re/book/1088","2026-09-30","1088","aanwezig","Open Library Work: OL24269387W; ISBN-13: 9789041412973","bevestigd","P3","Canoniek categoriemodel en stabiele NL/EN-labels. NL/EN verwijzen naar dezelfde categorie-ID. Redactionele AI-indeling; geen HIGH-evidence of menselijke beoordeling. Aanvullende genres opnieuw inhoudelijk afgewogen; uitsluitend canonieke genres, doelgroep en werkvorm blijven afzonderlijk."
"LS1000-0698","Het paradijs","Suzanne Vermeer","2020","Thrillers & spanning","Thrillers & Suspense","","volwassenen","roman","ZEKER","AI_KENNIS_HERBEOORDEELD","Recente, reeds verschenen titel die de selectie actueel en veelzijdig houdt.","https://openlibrary.org/works/OL30599005W | https://lumisco.re/book/1238","2026-09-30","1238","aanwezig","Open Library Work: OL30599005W; ISBN-13: 9789400512368","niet onderzocht","P3","Canoniek categoriemodel en stabiele NL/EN-labels. NL/EN verwijzen naar dezelfde categorie-ID. Redactionele AI-indeling; geen HIGH-evidence of menselijke beoordeling. Aanvullende genres opnieuw inhoudelijk afgewogen; uitsluitend canonieke genres, doelgroep en werkvorm blijven afzonderlijk."
"LS1000-0699","Honeymoon","James Patterson","2005","Thrillers & spanning","Thrillers & Suspense","","volwassenen","roman","ZEKER","AI_KENNIS_HERBEOORDEELD","Herkenbare misdaad- of thrillertitel met brede publiekswaarde.","https://openlibrary.org/works/OL167160W | https://lumisco.re/book/562","2026-09-30","562","aanwezig","Open Library Work: OL167160W; ISBN-13: 9780446694216","bevestigd","P3","Canoniek categoriemodel en stabiele NL/EN-labels. NL/EN verwijzen naar dezelfde categorie-ID. AI-bibliografische correctie: oorspronkelijke publicatie in plaats van onjuist bron-/editiejaar; geen wijziging bestaand databasejaar. Redactionele AI-indeling; geen HIGH-evidence of menselijke beoordeling. Aanvullende genres opnieuw inhoudelijk afgewogen; uitsluitend canonieke genres, doelgroep en werkvorm blijven afzonderlijk."
"LS1000-0700","Huidpijn","Saskia Noort","2016","Thrillers & spanning","Thrillers & Suspense","","volwassenen","roman","ZEKER","AI_KENNIS_HERBEOORDEELD","Nederlandstalige of Vlaamse kernselectie met blijvende lees- en ontdekkingswaarde.","https://openlibrary.org/works/OL44255136W | https://lumisco.re/book/1076","2026-09-30","1076","aanwezig","Open Library Work: OL44255136W; ISBN-13: 9789026331398","bevestigd","P3","Canoniek categoriemodel en stabiele NL/EN-labels. NL/EN verwijzen naar dezelfde categorie-ID. Redactionele AI-indeling; geen HIGH-evidence of menselijke beoordeling. Aanvullende genres opnieuw inhoudelijk afgewogen; uitsluitend canonieke genres, doelgroep en werkvorm blijven afzonderlijk."
"LS1000-0701","In Cold Blood","Truman Capote","1965","Waargebeurde misdaad","True Crime","","volwassenen","roman","ZEKER","AI_KENNIS_HERBEOORDEELD","Herkenbare misdaad- of thrillertitel met brede publiekswaarde.","https://openlibrary.org/works/OL1992198W | https://lumisco.re/book/57","2026-09-30","57","aanwezig","Open Library Work: OL1992198W; ISBN-13: 9780451096913","niet gevonden","P3","Inhoudelijke AI-herbeoordeling van dit werk; geen auteur-/titelwoordregel. NL/EN verwijzen naar dezelfde categorie-ID. Redactionele AI-indeling; geen HIGH-evidence of menselijke beoordeling. Aanvullende genres opnieuw inhoudelijk afgewogen; uitsluitend canonieke genres, doelgroep en werkvorm blijven afzonderlijk."
"LS1000-0702","In the Woods","Tana French","2007","Detectives & misdaadfictie","Mystery & Crime Fiction","","volwassenen","roman","ZEKER","AI_KENNIS_HERBEOORDEELD","Herkenbare misdaad- of thrillertitel met brede publiekswaarde.","https://openlibrary.org/works/OL7989979W | https://lumisco.re/book/580","2026-09-30","580","aanwezig","Open Library Work: OL7989979W; ISBN-13: 9781429534314","niet gevonden","P3","Inhoudelijke AI-herbeoordeling van dit werk; geen auteur-/titelwoordregel. NL/EN verwijzen naar dezelfde categorie-ID. AI-bibliografische correctie: oorspronkelijke publicatie in plaats van onjuist bron-/editiejaar; geen wijziging bestaand databasejaar. Redactionele AI-indeling; geen HIGH-evidence of menselijke beoordeling. Aanvullende genres opnieuw inhoudelijk afgewogen; uitsluitend canonieke genres, doelgroep en werkvorm blijven afzonderlijk."
"LS1000-0703","Inferno","Dan Brown","2013","Thrillers & spanning","Thrillers & Suspense","","volwassenen","roman","ZEKER","AI_KENNIS_HERBEOORDEELD","Herkenbare misdaad- of thrillertitel met brede publiekswaarde.","https://openlibrary.org/works/OL16804289W | https://lumisco.re/book/559","2026-09-30","559","aanwezig","Open Library Work: OL16804289W; ISBN-13: 9780593072493","bevestigd","P3","Canoniek categoriemodel en stabiele NL/EN-labels. NL/EN verwijzen naar dezelfde categorie-ID. Redactionele AI-indeling; geen HIGH-evidence of menselijke beoordeling. Aanvullende genres opnieuw inhoudelijk afgewogen; uitsluitend canonieke genres, doelgroep en werkvorm blijven afzonderlijk."
"LS1000-0704","Killers of the Flower Moon","David Grann","2017","Waargebeurde misdaad","True Crime","","volwassenen","roman","ZEKER","AI_KENNIS_HERBEOORDEELD","Herkenbare misdaad- of thrillertitel met brede publiekswaarde.","https://openlibrary.org/works/OL17778665W | https://lumisco.re/book/620","2026-09-30","620","aanwezig","Open Library Work: OL17778665W; ISBN-13: 9780385534246","niet gevonden","P3","Inhoudelijke AI-herbeoordeling van dit werk; geen auteur-/titelwoordregel. NL/EN verwijzen naar dezelfde categorie-ID. Redactionele AI-indeling; geen HIGH-evidence of menselijke beoordeling. Aanvullende genres opnieuw inhoudelijk afgewogen; uitsluitend canonieke genres, doelgroep en werkvorm blijven afzonderlijk."
"LS1000-0705","Kiss the Girls","James Patterson","1995","Detectives & misdaadfictie","Mystery & Crime Fiction","","volwassenen","roman","ZEKER","AI_KENNIS_HERBEOORDEELD","Herkenbare misdaad- of thrillertitel met brede publiekswaarde.","https://openlibrary.org/works/OL167171W | https://lumisco.re/book/574","2026-09-30","574","aanwezig","Open Library Work: OL167171W; ISBN-13: 9780739444573","bevestigd","P3","Inhoudelijke AI-herbeoordeling van dit werk; geen auteur-/titelwoordregel. NL/EN verwijzen naar dezelfde categorie-ID. Redactionele AI-indeling; geen HIGH-evidence of menselijke beoordeling. Aanvullende genres opnieuw inhoudelijk afgewogen; uitsluitend canonieke genres, doelgroep en werkvorm blijven afzonderlijk."
"LS1000-0706","Koorts","Saskia Noort","2011","Thrillers & spanning","Thrillers & Suspense","","volwassenen","roman","ZEKER","AI_KENNIS_HERBEOORDEELD","Nederlandstalige of Vlaamse kernselectie met blijvende lees- en ontdekkingswaarde.","https://openlibrary.org/works/OL19964029W | https://lumisco.re/book/1074","2026-09-30","1074","aanwezig","Open Library Work: OL19964029W; ISBN-13: 9789041417664","bevestigd","P3","Canoniek categoriemodel en stabiele NL/EN-labels. NL/EN verwijzen naar dezelfde categorie-ID. Redactionele AI-indeling; geen HIGH-evidence of menselijke beoordeling. Aanvullende genres opnieuw inhoudelijk afgewogen; uitsluitend canonieke genres, doelgroep en werkvorm blijven afzonderlijk."
"LS1000-0707","Lieve mama","Esther Verhoef","2015","Thrillers & spanning","Thrillers & Suspense","","volwassenen","roman","ZEKER","AI_KENNIS_HERBEOORDEELD","Nederlandstalige of Vlaamse kernselectie met blijvende lees- en ontdekkingswaarde.","https://openlibrary.org/works/OL25301223W | https://lumisco.re/book/1083","2026-09-30","1083","aanwezig","Open Library Work: OL25301223W; ISBN-13: 9789044628791","niet onderzocht","P3","Canoniek categoriemodel en stabiele NL/EN-labels. NL/EN verwijzen naar dezelfde categorie-ID. Redactionele AI-indeling; geen HIGH-evidence of menselijke beoordeling. Aanvullende genres opnieuw inhoudelijk afgewogen; uitsluitend canonieke genres, doelgroep en werkvorm blijven afzonderlijk."
"LS1000-0708","Lights Out","Navessa Allen","2024","Romantiek","Romance","Thrillers & spanning","volwassenen","roman","ZEKER","AI_KENNIS_HERBEOORDEELD","Recente, reeds verschenen titel die de selectie actueel en veelzijdig houdt.","https://openlibrary.org/works/OL38128674W | https://lumisco.re/book/616","2026-09-30","616","aanwezig","Open Library Work: OL38128674W; ISBN-13: 9781529442397","niet gevonden","P3","Inhoudelijke AI-herbeoordeling van dit werk; geen auteur-/titelwoordregel. NL/EN verwijzen naar dezelfde categorie-ID. Redactionele AI-indeling; geen HIGH-evidence of menselijke beoordeling. Aanvullende genres opnieuw inhoudelijk afgewogen; uitsluitend canonieke genres, doelgroep en werkvorm blijven afzonderlijk."
"LS1000-0709","London Bridges","James Patterson","2004","Detectives & misdaadfictie","Mystery & Crime Fiction","","volwassenen","roman","ZEKER","AI_KENNIS_HERBEOORDEELD","Herkenbare misdaad- of thrillertitel met brede publiekswaarde.","https://openlibrary.org/works/OL167163W | https://lumisco.re/book/606","2026-09-30","606","aanwezig","Open Library Work: OL167163W; ISBN-13: 9780759512832","niet gevonden","P3","Inhoudelijke AI-herbeoordeling van dit werk; geen auteur-/titelwoordregel. NL/EN verwijzen naar dezelfde categorie-ID. Redactionele AI-indeling; geen HIGH-evidence of menselijke beoordeling. Aanvullende genres opnieuw inhoudelijk afgewogen; uitsluitend canonieke genres, doelgroep en werkvorm blijven afzonderlijk."
"LS1000-0710","Mary, Mary","James Patterson","2005","Detectives & misdaadfictie","Mystery & Crime Fiction","","volwassenen","roman","ZEKER","AI_KENNIS_HERBEOORDEELD","Herkenbare misdaad- of thrillertitel met brede publiekswaarde.","https://openlibrary.org/works/OL167173W | https://lumisco.re/book/629","2026-09-30","629","aanwezig","Open Library Work: OL167173W","bevestigd","P3","Inhoudelijke AI-herbeoordeling van dit werk; geen auteur-/titelwoordregel. NL/EN verwijzen naar dezelfde categorie-ID. AI-bibliografische correctie: oorspronkelijke publicatie in plaats van onjuist bron-/editiejaar; geen wijziging bestaand databasejaar. Ongeldige ISBN-checksum verwijderd; oorspronkelijke waarde: 9780466619035 Redactionele AI-indeling; geen HIGH-evidence of menselijke beoordeling. Aanvullende genres opnieuw inhoudelijk afgewogen; uitsluitend canonieke genres, doelgroep en werkvorm blijven afzonderlijk."
"LS1000-0711","Mindhunter","John E. Douglas","1995","Waargebeurde misdaad","True Crime","","volwassenen","roman","ZEKER","AI_KENNIS_HERBEOORDEELD","Herkenbare misdaad- of thrillertitel met brede publiekswaarde.","https://openlibrary.org/works/OL119421W | https://lumisco.re/book/572","2026-09-30","572","aanwezig","Open Library Work: OL119421W; ISBN-13: 9781787460614","niet gevonden","P3","Inhoudelijke AI-herbeoordeling van dit werk; geen auteur-/titelwoordregel. NL/EN verwijzen naar dezelfde categorie-ID. Redactionele AI-indeling; geen HIGH-evidence of menselijke beoordeling. Aanvullende genres opnieuw inhoudelijk afgewogen; uitsluitend canonieke genres, doelgroep en werkvorm blijven afzonderlijk."
"LS1000-0712","Mr. Standfast","John Buchan","1919","Thrillers & spanning","Thrillers & Suspense","","volwassenen","roman","WAARSCHIJNLIJK","AI_KENNIS_HERBEOORDEELD","Veeluitgegeven misdaad- of thrillerwerk dat nog in de LumiScore-catalogus ontbreekt.","https://openlibrary.org/works/OL76598W | https://openlibrary.org/subjects/thriller","2026-09-30","","ontbreekt","Open Library Work: OL76598W; ISBN-13: 9781796595925","niet gevonden","P2","Canoniek categoriemodel en stabiele NL/EN-labels. NL/EN verwijzen naar dezelfde categorie-ID. AI-bibliografische correctie: oorspronkelijke publicatie in plaats van onjuist bron-/editiejaar; geen wijziging bestaand databasejaar. Redactionele AI-indeling; geen HIGH-evidence of menselijke beoordeling. Aanvullende genres opnieuw inhoudelijk afgewogen; uitsluitend canonieke genres, doelgroep en werkvorm blijven afzonderlijk."
"LS1000-0713","Murder in Three Acts","Agatha Christie","1934","Detectives & misdaadfictie","Mystery & Crime Fiction","","volwassenen","roman","ZEKER","AI_KENNIS_HERBEOORDEELD","Herkenbare misdaad- of thrillertitel met brede publiekswaarde.","https://openlibrary.org/works/OL471765W | https://lumisco.re/book/625","2026-09-30","625","aanwezig","Open Library Work: OL471765W; ISBN-13: 9780816145706","niet gevonden","P3","Inhoudelijke AI-herbeoordeling van dit werk; geen auteur-/titelwoordregel. NL/EN verwijzen naar dezelfde categorie-ID. Redactionele AI-indeling; geen HIGH-evidence of menselijke beoordeling. Aanvullende genres opnieuw inhoudelijk afgewogen; uitsluitend canonieke genres, doelgroep en werkvorm blijven afzonderlijk."
"LS1000-0714","Murder on the Orient Express","Agatha Christie","1934","Detectives & misdaadfictie","Mystery & Crime Fiction","","volwassenen","roman","ZEKER","AI_KENNIS_HERBEOORDEELD","Herkenbare misdaad- of thrillertitel met brede publiekswaarde.","https://openlibrary.org/works/OL471576W | https://lumisco.re/book/54","2026-09-30","54","aanwezig","Open Library Work: OL471576W; ISBN-13: 9781405892148","niet gevonden","P3","Inhoudelijke AI-herbeoordeling van dit werk; geen auteur-/titelwoordregel. NL/EN verwijzen naar dezelfde categorie-ID. AI-bibliografische correctie: oorspronkelijke publicatie in plaats van onjuist bron-/editiejaar; geen wijziging bestaand databasejaar. Redactionele AI-indeling; geen HIGH-evidence of menselijke beoordeling. Aanvullende genres opnieuw inhoudelijk afgewogen; uitsluitend canonieke genres, doelgroep en werkvorm blijven afzonderlijk."
"LS1000-0715","Naked in Death","Nora Roberts","1995","Detectives & misdaadfictie","Mystery & Crime Fiction","","volwassenen","roman","ZEKER","AI_KENNIS_HERBEOORDEELD","Herkenbare misdaad- of thrillertitel met brede publiekswaarde.","https://openlibrary.org/works/OL111460W | https://lumisco.re/book/639","2026-09-30","639","aanwezig","Open Library Work: OL111460W; ISBN-13: 9780425220795","niet gevonden","P3","Inhoudelijke AI-herbeoordeling van dit werk; geen auteur-/titelwoordregel. NL/EN verwijzen naar dezelfde categorie-ID. Redactionele AI-indeling; geen HIGH-evidence of menselijke beoordeling. Aanvullende genres opnieuw inhoudelijk afgewogen; uitsluitend canonieke genres, doelgroep en werkvorm blijven afzonderlijk."
"LS1000-0716","Nazomer","Esther Verhoef","2017","Thrillers & spanning","Thrillers & Suspense","","volwassenen","roman","ZEKER","AI_KENNIS_HERBEOORDEELD","Nederlandstalige of Vlaamse kernselectie met blijvende lees- en ontdekkingswaarde.","https://openlibrary.org/works/OL24613256W | https://lumisco.re/book/1084","2026-09-30","1084","aanwezig","Open Library Work: OL24613256W; ISBN-13: 9789049805647","niet onderzocht","P3","Canoniek categoriemodel en stabiele NL/EN-labels. NL/EN verwijzen naar dezelfde categorie-ID. Redactionele AI-indeling; geen HIGH-evidence of menselijke beoordeling. Aanvullende genres opnieuw inhoudelijk afgewogen; uitsluitend canonieke genres, doelgroep en werkvorm blijven afzonderlijk."
"LS1000-0717","Nemesis","Agatha Christie","1971","Detectives & misdaadfictie","Mystery & Crime Fiction","","volwassenen","roman","WAARSCHIJNLIJK","AI_KENNIS_HERBEOORDEELD","Veeluitgegeven misdaad- of thrillerwerk dat nog in de LumiScore-catalogus ontbreekt.","https://openlibrary.org/works/OL472594W | https://openlibrary.org/subjects/mystery_and_detective_stories","2026-09-30","","ontbreekt","Open Library Work: OL472594W; ISBN-13: 9789875800168","bevestigd","P2","Inhoudelijke AI-herbeoordeling van dit werk; geen auteur-/titelwoordregel. NL/EN verwijzen naar dezelfde categorie-ID. Redactionele AI-indeling; geen HIGH-evidence of menselijke beoordeling. Aanvullende genres opnieuw inhoudelijk afgewogen; uitsluitend canonieke genres, doelgroep en werkvorm blijven afzonderlijk."
"LS1000-0718","Never Go Back","Lee Child","2013","Thrillers & spanning","Thrillers & Suspense","","volwassenen","roman","ZEKER","AI_KENNIS_HERBEOORDEELD","Herkenbare misdaad- of thrillertitel met brede publiekswaarde.","https://openlibrary.org/works/OL37897530W | https://lumisco.re/book/658","2026-09-30","658","aanwezig","Open Library Work: OL37897530W; ISBN-13: 9780385344340","bevestigd","P3","Canoniek categoriemodel en stabiele NL/EN-labels. NL/EN verwijzen naar dezelfde categorie-ID. Redactionele AI-indeling; geen HIGH-evidence of menselijke beoordeling. Aanvullende genres opnieuw inhoudelijk afgewogen; uitsluitend canonieke genres, doelgroep en werkvorm blijven afzonderlijk."
"LS1000-0719","Never Lie","Freida McFadden","2022","Thrillers & spanning","Thrillers & Suspense","","volwassenen","roman","ZEKER","AI_KENNIS_HERBEOORDEELD","Recente, reeds verschenen titel die de selectie actueel en veelzijdig houdt.","https://openlibrary.org/works/OL34224558W | https://lumisco.re/book/550","2026-09-30","550","aanwezig","Open Library Work: OL34224558W; ISBN-13: 9781088057964","niet gevonden","P3","Canoniek categoriemodel en stabiele NL/EN-labels. NL/EN verwijzen naar dezelfde categorie-ID. Redactionele AI-indeling; geen HIGH-evidence of menselijke beoordeling. Aanvullende genres opnieuw inhoudelijk afgewogen; uitsluitend canonieke genres, doelgroep en werkvorm blijven afzonderlijk."
"LS1000-0720","Nieuwe buren","Saskia Noort","2006","Thrillers & spanning","Thrillers & Suspense","","volwassenen","roman","ZEKER","AI_KENNIS_HERBEOORDEELD","Nederlandstalige of Vlaamse kernselectie met blijvende lees- en ontdekkingswaarde.","https://openlibrary.org/works/OL8937618W | https://lumisco.re/book/1072","2026-09-30","1072","aanwezig","Open Library Work: OL8937618W; ISBN-13: 9789041409690","bevestigd","P3","Canoniek categoriemodel en stabiele NL/EN-labels. NL/EN verwijzen naar dezelfde categorie-ID. Redactionele AI-indeling; geen HIGH-evidence of menselijke beoordeling. Aanvullende genres opnieuw inhoudelijk afgewogen; uitsluitend canonieke genres, doelgroep en werkvorm blijven afzonderlijk."
"LS1000-0721","One for the Money","Janet Evanovich","1994","Detectives & misdaadfictie","Mystery & Crime Fiction","","volwassenen","roman","ZEKER","AI_KENNIS_HERBEOORDEELD","Herkenbare misdaad- of thrillertitel met brede publiekswaarde.","https://openlibrary.org/works/OL48035W | https://lumisco.re/book/642","2026-09-30","642","aanwezig","Open Library Work: OL48035W; ISBN-13: 9780743267717","niet gevonden","P3","Inhoudelijke AI-herbeoordeling van dit werk; geen auteur-/titelwoordregel. NL/EN verwijzen naar dezelfde categorie-ID. Redactionele AI-indeling; geen HIGH-evidence of menselijke beoordeling. Aanvullende genres opnieuw inhoudelijk afgewogen; uitsluitend canonieke genres, doelgroep en werkvorm blijven afzonderlijk."
"LS1000-0722","Op klaarlichte dag","Simone van der Vlugt","2011","Thrillers & spanning","Thrillers & Suspense","","volwassenen","roman","ZEKER","AI_KENNIS_HERBEOORDEELD","Nederlandstalige of Vlaamse kernselectie met blijvende lees- en ontdekkingswaarde.","https://openlibrary.org/works/OL24290121W | https://lumisco.re/book/1091","2026-09-30","1091","aanwezig","Open Library Work: OL24290121W; ISBN-13: 9789041418159","bevestigd","P3","Canoniek categoriemodel en stabiele NL/EN-labels. NL/EN verwijzen naar dezelfde categorie-ID. Redactionele AI-indeling; geen HIGH-evidence of menselijke beoordeling. Aanvullende genres opnieuw inhoudelijk afgewogen; uitsluitend canonieke genres, doelgroep en werkvorm blijven afzonderlijk."
"LS1000-0723","Origin","Dan Brown","2017","Thrillers & spanning","Thrillers & Suspense","","volwassenen","roman","ZEKER","AI_KENNIS_HERBEOORDEELD","Herkenbare misdaad- of thrillertitel met brede publiekswaarde.","https://openlibrary.org/works/OL17878702W | https://lumisco.re/book/619","2026-09-30","619","aanwezig","Open Library Work: OL17878702W; ISBN-13: 9780525563709","niet gevonden","P3","Canoniek categoriemodel en stabiele NL/EN-labels. NL/EN verwijzen naar dezelfde categorie-ID. AI-bibliografische correctie: oorspronkelijke publicatie in plaats van onjuist bron-/editiejaar; geen wijziging bestaand databasejaar. Redactionele AI-indeling; geen HIGH-evidence of menselijke beoordeling. Aanvullende genres opnieuw inhoudelijk afgewogen; uitsluitend canonieke genres, doelgroep en werkvorm blijven afzonderlijk."
"LS1000-0724","Pop Goes the Weasel","James Patterson","1999","Detectives & misdaadfictie","Mystery & Crime Fiction","","volwassenen","roman","ZEKER","AI_KENNIS_HERBEOORDEELD","Herkenbare misdaad- of thrillertitel met brede publiekswaarde.","https://openlibrary.org/works/OL167182W | https://lumisco.re/book/634","2026-09-30","634","aanwezig","Open Library Work: OL167182W; ISBN-13: 9780606288040","niet gevonden","P3","Inhoudelijke AI-herbeoordeling van dit werk; geen auteur-/titelwoordregel. NL/EN verwijzen naar dezelfde categorie-ID. Redactionele AI-indeling; geen HIGH-evidence of menselijke beoordeling. Aanvullende genres opnieuw inhoudelijk afgewogen; uitsluitend canonieke genres, doelgroep en werkvorm blijven afzonderlijk."
"LS1000-0725","Promise Me","Harlan Coben","2006","Thrillers & spanning","Thrillers & Suspense","","volwassenen","roman","ZEKER","AI_KENNIS_HERBEOORDEELD","Herkenbare misdaad- of thrillertitel met brede publiekswaarde.","https://openlibrary.org/works/OL79329W | https://lumisco.re/book/627","2026-09-30","627","aanwezig","Open Library Work: OL79329W; ISBN-13: 9780752874395","bevestigd","P3","Canoniek categoriemodel en stabiele NL/EN-labels. NL/EN verwijzen naar dezelfde categorie-ID. Redactionele AI-indeling; geen HIGH-evidence of menselijke beoordeling. Aanvullende genres opnieuw inhoudelijk afgewogen; uitsluitend canonieke genres, doelgroep en werkvorm blijven afzonderlijk."
"LS1000-0726","Rainbow six","Tom Clancy","1998","Thrillers & spanning","Thrillers & Suspense","","volwassenen","roman","ZEKER","AI_KENNIS_HERBEOORDEELD","Herkenbare misdaad- of thrillertitel met brede publiekswaarde.","https://openlibrary.org/works/OL159621W | https://lumisco.re/book/623","2026-09-30","623","aanwezig","Open Library Work: OL159621W; ISBN-13: 9780425170342","niet gevonden","P3","Canoniek categoriemodel en stabiele NL/EN-labels. NL/EN verwijzen naar dezelfde categorie-ID. Redactionele AI-indeling; geen HIGH-evidence of menselijke beoordeling. Aanvullende genres opnieuw inhoudelijk afgewogen; uitsluitend canonieke genres, doelgroep en werkvorm blijven afzonderlijk."
"LS1000-0727","Raise the Titanic!","Clive Cussler","1976","Thrillers & spanning","Thrillers & Suspense","","volwassenen","roman","ZEKER","AI_KENNIS_HERBEOORDEELD","Herkenbare misdaad- of thrillertitel met brede publiekswaarde.","https://openlibrary.org/works/OL84918W | https://lumisco.re/book/666","2026-09-30","666","aanwezig","Open Library Work: OL84918W; ISBN-13: 9781436208031","niet gevonden","P3","Canoniek categoriemodel en stabiele NL/EN-labels. NL/EN verwijzen naar dezelfde categorie-ID. Redactionele AI-indeling; geen HIGH-evidence of menselijke beoordeling. Aanvullende genres opnieuw inhoudelijk afgewogen; uitsluitend canonieke genres, doelgroep en werkvorm blijven afzonderlijk."
"LS1000-0728","Rendez-vous","Esther Verhoef","2006","Thrillers & spanning","Thrillers & Suspense","","volwassenen","roman","ZEKER","AI_KENNIS_HERBEOORDEELD","Nederlandstalige of Vlaamse kernselectie met blijvende lees- en ontdekkingswaarde.","https://openlibrary.org/works/OL19335865W | https://lumisco.re/book/1078","2026-09-30","1078","aanwezig","Open Library Work: OL19335865W; ISBN-13: 9789041410252","niet onderzocht","P3","Canoniek categoriemodel en stabiele NL/EN-labels. NL/EN verwijzen naar dezelfde categorie-ID. Redactionele AI-indeling; geen HIGH-evidence of menselijke beoordeling. Aanvullende genres opnieuw inhoudelijk afgewogen; uitsluitend canonieke genres, doelgroep en werkvorm blijven afzonderlijk."
"LS1000-0729","River's End","Nora Roberts","1999","Romantiek","Romance","","volwassenen","roman","ZEKER","AI_KENNIS_HERBEOORDEELD","Herkenbare misdaad- of thrillertitel met brede publiekswaarde.","https://openlibrary.org/works/OL111471W | https://lumisco.re/book/633","2026-09-30","633","aanwezig","Open Library Work: OL111471W; ISBN-13: 9780515127836","bevestigd","P3","Inhoudelijke AI-herbeoordeling van dit werk; geen auteur-/titelwoordregel. NL/EN verwijzen naar dezelfde categorie-ID. Redactionele AI-indeling; geen HIGH-evidence of menselijke beoordeling. Aanvullende genres opnieuw inhoudelijk afgewogen; uitsluitend canonieke genres, doelgroep en werkvorm blijven afzonderlijk."
"LS1000-0730","Roadtrip","Suzanne Vermeer","2022","Thrillers & spanning","Thrillers & Suspense","","volwassenen","roman","ZEKER","AI_KENNIS_HERBEOORDEELD","Recente, reeds verschenen titel die de selectie actueel en veelzijdig houdt.","https://openlibrary.org/works/OL27730112W | https://lumisco.re/book/1243","2026-09-30","1243","aanwezig","Open Library Work: OL27730112W; ISBN-13: 9789400514492","niet onderzocht","P3","Canoniek categoriemodel en stabiele NL/EN-labels. NL/EN verwijzen naar dezelfde categorie-ID. Redactionele AI-indeling; geen HIGH-evidence of menselijke beoordeling. Aanvullende genres opnieuw inhoudelijk afgewogen; uitsluitend canonieke genres, doelgroep en werkvorm blijven afzonderlijk."
"LS1000-0731","Rock Paper Scissors","Alice Feeney","2021","Thrillers & spanning","Thrillers & Suspense","","volwassenen","roman","ZEKER","AI_KENNIS_HERBEOORDEELD","Recente, reeds verschenen titel die de selectie actueel en veelzijdig houdt.","https://openlibrary.org/works/OL24311121W | https://lumisco.re/book/587","2026-09-30","587","aanwezig","Open Library Work: OL24311121W; ISBN-13: 9780008371005","niet gevonden","P3","Canoniek categoriemodel en stabiele NL/EN-labels. NL/EN verwijzen naar dezelfde categorie-ID. Redactionele AI-indeling; geen HIGH-evidence of menselijke beoordeling. Aanvullende genres opnieuw inhoudelijk afgewogen; uitsluitend canonieke genres, doelgroep en werkvorm blijven afzonderlijk."
"LS1000-0732","Sacred games","Vikram Chandra","2006","Detectives & misdaadfictie","Mystery & Crime Fiction","","volwassenen","roman","ZEKER","AI_KENNIS_HERBEOORDEELD","Herkenbare misdaad- of thrillertitel met brede publiekswaarde.","https://openlibrary.org/works/OL1051312W | https://lumisco.re/book/614","2026-09-30","614","aanwezig","Open Library Work: OL1051312W; ISBN-13: 9780571231188","niet gevonden","P3","Inhoudelijke AI-herbeoordeling van dit werk; geen auteur-/titelwoordregel. NL/EN verwijzen naar dezelfde categorie-ID. Redactionele AI-indeling; geen HIGH-evidence of menselijke beoordeling. Aanvullende genres opnieuw inhoudelijk afgewogen; uitsluitend canonieke genres, doelgroep en werkvorm blijven afzonderlijk."
"LS1000-0733","Scarhaven Keep","Joseph Smith Fletcher","","Detectives & misdaadfictie","Mystery & Crime Fiction","","volwassenen","roman","WAARSCHIJNLIJK","AI_KENNIS_HERBEOORDEELD","Veeluitgegeven misdaad- of thrillerwerk dat nog in de LumiScore-catalogus ontbreekt.","https://openlibrary.org/works/OL1797754W | https://openlibrary.org/subjects/mystery_and_detective_stories","2026-09-30","","ontbreekt","Open Library Work: OL1797754W; ISBN-13: 9781544096650","niet gevonden","P2","Inhoudelijke AI-herbeoordeling van dit werk; geen auteur-/titelwoordregel. NL/EN verwijzen naar dezelfde categorie-ID. Exact oorspronkelijk publicatiejaar onvoldoende vastgesteld; niet afleiden van editie/ontstaan. Redactionele AI-indeling; geen HIGH-evidence of menselijke beoordeling. Aanvullende genres opnieuw inhoudelijk afgewogen; uitsluitend canonieke genres, doelgroep en werkvorm blijven afzonderlijk."
"LS1000-0734","Schaduwzuster","Simone van der Vlugt","2005","Thrillers & spanning","Thrillers & Suspense","","volwassenen","roman","ZEKER","AI_KENNIS_HERBEOORDEELD","Nederlandstalige of Vlaamse kernselectie met blijvende lees- en ontdekkingswaarde.","https://openlibrary.org/works/OL17352652W | https://lumisco.re/book/1087","2026-09-30","1087","aanwezig","Open Library Work: OL17352652W; ISBN-13: 9789041420343","bevestigd","P3","Canoniek categoriemodel en stabiele NL/EN-labels. NL/EN verwijzen naar dezelfde categorie-ID. AI-bibliografische correctie: oorspronkelijke publicatie in plaats van onjuist bron-/editiejaar; geen wijziging bestaand databasejaar. Redactionele AI-indeling; geen HIGH-evidence of menselijke beoordeling. Aanvullende genres opnieuw inhoudelijk afgewogen; uitsluitend canonieke genres, doelgroep en werkvorm blijven afzonderlijk."
"LS1000-0735","Shutter Island","Dennis Lehane","2003","Thrillers & spanning","Thrillers & Suspense","","volwassenen","roman","ZEKER","AI_KENNIS_HERBEOORDEELD","Herkenbare misdaad- of thrillertitel met brede publiekswaarde.","https://openlibrary.org/works/OL17200W | https://lumisco.re/book/597","2026-09-30","597","aanwezig","Open Library Work: OL17200W; ISBN-13: 9780061238475","bevestigd","P3","Canoniek categoriemodel en stabiele NL/EN-labels. NL/EN verwijzen naar dezelfde categorie-ID. Redactionele AI-indeling; geen HIGH-evidence of menselijke beoordeling. Aanvullende genres opnieuw inhoudelijk afgewogen; uitsluitend canonieke genres, doelgroep en werkvorm blijven afzonderlijk."
"LS1000-0736","Small sacrifices","Ann Rule","1987","Waargebeurde misdaad","True Crime","","volwassenen","roman","ZEKER","AI_KENNIS_HERBEOORDEELD","Herkenbare misdaad- of thrillertitel met brede publiekswaarde.","https://openlibrary.org/works/OL892130W | https://lumisco.re/book/635","2026-09-30","635","aanwezig","Open Library Work: OL892130W; ISBN-13: 9780451187796","niet gevonden","P3","Inhoudelijke AI-herbeoordeling van dit werk; geen auteur-/titelwoordregel. NL/EN verwijzen naar dezelfde categorie-ID. Redactionele AI-indeling; geen HIGH-evidence of menselijke beoordeling. Aanvullende genres opnieuw inhoudelijk afgewogen; uitsluitend canonieke genres, doelgroep en werkvorm blijven afzonderlijk."
"LS1000-0737","Split Second","David Baldacci","2003","Thrillers & spanning","Thrillers & Suspense","","volwassenen","roman","ZEKER","AI_KENNIS_HERBEOORDEELD","Herkenbare misdaad- of thrillertitel met brede publiekswaarde.","https://openlibrary.org/works/OL41246W | https://lumisco.re/book/610","2026-09-30","610","aanwezig","Open Library Work: OL41246W; ISBN-13: 9780446178495","bevestigd","P3","Canoniek categoriemodel en stabiele NL/EN-labels. NL/EN verwijzen naar dezelfde categorie-ID. Redactionele AI-indeling; geen HIGH-evidence of menselijke beoordeling. Aanvullende genres opnieuw inhoudelijk afgewogen; uitsluitend canonieke genres, doelgroep en werkvorm blijven afzonderlijk."
"LS1000-0738","Spoorloos","Suzanne Vermeer","2024","Thrillers & spanning","Thrillers & Suspense","","volwassenen","roman","ZEKER","AI_KENNIS_HERBEOORDEELD","Recente, reeds verschenen titel die de selectie actueel en veelzijdig houdt.","https://openlibrary.org/works/OL42854974W | https://lumisco.re/book/1244","2026-09-30","1244","aanwezig","Open Library Work: OL42854974W; ISBN-13: 9789400517523","niet onderzocht","P3","Canoniek categoriemodel en stabiele NL/EN-labels. NL/EN verwijzen naar dezelfde categorie-ID. Redactionele AI-indeling; geen HIGH-evidence of menselijke beoordeling. Aanvullende genres opnieuw inhoudelijk afgewogen; uitsluitend canonieke genres, doelgroep en werkvorm blijven afzonderlijk."
"LS1000-0739","Still Life","Louise Penny","2005","Detectives & misdaadfictie","Mystery & Crime Fiction","","volwassenen","roman","ZEKER","AI_KENNIS_HERBEOORDEELD","Herkenbare misdaad- of thrillertitel met brede publiekswaarde.","https://openlibrary.org/works/OL8475913W | https://lumisco.re/book/599","2026-09-30","599","aanwezig","Open Library Work: OL8475913W; ISBN-13: 9780755328901","niet gevonden","P3","Inhoudelijke AI-herbeoordeling van dit werk; geen auteur-/titelwoordregel. NL/EN verwijzen naar dezelfde categorie-ID. Redactionele AI-indeling; geen HIGH-evidence of menselijke beoordeling. Aanvullende genres opnieuw inhoudelijk afgewogen; uitsluitend canonieke genres, doelgroep en werkvorm blijven afzonderlijk."
"LS1000-0740","Storm Island","Ken Follett","1978","Thrillers & spanning","Thrillers & Suspense","","volwassenen","roman","ZEKER","AI_KENNIS_HERBEOORDEELD","Herkenbare misdaad- of thrillertitel met brede publiekswaarde.","https://openlibrary.org/works/OL1914088W | https://lumisco.re/book/596","2026-09-30","596","aanwezig","Open Library Work: OL1914088W; ISBN-13: 9780517454152","bevestigd","P3","Canoniek categoriemodel en stabiele NL/EN-labels. NL/EN verwijzen naar dezelfde categorie-ID. Redactionele AI-indeling; geen HIGH-evidence of menselijke beoordeling. Aanvullende genres opnieuw inhoudelijk afgewogen; uitsluitend canonieke genres, doelgroep en werkvorm blijven afzonderlijk."
"LS1000-0741","Stromboli","Saskia Noort","2018","Thrillers & spanning","Thrillers & Suspense","","volwassenen","roman","ZEKER","AI_KENNIS_HERBEOORDEELD","Nederlandstalige of Vlaamse kernselectie met blijvende lees- en ontdekkingswaarde.","https://openlibrary.org/works/OL24319402W | https://lumisco.re/book/1077","2026-09-30","1077","aanwezig","Open Library Work: OL24319402W; ISBN-13: 9789048833993","niet onderzocht","P3","Canoniek categoriemodel en stabiele NL/EN-labels. NL/EN verwijzen naar dezelfde categorie-ID. Redactionele AI-indeling; geen HIGH-evidence of menselijke beoordeling. Aanvullende genres opnieuw inhoudelijk afgewogen; uitsluitend canonieke genres, doelgroep en werkvorm blijven afzonderlijk."
"LS1000-0742","Talking With Psychopaths and Savages","Christopher Berry-Dee","2019","Waargebeurde misdaad","True Crime","","volwassenen","roman","ZEKER","AI_KENNIS_HERBEOORDEELD","Herkenbare misdaad- of thrillertitel met brede publiekswaarde.","https://openlibrary.org/works/OL21216897W | https://lumisco.re/book/611","2026-09-30","611","aanwezig","Open Library Work: OL21216897W; ISBN-13: 9781789461152","niet gevonden","P3","Inhoudelijke AI-herbeoordeling van dit werk; geen auteur-/titelwoordregel. NL/EN verwijzen naar dezelfde categorie-ID. Redactionele AI-indeling; geen HIGH-evidence of menselijke beoordeling. Aanvullende genres opnieuw inhoudelijk afgewogen; uitsluitend canonieke genres, doelgroep en werkvorm blijven afzonderlijk."
"LS1000-0743","Tegenlicht","Esther Verhoef","2012","Literaire & algemene fictie","Literary & General Fiction","","volwassenen","roman","ZEKER","AI_KENNIS_HERBEOORDEELD","Nederlandstalige of Vlaamse kernselectie met blijvende lees- en ontdekkingswaarde.","https://openlibrary.org/works/OL23217732W | https://lumisco.re/book/1081","2026-09-30","1081","aanwezig","Open Library Work: OL23217732W; ISBN-13: 9789041414298","bevestigd","P3","Inhoudelijke AI-herbeoordeling van dit werk; geen auteur-/titelwoordregel. NL/EN verwijzen naar dezelfde categorie-ID. Redactionele AI-indeling; geen HIGH-evidence of menselijke beoordeling. Aanvullende genres opnieuw inhoudelijk afgewogen; uitsluitend canonieke genres, doelgroep en werkvorm blijven afzonderlijk."
"LS1000-0744","Tell No One","Harlan Coben","2000","Thrillers & spanning","Thrillers & Suspense","","volwassenen","roman","ZEKER","AI_KENNIS_HERBEOORDEELD","Herkenbare misdaad- of thrillertitel met brede publiekswaarde.","https://openlibrary.org/works/OL79319W | https://lumisco.re/book/585","2026-09-30","585","aanwezig","Open Library Work: OL79319W; ISBN-13: 9780440245902","bevestigd","P3","Canoniek categoriemodel en stabiele NL/EN-labels. NL/EN verwijzen naar dezelfde categorie-ID. Redactionele AI-indeling; geen HIGH-evidence of menselijke beoordeling. Aanvullende genres opnieuw inhoudelijk afgewogen; uitsluitend canonieke genres, doelgroep en werkvorm blijven afzonderlijk."
"LS1000-0745","Terug naar de kust","Saskia Noort","2003","Thrillers & spanning","Thrillers & Suspense","","volwassenen","roman","ZEKER","AI_KENNIS_HERBEOORDEELD","Nederlandstalige of Vlaamse kernselectie met blijvende lees- en ontdekkingswaarde.","https://openlibrary.org/works/OL24302287W | https://lumisco.re/book/1070","2026-09-30","1070","aanwezig","Open Library Work: OL24302287W; ISBN-13: 9789041409294","bevestigd","P3","Canoniek categoriemodel en stabiele NL/EN-labels. NL/EN verwijzen naar dezelfde categorie-ID. AI-bibliografische correctie: oorspronkelijke publicatie in plaats van onjuist bron-/editiejaar; geen wijziging bestaand databasejaar. Redactionele AI-indeling; geen HIGH-evidence of menselijke beoordeling. Aanvullende genres opnieuw inhoudelijk afgewogen; uitsluitend canonieke genres, doelgroep en werkvorm blijven afzonderlijk."
"LS1000-0746","The Affair","Lee Child","2011","Thrillers & spanning","Thrillers & Suspense","","volwassenen","roman","ZEKER","AI_KENNIS_HERBEOORDEELD","Herkenbare misdaad- of thrillertitel met brede publiekswaarde.","https://openlibrary.org/works/OL15942060W | https://lumisco.re/book/662","2026-09-30","662","aanwezig","Open Library Work: OL15942060W; ISBN-13: 9780385344326","niet gevonden","P3","Canoniek categoriemodel en stabiele NL/EN-labels. NL/EN verwijzen naar dezelfde categorie-ID. Redactionele AI-indeling; geen HIGH-evidence of menselijke beoordeling. Aanvullende genres opnieuw inhoudelijk afgewogen; uitsluitend canonieke genres, doelgroep en werkvorm blijven afzonderlijk."
"LS1000-0747","The anatomy of motive","John E. Douglas","1999","Waargebeurde misdaad","True Crime","","volwassenen","roman","ZEKER","AI_KENNIS_HERBEOORDEELD","Herkenbare misdaad- of thrillertitel met brede publiekswaarde.","https://openlibrary.org/works/OL15211798W | https://lumisco.re/book/588","2026-09-30","588","aanwezig","Open Library Work: OL15211798W; ISBN-13: 9781471108372","niet gevonden","P3","Inhoudelijke AI-herbeoordeling van dit werk; geen auteur-/titelwoordregel. NL/EN verwijzen naar dezelfde categorie-ID. Redactionele AI-indeling; geen HIGH-evidence of menselijke beoordeling. Aanvullende genres opnieuw inhoudelijk afgewogen; uitsluitend canonieke genres, doelgroep en werkvorm blijven afzonderlijk."
"LS1000-0748","The Bear and the Dragon","Tom Clancy","2000","Thrillers & spanning","Thrillers & Suspense","","volwassenen","roman","ZEKER","AI_KENNIS_HERBEOORDEELD","Herkenbare misdaad- of thrillertitel met brede publiekswaarde.","https://openlibrary.org/works/OL159282W | https://lumisco.re/book/593","2026-09-30","593","aanwezig","Open Library Work: OL159282W; ISBN-13: 9781101000526","niet gevonden","P3","Canoniek categoriemodel en stabiele NL/EN-labels. NL/EN verwijzen naar dezelfde categorie-ID. Redactionele AI-indeling; geen HIGH-evidence of menselijke beoordeling. Aanvullende genres opnieuw inhoudelijk afgewogen; uitsluitend canonieke genres, doelgroep en werkvorm blijven afzonderlijk."
"LS1000-0749","The Big Bad Wolf","James Patterson","2003","Thrillers & spanning","Thrillers & Suspense","","volwassenen","roman","ZEKER","AI_KENNIS_HERBEOORDEELD","Herkenbare misdaad- of thrillertitel met brede publiekswaarde.","https://openlibrary.org/works/OL167179W | https://lumisco.re/book/557","2026-09-30","557","aanwezig","Open Library Work: OL167179W; ISBN-13: 9781843956297","bevestigd","P3","Canoniek categoriemodel en stabiele NL/EN-labels. NL/EN verwijzen naar dezelfde categorie-ID. AI-bibliografische correctie: oorspronkelijke publicatie in plaats van onjuist bron-/editiejaar; geen wijziging bestaand databasejaar. Redactionele AI-indeling; geen HIGH-evidence of menselijke beoordeling. Aanvullende genres opnieuw inhoudelijk afgewogen; uitsluitend canonieke genres, doelgroep en werkvorm blijven afzonderlijk."
"LS1000-0750","The Big Four","Agatha Christie","1927","Detectives & misdaadfictie","Mystery & Crime Fiction","","volwassenen","roman","ZEKER","AI_KENNIS_HERBEOORDEELD","Herkenbare misdaad- of thrillertitel met brede publiekswaarde.","https://openlibrary.org/works/OL471947W | https://lumisco.re/book/551","2026-09-30","551","aanwezig","Open Library Work: OL471947W; ISBN-13: 9780330261395","niet gevonden","P3","Inhoudelijke AI-herbeoordeling van dit werk; geen auteur-/titelwoordregel. NL/EN verwijzen naar dezelfde categorie-ID. Redactionele AI-indeling; geen HIGH-evidence of menselijke beoordeling. Aanvullende genres opnieuw inhoudelijk afgewogen; uitsluitend canonieke genres, doelgroep en werkvorm blijven afzonderlijk."
"LS1000-0751","The Big Sleep","Raymond Chandler","1939","Detectives & misdaadfictie","Mystery & Crime Fiction","","volwassenen","roman","ZEKER","AI_KENNIS_HERBEOORDEELD","Herkenbare misdaad- of thrillertitel met brede publiekswaarde.","https://openlibrary.org/works/OL15400582W | https://lumisco.re/book/55","2026-09-30","55","aanwezig","Open Library Work: OL15400582W; ISBN-13: 9781883402167","niet gevonden","P3","Inhoudelijke AI-herbeoordeling van dit werk; geen auteur-/titelwoordregel. NL/EN verwijzen naar dezelfde categorie-ID. Redactionele AI-indeling; geen HIGH-evidence of menselijke beoordeling. Aanvullende genres opnieuw inhoudelijk afgewogen; uitsluitend canonieke genres, doelgroep en werkvorm blijven afzonderlijk."
"LS1000-0752","The Bone Collector","Jeffery Deaver","1997","Detectives & misdaadfictie","Mystery & Crime Fiction","","volwassenen","roman","ZEKER","AI_KENNIS_HERBEOORDEELD","Herkenbare misdaad- of thrillertitel met brede publiekswaarde.","https://openlibrary.org/works/OL21732W | https://lumisco.re/book/660","2026-09-30","660","aanwezig","Open Library Work: OL21732W; ISBN-13: 9780340992722","niet gevonden","P3","Inhoudelijke AI-herbeoordeling van dit werk; geen auteur-/titelwoordregel. NL/EN verwijzen naar dezelfde categorie-ID. AI-bibliografische correctie: oorspronkelijke publicatie in plaats van onjuist bron-/editiejaar; geen wijziging bestaand databasejaar. Redactionele AI-indeling; geen HIGH-evidence of menselijke beoordeling. Aanvullende genres opnieuw inhoudelijk afgewogen; uitsluitend canonieke genres, doelgroep en werkvorm blijven afzonderlijk."
"LS1000-0753","The Bourne Identity","Robert Ludlum","1980","Thrillers & spanning","Thrillers & Suspense","","volwassenen","roman","ZEKER","AI_KENNIS_HERBEOORDEELD","Herkenbare misdaad- of thrillertitel met brede publiekswaarde.","https://openlibrary.org/works/OL2664916W | https://lumisco.re/book/60","2026-09-30","60","aanwezig","Open Library Work: OL2664916W; ISBN-13: 9780246111210","niet gevonden","P3","Canoniek categoriemodel en stabiele NL/EN-labels. NL/EN verwijzen naar dezelfde categorie-ID. Redactionele AI-indeling; geen HIGH-evidence of menselijke beoordeling. Aanvullende genres opnieuw inhoudelijk afgewogen; uitsluitend canonieke genres, doelgroep en werkvorm blijven afzonderlijk."
"LS1000-0754","The Boxcar Children","Gertrude Chandler Warner","1924","Detectives & misdaadfictie","Mystery & Crime Fiction","","volwassenen","roman","WAARSCHIJNLIJK","AI_KENNIS_HERBEOORDEELD","Veeluitgegeven misdaad- of thrillerwerk dat nog in de LumiScore-catalogus ontbreekt.","https://openlibrary.org/works/OL24656586W | https://openlibrary.org/subjects/mystery_and_detective_stories","2026-09-30","","ontbreekt","Open Library Work: OL24656586W; ISBN-13: 9798890990617","niet gevonden","P2","Inhoudelijke AI-herbeoordeling van dit werk; geen auteur-/titelwoordregel. NL/EN verwijzen naar dezelfde categorie-ID. Redactionele AI-indeling; geen HIGH-evidence of menselijke beoordeling. Aanvullende genres opnieuw inhoudelijk afgewogen; uitsluitend canonieke genres, doelgroep en werkvorm blijven afzonderlijk."
"LS1000-0755","The Broker","John Grisham","2005","Thrillers & spanning","Thrillers & Suspense","","volwassenen","roman","ZEKER","AI_KENNIS_HERBEOORDEELD","Herkenbare misdaad- of thrillertitel met brede publiekswaarde.","https://openlibrary.org/works/OL76968W | https://lumisco.re/book/621","2026-09-30","621","aanwezig","Open Library Work: OL76968W; ISBN-13: 9780440241584","bevestigd","P3","Canoniek categoriemodel en stabiele NL/EN-labels. NL/EN verwijzen naar dezelfde categorie-ID. Redactionele AI-indeling; geen HIGH-evidence of menselijke beoordeling. Aanvullende genres opnieuw inhoudelijk afgewogen; uitsluitend canonieke genres, doelgroep en werkvorm blijven afzonderlijk."
"LS1000-0756","The Cartel","Ashley & JaQuavis","2009","Thrillers & spanning","Thrillers & Suspense","","volwassenen","roman","ZEKER","AI_KENNIS_HERBEOORDEELD","Herkenbare misdaad- of thrillertitel met brede publiekswaarde.","https://openlibrary.org/works/OL13754370W | https://lumisco.re/book/601","2026-09-30","601","aanwezig","Open Library Work: OL13754370W; ISBN-13: 9781601621429","niet gevonden","P3","Canoniek categoriemodel en stabiele NL/EN-labels. NL/EN verwijzen naar dezelfde categorie-ID. Redactionele AI-indeling; geen HIGH-evidence of menselijke beoordeling. Aanvullende genres opnieuw inhoudelijk afgewogen; uitsluitend canonieke genres, doelgroep en werkvorm blijven afzonderlijk."
"LS1000-0757","The Client","John Grisham","1993","Thrillers & spanning","Thrillers & Suspense","","volwassenen","roman","ZEKER","AI_KENNIS_HERBEOORDEELD","Herkenbare misdaad- of thrillertitel met brede publiekswaarde.","https://openlibrary.org/works/OL77022W | https://lumisco.re/book/561","2026-09-30","561","aanwezig","Open Library Work: OL77022W; ISBN-13: 9780385424714","bevestigd","P3","Canoniek categoriemodel en stabiele NL/EN-labels. NL/EN verwijzen naar dezelfde categorie-ID. Redactionele AI-indeling; geen HIGH-evidence of menselijke beoordeling. Aanvullende genres opnieuw inhoudelijk afgewogen; uitsluitend canonieke genres, doelgroep en werkvorm blijven afzonderlijk."
"LS1000-0758","The Cuckoo’s Egg","Clifford Stoll","1989","Wetenschap & natuur","Science & Nature","","volwassenen","roman","ZEKER","AI_KENNIS_HERBEOORDEELD","Herkenbare misdaad- of thrillertitel met brede publiekswaarde.","https://openlibrary.org/works/OL3741565W | https://lumisco.re/book/595","2026-09-30","595","aanwezig","Open Library Work: OL3741565W; ISBN-13: 9780330317429","niet gevonden","P3","Inhoudelijke AI-herbeoordeling van dit werk; geen auteur-/titelwoordregel. NL/EN verwijzen naar dezelfde categorie-ID. Redactionele AI-indeling; geen HIGH-evidence of menselijke beoordeling. Aanvullende genres opnieuw inhoudelijk afgewogen; uitsluitend canonieke genres, doelgroep en werkvorm blijven afzonderlijk."
"LS1000-0759","The Da Vinci Code","Dan Brown","2003","Thrillers & spanning","Thrillers & Suspense","","volwassenen","roman","ZEKER","AI_KENNIS_HERBEOORDEELD","Herkenbare misdaad- of thrillertitel met brede publiekswaarde.","https://openlibrary.org/works/OL76837W | https://lumisco.re/book/50","2026-09-30","50","aanwezig","Open Library Work: OL76837W; ISBN-13: 9780593052440","bevestigd","P3","Canoniek categoriemodel en stabiele NL/EN-labels. NL/EN verwijzen naar dezelfde categorie-ID. Redactionele AI-indeling; geen HIGH-evidence of menselijke beoordeling. Aanvullende genres opnieuw inhoudelijk afgewogen; uitsluitend canonieke genres, doelgroep en werkvorm blijven afzonderlijk."
"LS1000-0760","The Firm","John Grisham","1991","Thrillers & spanning","Thrillers & Suspense","","volwassenen","roman","ZEKER","AI_KENNIS_HERBEOORDEELD","Herkenbare misdaad- of thrillertitel met brede publiekswaarde.","https://openlibrary.org/works/OL76972W | https://lumisco.re/book/552","2026-09-30","552","aanwezig","Open Library Work: OL76972W; ISBN-13: 9785702007656","bevestigd","P3","Canoniek categoriemodel en stabiele NL/EN-labels. NL/EN verwijzen naar dezelfde categorie-ID. Redactionele AI-indeling; geen HIGH-evidence of menselijke beoordeling. Aanvullende genres opnieuw inhoudelijk afgewogen; uitsluitend canonieke genres, doelgroep en werkvorm blijven afzonderlijk."
"LS1000-0761","The Girl Who Kicked the Hornets' Nest","Stieg Larsson","2007","Detectives & misdaadfictie","Mystery & Crime Fiction","","volwassenen","roman","ZEKER","AI_KENNIS_HERBEOORDEELD","Herkenbare misdaad- of thrillertitel met brede publiekswaarde.","https://openlibrary.org/works/OL14909364W | https://lumisco.re/book/1321","2026-09-30","1321","aanwezig","Open Library Work: OL14909364W; ISBN-13: 9788375541496","niet gevonden","P3","Inhoudelijke AI-herbeoordeling van dit werk; geen auteur-/titelwoordregel. NL/EN verwijzen naar dezelfde categorie-ID. Redactionele AI-indeling; geen HIGH-evidence of menselijke beoordeling. Aanvullende genres opnieuw inhoudelijk afgewogen; uitsluitend canonieke genres, doelgroep en werkvorm blijven afzonderlijk."
"LS1000-0762","The Girl Who Played with Fire","Stieg Larsson","2006","Detectives & misdaadfictie","Mystery & Crime Fiction","","volwassenen","roman","ZEKER","AI_KENNIS_HERBEOORDEELD","Herkenbare misdaad- of thrillertitel met brede publiekswaarde.","https://openlibrary.org/works/OL5784621W | https://lumisco.re/book/567","2026-09-30","567","aanwezig","Open Library Work: OL5784621W; ISBN-13: 9780307269980","niet gevonden","P3","Inhoudelijke AI-herbeoordeling van dit werk; geen auteur-/titelwoordregel. NL/EN verwijzen naar dezelfde categorie-ID. Redactionele AI-indeling; geen HIGH-evidence of menselijke beoordeling. Aanvullende genres opnieuw inhoudelijk afgewogen; uitsluitend canonieke genres, doelgroep en werkvorm blijven afzonderlijk."
"LS1000-0763","The Girl with the Dragon Tattoo","Stieg Larsson","2005","Detectives & misdaadfictie","Mystery & Crime Fiction","","volwassenen","roman","ZEKER","AI_KENNIS_HERBEOORDEELD","Herkenbare misdaad- of thrillertitel met brede publiekswaarde.","https://openlibrary.org/works/OL5784622W | https://lumisco.re/book/48","2026-09-30","48","aanwezig","Open Library Work: OL5784622W; ISBN-13: 9780307269751","niet gevonden","P3","Inhoudelijke AI-herbeoordeling van dit werk; geen auteur-/titelwoordregel. NL/EN verwijzen naar dezelfde categorie-ID. Redactionele AI-indeling; geen HIGH-evidence of menselijke beoordeling. Aanvullende genres opnieuw inhoudelijk afgewogen; uitsluitend canonieke genres, doelgroep en werkvorm blijven afzonderlijk."
"LS1000-0764","The Godfather","Mario Puzo","1969","Detectives & misdaadfictie","Mystery & Crime Fiction","","volwassenen","roman","ZEKER","AI_KENNIS_HERBEOORDEELD","Herkenbare misdaad- of thrillertitel met brede publiekswaarde.","https://openlibrary.org/works/OL1673205W | https://lumisco.re/book/570","2026-09-30","570","aanwezig","Open Library Work: OL1673205W; ISBN-13: 9780399103421","bevestigd","P3","Inhoudelijke AI-herbeoordeling van dit werk; geen auteur-/titelwoordregel. NL/EN verwijzen naar dezelfde categorie-ID. Redactionele AI-indeling; geen HIGH-evidence of menselijke beoordeling. Aanvullende genres opnieuw inhoudelijk afgewogen; uitsluitend canonieke genres, doelgroep en werkvorm blijven afzonderlijk."
"LS1000-0765","The Gold-Bug","Edgar Allan Poe","1843","Detectives & misdaadfictie","Mystery & Crime Fiction","","volwassenen","kort verhaal","WAARSCHIJNLIJK","AI_KENNIS_HERBEOORDEELD","Veeluitgegeven misdaad- of thrillerwerk dat nog in de LumiScore-catalogus ontbreekt.","https://openlibrary.org/works/OL40983W | https://openlibrary.org/subjects/mystery_and_detective_stories","2026-09-30","","ontbreekt","Open Library Work: OL40983W; ISBN-13: 9781686331275","niet gevonden","P2","Inhoudelijke AI-herbeoordeling van dit werk; geen auteur-/titelwoordregel. NL/EN verwijzen naar dezelfde categorie-ID. AI-bibliografische correctie: oorspronkelijke publicatie in plaats van onjuist bron-/editiejaar; geen wijziging bestaand databasejaar. Redactionele AI-indeling; geen HIGH-evidence of menselijke beoordeling. Aanvullende genres opnieuw inhoudelijk afgewogen; uitsluitend canonieke genres, doelgroep en werkvorm blijven afzonderlijk."
"LS1000-0766","The Good Guy","Dean Koontz","2007","Thrillers & spanning","Thrillers & Suspense","","volwassenen","roman","ZEKER","AI_KENNIS_HERBEOORDEELD","Herkenbare misdaad- of thrillertitel met brede publiekswaarde.","https://openlibrary.org/works/OL263272W | https://lumisco.re/book/646","2026-09-30","646","aanwezig","Open Library Work: OL263272W; ISBN-13: 9780553804812","niet gevonden","P3","Canoniek categoriemodel en stabiele NL/EN-labels. NL/EN verwijzen naar dezelfde categorie-ID. Redactionele AI-indeling; geen HIGH-evidence of menselijke beoordeling. Aanvullende genres opnieuw inhoudelijk afgewogen; uitsluitend canonieke genres, doelgroep en werkvorm blijven afzonderlijk."
"LS1000-0767","The Green Mile","Stephen King","1996","Fantasy","Fantasy","","volwassenen","roman","WAARSCHIJNLIJK","AI_KENNIS_HERBEOORDEELD","Veeluitgegeven misdaad- of thrillerwerk dat nog in de LumiScore-catalogus ontbreekt.","https://openlibrary.org/works/OL81629W | https://openlibrary.org/subjects/mystery_and_detective_stories","2026-09-30","","ontbreekt","Open Library Work: OL81629W; ISBN-13: 9780965002691","niet gevonden","P2","Inhoudelijke AI-herbeoordeling van dit werk; geen auteur-/titelwoordregel. NL/EN verwijzen naar dezelfde categorie-ID. Redactionele AI-indeling; geen HIGH-evidence of menselijke beoordeling. Aanvullende genres opnieuw inhoudelijk afgewogen; uitsluitend canonieke genres, doelgroep en werkvorm blijven afzonderlijk."
"LS1000-0768","The Housemaid","Freida McFadden","2022","Thrillers & spanning","Thrillers & Suspense","","volwassenen","roman","ZEKER","AI_KENNIS_HERBEOORDEELD","Recente, reeds verschenen titel die de selectie actueel en veelzijdig houdt.","https://openlibrary.org/works/OL27729743W | https://lumisco.re/book/549","2026-09-30","549","aanwezig","Open Library Work: OL27729743W; ISBN-13: 9781408728512","bevestigd","P3","Canoniek categoriemodel en stabiele NL/EN-labels. NL/EN verwijzen naar dezelfde categorie-ID. Redactionele AI-indeling; geen HIGH-evidence of menselijke beoordeling. Aanvullende genres opnieuw inhoudelijk afgewogen; uitsluitend canonieke genres, doelgroep en werkvorm blijven afzonderlijk."
"LS1000-0769","The Housemaid Is Watching","Freida McFadden","2024","Thrillers & spanning","Thrillers & Suspense","","volwassenen","roman","ZEKER","AI_KENNIS_HERBEOORDEELD","Recente, reeds verschenen titel die de selectie actueel en veelzijdig houdt.","https://openlibrary.org/works/OL37576476W | https://lumisco.re/book/560","2026-09-30","560","aanwezig","Open Library Work: OL37576476W; ISBN-13: 9781464223310","bevestigd","P3","Canoniek categoriemodel en stabiele NL/EN-labels. NL/EN verwijzen naar dezelfde categorie-ID. Redactionele AI-indeling; geen HIGH-evidence of menselijke beoordeling. Aanvullende genres opnieuw inhoudelijk afgewogen; uitsluitend canonieke genres, doelgroep en werkvorm blijven afzonderlijk."
"LS1000-0770","The Housemaid's Secret","Freida McFadden","2023","Thrillers & spanning","Thrillers & Suspense","","volwassenen","roman","ZEKER","AI_KENNIS_HERBEOORDEELD","Recente, reeds verschenen titel die de selectie actueel en veelzijdig houdt.","https://openlibrary.org/works/OL34113490W | https://lumisco.re/book/553","2026-09-30","553","aanwezig","Open Library Work: OL34113490W; ISBN-13: 9781538742587","bevestigd","P3","Canoniek categoriemodel en stabiele NL/EN-labels. NL/EN verwijzen naar dezelfde categorie-ID. Redactionele AI-indeling; geen HIGH-evidence of menselijke beoordeling. Aanvullende genres opnieuw inhoudelijk afgewogen; uitsluitend canonieke genres, doelgroep en werkvorm blijven afzonderlijk."
"LS1000-0771","The Housemaid's Wedding","Freida McFadden","2024","Thrillers & spanning","Thrillers & Suspense","","volwassenen","roman","ZEKER","AI_KENNIS_HERBEOORDEELD","Recente, reeds verschenen titel die de selectie actueel en veelzijdig houdt.","https://openlibrary.org/works/OL42487395W | https://lumisco.re/book/644","2026-09-30","644","aanwezig","Open Library Work: OL42487395W; ISBN-13: 9798344920047","bevestigd","P3","Canoniek categoriemodel en stabiele NL/EN-labels. NL/EN verwijzen naar dezelfde categorie-ID. Redactionele AI-indeling; geen HIGH-evidence of menselijke beoordeling. Aanvullende genres opnieuw inhoudelijk afgewogen; uitsluitend canonieke genres, doelgroep en werkvorm blijven afzonderlijk."
"LS1000-0772","The Hunt for Red October","Tom Clancy","1984","Thrillers & spanning","Thrillers & Suspense","","volwassenen","roman","ZEKER","AI_KENNIS_HERBEOORDEELD","Herkenbare misdaad- of thrillertitel met brede publiekswaarde.","https://openlibrary.org/works/OL159452W | https://lumisco.re/book/578","2026-09-30","578","aanwezig","Open Library Work: OL159452W; ISBN-13: 9789022994351","niet gevonden","P3","Canoniek categoriemodel en stabiele NL/EN-labels. NL/EN verwijzen naar dezelfde categorie-ID. Redactionele AI-indeling; geen HIGH-evidence of menselijke beoordeling. Aanvullende genres opnieuw inhoudelijk afgewogen; uitsluitend canonieke genres, doelgroep en werkvorm blijven afzonderlijk."
"LS1000-0773","The Husband","Dean Koontz","2006","Thrillers & spanning","Thrillers & Suspense","","volwassenen","roman","ZEKER","AI_KENNIS_HERBEOORDEELD","Herkenbare misdaad- of thrillertitel met brede publiekswaarde.","https://openlibrary.org/works/OL263251W | https://lumisco.re/book/612","2026-09-30","612","aanwezig","Open Library Work: OL263251W; ISBN-13: 9780553589092","bevestigd","P3","Canoniek categoriemodel en stabiele NL/EN-labels. NL/EN verwijzen naar dezelfde categorie-ID. Redactionele AI-indeling; geen HIGH-evidence of menselijke beoordeling. Aanvullende genres opnieuw inhoudelijk afgewogen; uitsluitend canonieke genres, doelgroep en werkvorm blijven afzonderlijk."
"LS1000-0774","The Inmate","Freida McFadden","2022","Thrillers & spanning","Thrillers & Suspense","","volwassenen","roman","ZEKER","AI_KENNIS_HERBEOORDEELD","Recente, reeds verschenen titel die de selectie actueel en veelzijdig houdt.","https://openlibrary.org/works/OL31191485W | https://lumisco.re/book/558","2026-09-30","558","aanwezig","Open Library Work: OL31191485W; ISBN-13: 9781464221385","niet gevonden","P3","Canoniek categoriemodel en stabiele NL/EN-labels. NL/EN verwijzen naar dezelfde categorie-ID. Redactionele AI-indeling; geen HIGH-evidence of menselijke beoordeling. Aanvullende genres opnieuw inhoudelijk afgewogen; uitsluitend canonieke genres, doelgroep en werkvorm blijven afzonderlijk."
"LS1000-0775","The Innocent Man","John Grisham","2006","Waargebeurde misdaad","True Crime","","volwassenen","roman","ZEKER","AI_KENNIS_HERBEOORDEELD","Herkenbare misdaad- of thrillertitel met brede publiekswaarde.","https://openlibrary.org/works/OL77015W | https://lumisco.re/book/577","2026-09-30","577","aanwezig","Open Library Work: OL77015W; ISBN-13: 9781844137909","bevestigd","P3","Inhoudelijke AI-herbeoordeling van dit werk; geen auteur-/titelwoordregel. NL/EN verwijzen naar dezelfde categorie-ID. Redactionele AI-indeling; geen HIGH-evidence of menselijke beoordeling. Aanvullende genres opnieuw inhoudelijk afgewogen; uitsluitend canonieke genres, doelgroep en werkvorm blijven afzonderlijk."
"LS1000-0776","The Maid","Nita Prose","2022","Detectives & misdaadfictie","Mystery & Crime Fiction","","volwassenen","roman","ZEKER","AI_KENNIS_HERBEOORDEELD","Herkenbare misdaad- of thrillertitel met brede publiekswaarde.","https://openlibrary.org/works/OL24554831W | https://lumisco.re/book/638","2026-09-30","638","aanwezig","Open Library Work: OL24554831W; ISBN-13: 9780593356159","niet gevonden","P3","Inhoudelijke AI-herbeoordeling van dit werk; geen auteur-/titelwoordregel. NL/EN verwijzen naar dezelfde categorie-ID. AI-bibliografische correctie: oorspronkelijke publicatie in plaats van onjuist bron-/editiejaar; geen wijziging bestaand databasejaar. Redactionele AI-indeling; geen HIGH-evidence of menselijke beoordeling. Aanvullende genres opnieuw inhoudelijk afgewogen; uitsluitend canonieke genres, doelgroep en werkvorm blijven afzonderlijk."
"LS1000-0777","The Maidens","Alex Michaelides","2021","Detectives & misdaadfictie","Mystery & Crime Fiction","","volwassenen","roman","ZEKER","AI_KENNIS_HERBEOORDEELD","Recente, reeds verschenen titel die de selectie actueel en veelzijdig houdt.","https://openlibrary.org/works/OL34962371W | https://lumisco.re/book/636","2026-09-30","636","aanwezig","Open Library Work: OL34962371W; ISBN-13: 9781250304452","niet gevonden","P3","Inhoudelijke AI-herbeoordeling van dit werk; geen auteur-/titelwoordregel. NL/EN verwijzen naar dezelfde categorie-ID. Redactionele AI-indeling; geen HIGH-evidence of menselijke beoordeling. Aanvullende genres opnieuw inhoudelijk afgewogen; uitsluitend canonieke genres, doelgroep en werkvorm blijven afzonderlijk."
"LS1000-0778","The Maltese Falcon","Dashiell Hammett","1929","Detectives & misdaadfictie","Mystery & Crime Fiction","","volwassenen","roman","ZEKER","AI_KENNIS_HERBEOORDEELD","Herkenbare misdaad- of thrillertitel met brede publiekswaarde.","https://openlibrary.org/works/OL47266W | https://lumisco.re/book/56","2026-09-30","56","aanwezig","Open Library Work: OL47266W; ISBN-13: 9780890640449","bevestigd","P3","Inhoudelijke AI-herbeoordeling van dit werk; geen auteur-/titelwoordregel. NL/EN verwijzen naar dezelfde categorie-ID. Redactionele AI-indeling; geen HIGH-evidence of menselijke beoordeling. Aanvullende genres opnieuw inhoudelijk afgewogen; uitsluitend canonieke genres, doelgroep en werkvorm blijven afzonderlijk."
"LS1000-0779","The Man in the Brown Suit","Agatha Christie","1924","Detectives & misdaadfictie","Mystery & Crime Fiction","","volwassenen","roman","ZEKER","AI_KENNIS_HERBEOORDEELD","Herkenbare misdaad- of thrillertitel met brede publiekswaarde.","https://openlibrary.org/works/OL472549W | https://lumisco.re/book/566","2026-09-30","566","aanwezig","Open Library Work: OL472549W; ISBN-13: 9781950347339","bevestigd","P3","Inhoudelijke AI-herbeoordeling van dit werk; geen auteur-/titelwoordregel. NL/EN verwijzen naar dezelfde categorie-ID. Redactionele AI-indeling; geen HIGH-evidence of menselijke beoordeling. Aanvullende genres opnieuw inhoudelijk afgewogen; uitsluitend canonieke genres, doelgroep en werkvorm blijven afzonderlijk."
"LS1000-0780","The Name of the Rose","Umberto Eco","1980","Detectives & misdaadfictie","Mystery & Crime Fiction","Historische fictie","volwassenen","roman","ZEKER","AI_KENNIS_HERBEOORDEELD","Herkenbare misdaad- of thrillertitel met brede publiekswaarde.","https://openlibrary.org/works/OL8996439W | https://lumisco.re/book/62","2026-09-30","62","aanwezig","Open Library Work: OL8996439W; ISBN-13: 9780330284783","bevestigd","P3","Inhoudelijke AI-herbeoordeling van dit werk; geen auteur-/titelwoordregel. NL/EN verwijzen naar dezelfde categorie-ID. Redactionele AI-indeling; geen HIGH-evidence of menselijke beoordeling. Aanvullende genres opnieuw inhoudelijk afgewogen; uitsluitend canonieke genres, doelgroep en werkvorm blijven afzonderlijk."
"LS1000-0781","The Night Manager","John le Carré","1993","Thrillers & spanning","Thrillers & Suspense","","volwassenen","roman","ZEKER","AI_KENNIS_HERBEOORDEELD","Herkenbare misdaad- of thrillertitel met brede publiekswaarde.","https://openlibrary.org/works/OL181821W | https://lumisco.re/book/648","2026-09-30","648","aanwezig","Open Library Work: OL181821W; ISBN-13: 9780517137635","niet gevonden","P3","Canoniek categoriemodel en stabiele NL/EN-labels. NL/EN verwijzen naar dezelfde categorie-ID. Redactionele AI-indeling; geen HIGH-evidence of menselijke beoordeling. Aanvullende genres opnieuw inhoudelijk afgewogen; uitsluitend canonieke genres, doelgroep en werkvorm blijven afzonderlijk."
"LS1000-0782","The Old Man in the Corner","Emma Orczy","1908","Detectives & misdaadfictie","Mystery & Crime Fiction","","volwassenen","roman","WAARSCHIJNLIJK","AI_KENNIS_HERBEOORDEELD","Veeluitgegeven misdaad- of thrillerwerk dat nog in de LumiScore-catalogus ontbreekt.","https://openlibrary.org/works/OL1253282W | https://openlibrary.org/subjects/mystery_and_detective_stories","2026-09-30","","ontbreekt","Open Library Work: OL1253282W; ISBN-13: 9798747541603","niet gevonden","P2","Inhoudelijke AI-herbeoordeling van dit werk; geen auteur-/titelwoordregel. NL/EN verwijzen naar dezelfde categorie-ID. Redactionele AI-indeling; geen HIGH-evidence of menselijke beoordeling. Aanvullende genres opnieuw inhoudelijk afgewogen; uitsluitend canonieke genres, doelgroep en werkvorm blijven afzonderlijk."
"LS1000-0783","The only living witness","Stephen G. Michaud","1983","Waargebeurde misdaad","True Crime","","volwassenen","roman","ZEKER","AI_KENNIS_HERBEOORDEELD","Herkenbare misdaad- of thrillertitel met brede publiekswaarde.","https://openlibrary.org/works/OL1982449W | https://lumisco.re/book/613","2026-09-30","613","aanwezig","Open Library Work: OL1982449W; ISBN-13: 9780451163721","niet gevonden","P3","Inhoudelijke AI-herbeoordeling van dit werk; geen auteur-/titelwoordregel. NL/EN verwijzen naar dezelfde categorie-ID. Redactionele AI-indeling; geen HIGH-evidence of menselijke beoordeling. Aanvullende genres opnieuw inhoudelijk afgewogen; uitsluitend canonieke genres, doelgroep en werkvorm blijven afzonderlijk."
"LS1000-0784","The Pelican Brief","John Grisham","1992","Thrillers & spanning","Thrillers & Suspense","","volwassenen","roman","ZEKER","AI_KENNIS_HERBEOORDEELD","Herkenbare misdaad- of thrillertitel met brede publiekswaarde.","https://openlibrary.org/works/OL76965W | https://lumisco.re/book/568","2026-09-30","568","aanwezig","Open Library Work: OL76965W; ISBN-13: 9780440214045","bevestigd","P3","Canoniek categoriemodel en stabiele NL/EN-labels. NL/EN verwijzen naar dezelfde categorie-ID. Redactionele AI-indeling; geen HIGH-evidence of menselijke beoordeling. Aanvullende genres opnieuw inhoudelijk afgewogen; uitsluitend canonieke genres, doelgroep en werkvorm blijven afzonderlijk."
"LS1000-0785","The Perfect Marriage","Jeneva Rose","2020","Thrillers & spanning","Thrillers & Suspense","","volwassenen","roman","ZEKER","AI_KENNIS_HERBEOORDEELD","Recente, reeds verschenen titel die de selectie actueel en veelzijdig houdt.","https://openlibrary.org/works/OL24315820W | https://lumisco.re/book/563","2026-09-30","563","aanwezig","Open Library Work: OL24315820W; ISBN-13: 9781913419653","niet gevonden","P3","Canoniek categoriemodel en stabiele NL/EN-labels. NL/EN verwijzen naar dezelfde categorie-ID. Redactionele AI-indeling; geen HIGH-evidence of menselijke beoordeling. Aanvullende genres opnieuw inhoudelijk afgewogen; uitsluitend canonieke genres, doelgroep en werkvorm blijven afzonderlijk."
"LS1000-0786","The Phantom Prince","Elizabeth Kendall","1981","Waargebeurde misdaad","True Crime","","volwassenen","roman","ZEKER","AI_KENNIS_HERBEOORDEELD","Herkenbare misdaad- of thrillertitel met brede publiekswaarde.","https://openlibrary.org/works/OL6443533W | https://lumisco.re/book/617","2026-09-30","617","aanwezig","Open Library Work: OL6443533W; ISBN-13: 9781419744853","niet gevonden","P3","Inhoudelijke AI-herbeoordeling van dit werk; geen auteur-/titelwoordregel. NL/EN verwijzen naar dezelfde categorie-ID. Redactionele AI-indeling; geen HIGH-evidence of menselijke beoordeling. Aanvullende genres opnieuw inhoudelijk afgewogen; uitsluitend canonieke genres, doelgroep en werkvorm blijven afzonderlijk."
"LS1000-0787","The postman always rings twice","James M. Cain","1934","Detectives & misdaadfictie","Mystery & Crime Fiction","","volwassenen","roman","ZEKER","AI_KENNIS_HERBEOORDEELD","Herkenbare misdaad- of thrillertitel met brede publiekswaarde.","https://openlibrary.org/works/OL3480719W | https://lumisco.re/book/603","2026-09-30","603","aanwezig","Open Library Work: OL3480719W; ISBN-13: 9781883402181","bevestigd","P3","Inhoudelijke AI-herbeoordeling van dit werk; geen auteur-/titelwoordregel. NL/EN verwijzen naar dezelfde categorie-ID. Redactionele AI-indeling; geen HIGH-evidence of menselijke beoordeling. Aanvullende genres opnieuw inhoudelijk afgewogen; uitsluitend canonieke genres, doelgroep en werkvorm blijven afzonderlijk."
"LS1000-0788","The Purloined Letter","Edgar Allan Poe","1844","Detectives & misdaadfictie","Mystery & Crime Fiction","","volwassenen","kort verhaal","WAARSCHIJNLIJK","AI_KENNIS_HERBEOORDEELD","Veeluitgegeven misdaad- of thrillerwerk dat nog in de LumiScore-catalogus ontbreekt.","https://openlibrary.org/works/OL41065W | https://openlibrary.org/subjects/mystery_and_detective_stories","2026-09-30","","ontbreekt","Open Library Work: OL41065W; ISBN-13: 9781721065066","niet gevonden","P2","Inhoudelijke AI-herbeoordeling van dit werk; geen auteur-/titelwoordregel. NL/EN verwijzen naar dezelfde categorie-ID. Redactionele AI-indeling; geen HIGH-evidence of menselijke beoordeling. Aanvullende genres opnieuw inhoudelijk afgewogen; uitsluitend canonieke genres, doelgroep en werkvorm blijven afzonderlijk."
"LS1000-0789","The Rainmaker","John Grisham","1995","Thrillers & spanning","Thrillers & Suspense","","volwassenen","roman","ZEKER","AI_KENNIS_HERBEOORDEELD","Herkenbare misdaad- of thrillertitel met brede publiekswaarde.","https://openlibrary.org/works/OL77021W | https://lumisco.re/book/556","2026-09-30","556","aanwezig","Open Library Work: OL77021W; ISBN-13: 9781407059198","bevestigd","P3","Canoniek categoriemodel en stabiele NL/EN-labels. NL/EN verwijzen naar dezelfde categorie-ID. Redactionele AI-indeling; geen HIGH-evidence of menselijke beoordeling. Aanvullende genres opnieuw inhoudelijk afgewogen; uitsluitend canonieke genres, doelgroep en werkvorm blijven afzonderlijk."
"LS1000-0790","The Red House Mystery","A. A. Milne","1922","Detectives & misdaadfictie","Mystery & Crime Fiction","","volwassenen","roman","ZEKER","AI_KENNIS_HERBEOORDEELD","Herkenbare misdaad- of thrillertitel met brede publiekswaarde.","https://openlibrary.org/works/OL476846W | https://lumisco.re/book/641","2026-09-30","641","aanwezig","Open Library Work: OL476846W; ISBN-13: 9780871291158","niet gevonden","P3","Inhoudelijke AI-herbeoordeling van dit werk; geen auteur-/titelwoordregel. NL/EN verwijzen naar dezelfde categorie-ID. Redactionele AI-indeling; geen HIGH-evidence of menselijke beoordeling. Aanvullende genres opnieuw inhoudelijk afgewogen; uitsluitend canonieke genres, doelgroep en werkvorm blijven afzonderlijk."
"LS1000-0791","The Riddle of the Sands","Erskine Childers","1903","Thrillers & spanning","Thrillers & Suspense","","volwassenen","roman","WAARSCHIJNLIJK","AI_KENNIS_HERBEOORDEELD","Veeluitgegeven misdaad- of thrillerwerk dat nog in de LumiScore-catalogus ontbreekt.","https://openlibrary.org/works/OL23797W | https://openlibrary.org/subjects/thriller","2026-09-30","","ontbreekt","Open Library Work: OL23797W; ISBN-13: 9798667342298","niet gevonden","P2","Canoniek categoriemodel en stabiele NL/EN-labels. NL/EN verwijzen naar dezelfde categorie-ID. Redactionele AI-indeling; geen HIGH-evidence of menselijke beoordeling. Aanvullende genres opnieuw inhoudelijk afgewogen; uitsluitend canonieke genres, doelgroep en werkvorm blijven afzonderlijk."
"LS1000-0792","The Runaway Jury","John Grisham","1996","Thrillers & spanning","Thrillers & Suspense","","volwassenen","roman","ZEKER","AI_KENNIS_HERBEOORDEELD","Herkenbare misdaad- of thrillertitel met brede publiekswaarde.","https://openlibrary.org/works/OL76984W | https://lumisco.re/book/576","2026-09-30","576","aanwezig","Open Library Work: OL76984W; ISBN-13: 9781407059457","bevestigd","P3","Canoniek categoriemodel en stabiele NL/EN-labels. NL/EN verwijzen naar dezelfde categorie-ID. Redactionele AI-indeling; geen HIGH-evidence of menselijke beoordeling. Aanvullende genres opnieuw inhoudelijk afgewogen; uitsluitend canonieke genres, doelgroep en werkvorm blijven afzonderlijk."
"LS1000-0793","The Silent Patient","Alex Michaelides","2019","Thrillers & spanning","Thrillers & Suspense","","volwassenen","roman","ZEKER","AI_KENNIS_HERBEOORDEELD","Herkenbare misdaad- of thrillertitel met brede publiekswaarde.","https://openlibrary.org/works/OL19096402W | https://lumisco.re/book/571","2026-09-30","571","aanwezig","Open Library Work: OL19096402W; ISBN-13: 9781250301697","niet gevonden","P3","Canoniek categoriemodel en stabiele NL/EN-labels. NL/EN verwijzen naar dezelfde categorie-ID. AI-bibliografische correctie: oorspronkelijke publicatie in plaats van onjuist bron-/editiejaar; geen wijziging bestaand databasejaar. Redactionele AI-indeling; geen HIGH-evidence of menselijke beoordeling. Aanvullende genres opnieuw inhoudelijk afgewogen; uitsluitend canonieke genres, doelgroep en werkvorm blijven afzonderlijk."
"LS1000-0794","The Sittaford Mystery","Agatha Christie","1931","Detectives & misdaadfictie","Mystery & Crime Fiction","","volwassenen","roman","ZEKER","AI_KENNIS_HERBEOORDEELD","Herkenbare misdaad- of thrillertitel met brede publiekswaarde.","https://openlibrary.org/works/OL471664W | https://lumisco.re/book/586","2026-09-30","586","aanwezig","Open Library Work: OL471664W; ISBN-13: 9780553350241","niet gevonden","P3","Inhoudelijke AI-herbeoordeling van dit werk; geen auteur-/titelwoordregel. NL/EN verwijzen naar dezelfde categorie-ID. Redactionele AI-indeling; geen HIGH-evidence of menselijke beoordeling. Aanvullende genres opnieuw inhoudelijk afgewogen; uitsluitend canonieke genres, doelgroep en werkvorm blijven afzonderlijk."
"LS1000-0795","The Spy Who Came in from the Cold","John le Carré","1963","Thrillers & spanning","Thrillers & Suspense","","volwassenen","roman","ZEKER","AI_KENNIS_HERBEOORDEELD","Herkenbare misdaad- of thrillertitel met brede publiekswaarde.","https://openlibrary.org/works/OL15723140W | https://lumisco.re/book/120","2026-09-30","120","aanwezig","Open Library Work: OL15723140W; ISBN-13: 9780802714541","niet gevonden","P3","Canoniek categoriemodel en stabiele NL/EN-labels. NL/EN verwijzen naar dezelfde categorie-ID. AI-bibliografische correctie: oorspronkelijke publicatie in plaats van onjuist bron-/editiejaar; geen wijziging bestaand databasejaar. Redactionele AI-indeling; geen HIGH-evidence of menselijke beoordeling. Aanvullende genres opnieuw inhoudelijk afgewogen; uitsluitend canonieke genres, doelgroep en werkvorm blijven afzonderlijk."
"LS1000-0796","The Surgeon","Tess Gerritsen","2001","Thrillers & spanning","Thrillers & Suspense","","volwassenen","roman","ZEKER","AI_KENNIS_HERBEOORDEELD","Herkenbare misdaad- of thrillertitel met brede publiekswaarde.","https://openlibrary.org/works/OL14871640W | https://lumisco.re/book/607","2026-09-30","607","aanwezig","Open Library Work: OL14871640W; ISBN-13: 9780739420416","bevestigd","P3","Canoniek categoriemodel en stabiele NL/EN-labels. NL/EN verwijzen naar dezelfde categorie-ID. Redactionele AI-indeling; geen HIGH-evidence of menselijke beoordeling. Aanvullende genres opnieuw inhoudelijk afgewogen; uitsluitend canonieke genres, doelgroep en werkvorm blijven afzonderlijk."
"LS1000-0797","The Talented Mr. Ripley","Patricia Highsmith","1955","Thrillers & spanning","Thrillers & Suspense","","volwassenen","roman","ZEKER","AI_KENNIS_HERBEOORDEELD","Herkenbare misdaad- of thrillertitel met brede publiekswaarde.","https://openlibrary.org/works/OL59434W | https://lumisco.re/book/52","2026-09-30","52","aanwezig","Open Library Work: OL59434W; ISBN-13: 9780393332148","niet gevonden","P3","Canoniek categoriemodel en stabiele NL/EN-labels. NL/EN verwijzen naar dezelfde categorie-ID. Redactionele AI-indeling; geen HIGH-evidence of menselijke beoordeling. Aanvullende genres opnieuw inhoudelijk afgewogen; uitsluitend canonieke genres, doelgroep en werkvorm blijven afzonderlijk."
"LS1000-0798","The Thursday Murder Club","Richard Osman","2020","Detectives & misdaadfictie","Mystery & Crime Fiction","","volwassenen","roman","ZEKER","AI_KENNIS_HERBEOORDEELD","Recente, reeds verschenen titel die de selectie actueel en veelzijdig houdt.","https://openlibrary.org/works/OL20878311W | https://lumisco.re/book/652","2026-09-30","652","aanwezig","Open Library Work: OL20878311W; ISBN-13: 9781984880963","niet gevonden","P3","Inhoudelijke AI-herbeoordeling van dit werk; geen auteur-/titelwoordregel. NL/EN verwijzen naar dezelfde categorie-ID. Redactionele AI-indeling; geen HIGH-evidence of menselijke beoordeling. Aanvullende genres opnieuw inhoudelijk afgewogen; uitsluitend canonieke genres, doelgroep en werkvorm blijven afzonderlijk."
"LS1000-0799","The Wife Upstairs","Freida McFadden","2020","Thrillers & spanning","Thrillers & Suspense","","volwassenen","roman","ZEKER","AI_KENNIS_HERBEOORDEELD","Recente, reeds verschenen titel die de selectie actueel en veelzijdig houdt.","https://openlibrary.org/works/OL26121595W | https://lumisco.re/book/589","2026-09-30","589","aanwezig","Open Library Work: OL26121595W; ISBN-13: 9798645358082","bevestigd","P3","Canoniek categoriemodel en stabiele NL/EN-labels. NL/EN verwijzen naar dezelfde categorie-ID. Redactionele AI-indeling; geen HIGH-evidence of menselijke beoordeling. Aanvullende genres opnieuw inhoudelijk afgewogen; uitsluitend canonieke genres, doelgroep en werkvorm blijven afzonderlijk."
"LS1000-0800","The Woman in the Window","A. J. Finn","2018","Thrillers & spanning","Thrillers & Suspense","","volwassenen","roman","ZEKER","AI_KENNIS_HERBEOORDEELD","Herkenbare misdaad- of thrillertitel met brede publiekswaarde.","https://openlibrary.org/works/OL18147682W | https://lumisco.re/book/581","2026-09-30","581","aanwezig","Open Library Work: OL18147682W; ISBN-13: 9780062678416","niet gevonden","P3","Canoniek categoriemodel en stabiele NL/EN-labels. NL/EN verwijzen naar dezelfde categorie-ID. AI-bibliografische correctie: oorspronkelijke publicatie in plaats van onjuist bron-/editiejaar; geen wijziging bestaand databasejaar. Redactionele AI-indeling; geen HIGH-evidence of menselijke beoordeling. Aanvullende genres opnieuw inhoudelijk afgewogen; uitsluitend canonieke genres, doelgroep en werkvorm blijven afzonderlijk."
"LS1000-0801","They Came to Baghdad","Agatha Christie","1951","Thrillers & spanning","Thrillers & Suspense","","volwassenen","roman","ZEKER","AI_KENNIS_HERBEOORDEELD","Herkenbare misdaad- of thrillertitel met brede publiekswaarde.","https://openlibrary.org/works/OL472215W | https://lumisco.re/book/622","2026-09-30","622","aanwezig","Open Library Work: OL472215W; ISBN-13: 9780060593605","niet gevonden","P3","Canoniek categoriemodel en stabiele NL/EN-labels. NL/EN verwijzen naar dezelfde categorie-ID. Redactionele AI-indeling; geen HIGH-evidence of menselijke beoordeling. Aanvullende genres opnieuw inhoudelijk afgewogen; uitsluitend canonieke genres, doelgroep en werkvorm blijven afzonderlijk."
"LS1000-0802","Tom Sawyer, Detective","Mark Twain","1896","Detectives & misdaadfictie","Mystery & Crime Fiction","","volwassenen","roman","WAARSCHIJNLIJK","AI_KENNIS_HERBEOORDEELD","Veeluitgegeven misdaad- of thrillerwerk dat nog in de LumiScore-catalogus ontbreekt.","https://openlibrary.org/works/OL54147W | https://openlibrary.org/subjects/mystery_and_detective_stories","2026-09-30","","ontbreekt","Open Library Work: OL54147W; ISBN-13: 9798488723511","niet gevonden","P2","Inhoudelijke AI-herbeoordeling van dit werk; geen auteur-/titelwoordregel. NL/EN verwijzen naar dezelfde categorie-ID. AI-bibliografische correctie: oorspronkelijke publicatie in plaats van onjuist bron-/editiejaar; geen wijziging bestaand databasejaar. Redactionele AI-indeling; geen HIGH-evidence of menselijke beoordeling. Aanvullende genres opnieuw inhoudelijk afgewogen; uitsluitend canonieke genres, doelgroep en werkvorm blijven afzonderlijk."
"LS1000-0803","Treasure","Clive Cussler","1988","Thrillers & spanning","Thrillers & Suspense","","volwassenen","roman","ZEKER","AI_KENNIS_HERBEOORDEELD","Herkenbare misdaad- of thrillertitel met brede publiekswaarde.","https://openlibrary.org/works/OL84919W | https://lumisco.re/book/626","2026-09-30","626","aanwezig","Open Library Work: OL84919W; ISBN-13: 9780671670191","niet gevonden","P3","Canoniek categoriemodel en stabiele NL/EN-labels. NL/EN verwijzen naar dezelfde categorie-ID. Redactionele AI-indeling; geen HIGH-evidence of menselijke beoordeling. Aanvullende genres opnieuw inhoudelijk afgewogen; uitsluitend canonieke genres, doelgroep en werkvorm blijven afzonderlijk."
"LS1000-0804","Two for the dough","Janet Evanovich","1996","Detectives & misdaadfictie","Mystery & Crime Fiction","","volwassenen","roman","ZEKER","AI_KENNIS_HERBEOORDEELD","Herkenbare misdaad- of thrillertitel met brede publiekswaarde.","https://openlibrary.org/works/OL48061W | https://lumisco.re/book/668","2026-09-30","668","aanwezig","Open Library Work: OL48061W; ISBN-13: 9780671001797","niet gevonden","P3","Inhoudelijke AI-herbeoordeling van dit werk; geen auteur-/titelwoordregel. NL/EN verwijzen naar dezelfde categorie-ID. Redactionele AI-indeling; geen HIGH-evidence of menselijke beoordeling. Aanvullende genres opnieuw inhoudelijk afgewogen; uitsluitend canonieke genres, doelgroep en werkvorm blijven afzonderlijk."
"LS1000-0805","Virgin","James Patterson","1980","Thrillers & spanning","Thrillers & Suspense","","volwassenen","roman","ZEKER","AI_KENNIS_HERBEOORDEELD","Herkenbare misdaad- of thrillertitel met brede publiekswaarde.","https://openlibrary.org/works/OL167167W | https://lumisco.re/book/591","2026-09-30","591","aanwezig","Open Library Work: OL167167W; ISBN-13: 9780613706988","niet gevonden","P3","Canoniek categoriemodel en stabiele NL/EN-labels. NL/EN verwijzen naar dezelfde categorie-ID. Redactionele AI-indeling; geen HIGH-evidence of menselijke beoordeling. Aanvullende genres opnieuw inhoudelijk afgewogen; uitsluitend canonieke genres, doelgroep en werkvorm blijven afzonderlijk."
"LS1000-0806","Voorbedacht","Loes den Hollander","2014","Thrillers & spanning","Thrillers & Suspense","","volwassenen","roman","ZEKER","AI_KENNIS_HERBEOORDEELD","Nederlandstalige of Vlaamse kernselectie met blijvende lees- en ontdekkingswaarde.","https://openlibrary.org/works/OL27280970W | https://lumisco.re/book/1095","2026-09-30","1095","aanwezig","Open Library Work: OL27280970W; ISBN-13: 9789045204987","bevestigd","P3","Canoniek categoriemodel en stabiele NL/EN-labels. NL/EN verwijzen naar dezelfde categorie-ID. Redactionele AI-indeling; geen HIGH-evidence of menselijke beoordeling. Aanvullende genres opnieuw inhoudelijk afgewogen; uitsluitend canonieke genres, doelgroep en werkvorm blijven afzonderlijk."
"LS1000-0807","Vrijdag","Loes den Hollander","2009","Thrillers & spanning","Thrillers & Suspense","","volwassenen","roman","ZEKER","AI_KENNIS_HERBEOORDEELD","Nederlandstalige of Vlaamse kernselectie met blijvende lees- en ontdekkingswaarde.","https://openlibrary.org/works/OL27677388W | https://lumisco.re/book/1092","2026-09-30","1092","aanwezig","Open Library Work: OL27677388W; ISBN-13: 9789061126195","bevestigd","P3","Canoniek categoriemodel en stabiele NL/EN-labels. NL/EN verwijzen naar dezelfde categorie-ID. Redactionele AI-indeling; geen HIGH-evidence of menselijke beoordeling. Aanvullende genres opnieuw inhoudelijk afgewogen; uitsluitend canonieke genres, doelgroep en werkvorm blijven afzonderlijk."
"LS1000-0808","Wachtwoord","Charles den Tex","2010","Thrillers & spanning","Thrillers & Suspense","","volwassenen","roman","ZEKER","AI_KENNIS_HERBEOORDEELD","Nederlandstalige of Vlaamse kernselectie met blijvende lees- en ontdekkingswaarde.","https://openlibrary.org/works/OL33763745W | https://lumisco.re/book/1098","2026-09-30","1098","aanwezig","Open Library Work: OL33763745W; ISBN-13: 9789044514308","niet onderzocht","P3","Canoniek categoriemodel en stabiele NL/EN-labels. NL/EN verwijzen naar dezelfde categorie-ID. Redactionele AI-indeling; geen HIGH-evidence of menselijke beoordeling. Aanvullende genres opnieuw inhoudelijk afgewogen; uitsluitend canonieke genres, doelgroep en werkvorm blijven afzonderlijk."
"LS1000-0809","We need to talk about Kevin","Lionel Shriver","2003","Literaire & algemene fictie","Literary & General Fiction","","volwassenen","roman","ZEKER","AI_KENNIS_HERBEOORDEELD","Herkenbare misdaad- of thrillertitel met brede publiekswaarde.","https://openlibrary.org/works/OL3359138W | https://lumisco.re/book/579","2026-09-30","579","aanwezig","Open Library Work: OL3359138W; ISBN-13: 9781852424671","niet gevonden","P3","Inhoudelijke AI-herbeoordeling van dit werk; geen auteur-/titelwoordregel. NL/EN verwijzen naar dezelfde categorie-ID. Redactionele AI-indeling; geen HIGH-evidence of menselijke beoordeling. Aanvullende genres opnieuw inhoudelijk afgewogen; uitsluitend canonieke genres, doelgroep en werkvorm blijven afzonderlijk."
"LS1000-0810","Where Are the Children?","Mary Higgins Clark","1975","Detectives & misdaadfictie","Mystery & Crime Fiction","","volwassenen","roman","ZEKER","AI_KENNIS_HERBEOORDEELD","Herkenbare misdaad- of thrillertitel met brede publiekswaarde.","https://openlibrary.org/works/OL12992W | https://lumisco.re/book/564","2026-09-30","564","aanwezig","Open Library Work: OL12992W; ISBN-13: 9780743206112","niet gevonden","P3","Inhoudelijke AI-herbeoordeling van dit werk; geen auteur-/titelwoordregel. NL/EN verwijzen naar dezelfde categorie-ID. Redactionele AI-indeling; geen HIGH-evidence of menselijke beoordeling. Aanvullende genres opnieuw inhoudelijk afgewogen; uitsluitend canonieke genres, doelgroep en werkvorm blijven afzonderlijk."
"LS1000-0811","Where the Crawdads Sing","Delia Owens","2018","Thrillers & spanning","Thrillers & Suspense","","volwassenen","roman","ZEKER","AI_KENNIS_HERBEOORDEELD","Herkenbare misdaad- of thrillertitel met brede publiekswaarde.","https://openlibrary.org/works/OL18766691W | https://lumisco.re/book/114","2026-09-30","114","aanwezig","Open Library Work: OL18766691W; ISBN-13: 9780735219090","bevestigd","P3","Canoniek categoriemodel en stabiele NL/EN-labels. NL/EN verwijzen naar dezelfde categorie-ID. Redactionele AI-indeling; geen HIGH-evidence of menselijke beoordeling. Aanvullende genres opnieuw inhoudelijk afgewogen; uitsluitend canonieke genres, doelgroep en werkvorm blijven afzonderlijk."
"LS1000-0812","Why Didn't they Ask Evans?","Agatha Christie","1934","Detectives & misdaadfictie","Mystery & Crime Fiction","","volwassenen","roman","WAARSCHIJNLIJK","AI_KENNIS_HERBEOORDEELD","Veeluitgegeven misdaad- of thrillerwerk dat nog in de LumiScore-catalogus ontbreekt.","https://openlibrary.org/works/OL472388W | https://openlibrary.org/subjects/mystery_and_detective_stories","2026-09-30","","ontbreekt","Open Library Work: OL472388W; ISBN-13: 9785170124749","niet gevonden","P2","Inhoudelijke AI-herbeoordeling van dit werk; geen auteur-/titelwoordregel. NL/EN verwijzen naar dezelfde categorie-ID. Redactionele AI-indeling; geen HIGH-evidence of menselijke beoordeling. Aanvullende genres opnieuw inhoudelijk afgewogen; uitsluitend canonieke genres, doelgroep en werkvorm blijven afzonderlijk."
"LS1000-0813","Without Remorse","Tom Clancy","1993","Thrillers & spanning","Thrillers & Suspense","","volwassenen","roman","ZEKER","AI_KENNIS_HERBEOORDEELD","Herkenbare misdaad- of thrillertitel met brede publiekswaarde.","https://openlibrary.org/works/OL448973W | https://lumisco.re/book/584","2026-09-30","584","aanwezig","Open Library Work: OL448973W; ISBN-13: 9780399138256","niet gevonden","P3","Canoniek categoriemodel en stabiele NL/EN-labels. NL/EN verwijzen naar dezelfde categorie-ID. Redactionele AI-indeling; geen HIGH-evidence of menselijke beoordeling. Aanvullende genres opnieuw inhoudelijk afgewogen; uitsluitend canonieke genres, doelgroep en werkvorm blijven afzonderlijk."
"LS1000-0814","Zwanenzang","Loes den Hollander","2007","Thrillers & spanning","Thrillers & Suspense","","volwassenen","roman","ZEKER","AI_KENNIS_HERBEOORDEELD","Nederlandstalige of Vlaamse kernselectie met blijvende lees- en ontdekkingswaarde.","https://openlibrary.org/works/OL28166179W | https://lumisco.re/book/1093","2026-09-30","1093","aanwezig","Open Library Work: OL28166179W; ISBN-13: 9789061122166","bevestigd","P3","Canoniek categoriemodel en stabiele NL/EN-labels. NL/EN verwijzen naar dezelfde categorie-ID. Redactionele AI-indeling; geen HIGH-evidence of menselijke beoordeling. Aanvullende genres opnieuw inhoudelijk afgewogen; uitsluitend canonieke genres, doelgroep en werkvorm blijven afzonderlijk."
"LS1000-0815","A Room with a View","E. M. Forster","1908","Literaire & algemene fictie","Literary & General Fiction","","volwassenen","roman","ZEKER","AI_KENNIS_HERBEOORDEELD","Toegankelijke publieksfavoriet die romantiek en feelgood vertegenwoordigt.","https://openlibrary.org/works/OL88813W | https://lumisco.re/book/70","2026-09-30","70","aanwezig","Open Library Work: OL88813W; ISBN-13: 9798522557324","niet gevonden","P3","Inhoudelijke AI-herbeoordeling van dit werk; geen auteur-/titelwoordregel. NL/EN verwijzen naar dezelfde categorie-ID. AI-bibliografische correctie: oorspronkelijke publicatie in plaats van onjuist bron-/editiejaar; geen wijziging bestaand databasejaar. Redactionele AI-indeling; geen HIGH-evidence of menselijke beoordeling. Aanvullende genres opnieuw inhoudelijk afgewogen; uitsluitend canonieke genres, doelgroep en werkvorm blijven afzonderlijk."
"LS1000-0816","After","Anna Todd","2014","Romantiek","Romance","","volwassenen","roman","ZEKER","AI_KENNIS_HERBEOORDEELD","Toegankelijke publieksfavoriet die romantiek en feelgood vertegenwoordigt.","https://openlibrary.org/works/OL17719508W | https://lumisco.re/book/693","2026-09-30","693","aanwezig","Open Library Work: OL17719508W; ISBN-13: 9781476792484","niet gevonden","P3","Redactionele AI-indeling; geen HIGH-evidence of menselijke beoordeling. Aanvullende genres opnieuw inhoudelijk afgewogen; uitsluitend canonieke genres, doelgroep en werkvorm blijven afzonderlijk."
"LS1000-0817","After You","Jojo Moyes","2015","Romantiek","Romance","","volwassenen","roman","ZEKER","AI_KENNIS_HERBEOORDEELD","Toegankelijke publieksfavoriet die romantiek en feelgood vertegenwoordigt.","https://openlibrary.org/works/OL28347181W | https://lumisco.re/book/694","2026-09-30","694","aanwezig","Open Library Work: OL28347181W; ISBN-13: 9780525426592","niet gevonden","P3","AI-bibliografische correctie: oorspronkelijke publicatie in plaats van onjuist bron-/editiejaar; geen wijziging bestaand databasejaar. Redactionele AI-indeling; geen HIGH-evidence of menselijke beoordeling. Aanvullende genres opnieuw inhoudelijk afgewogen; uitsluitend canonieke genres, doelgroep en werkvorm blijven afzonderlijk."
"LS1000-0818","All the Bright Places","Jennifer Niven","2015","Romantiek","Romance","","jeugd","roman","ZEKER","AI_KENNIS_HERBEOORDEELD","Bekende jeugd- of YA-titel met blijvende ontdekkingswaarde.","https://openlibrary.org/works/OL17323489W | https://lumisco.re/book/470","2026-09-30","470","aanwezig","Open Library Work: OL17323489W; ISBN-13: 9780385755887","niet gevonden","P3","AI-bibliografische correctie: oorspronkelijke publicatie in plaats van onjuist bron-/editiejaar; geen wijziging bestaand databasejaar. Redactionele AI-indeling; geen HIGH-evidence of menselijke beoordeling. Aanvullende genres opnieuw inhoudelijk afgewogen; uitsluitend canonieke genres, doelgroep en werkvorm blijven afzonderlijk."
"LS1000-0819","All your perfects","Colleen Hoover","2018","Romantiek","Romance","","volwassenen","roman","ZEKER","AI_KENNIS_HERBEOORDEELD","Toegankelijke publieksfavoriet die romantiek en feelgood vertegenwoordigt.","https://openlibrary.org/works/OL19747970W | https://lumisco.re/book/691","2026-09-30","691","aanwezig","Open Library Work: OL19747970W; ISBN-13: 9781925640670","niet gevonden","P3","Redactionele AI-indeling; geen HIGH-evidence of menselijke beoordeling. Aanvullende genres opnieuw inhoudelijk afgewogen; uitsluitend canonieke genres, doelgroep en werkvorm blijven afzonderlijk."
"LS1000-0820","Archer's Voice","Mia Sheridan","2014","Romantiek","Romance","","volwassenen","roman","ZEKER","AI_KENNIS_HERBEOORDEELD","Toegankelijke publieksfavoriet die romantiek en feelgood vertegenwoordigt.","https://openlibrary.org/works/OL20669844W | https://lumisco.re/book/677","2026-09-30","677","aanwezig","Open Library Work: OL20669844W; ISBN-13: 9781538727355","niet gevonden","P3","Redactionele AI-indeling; geen HIGH-evidence of menselijke beoordeling. Aanvullende genres opnieuw inhoudelijk afgewogen; uitsluitend canonieke genres, doelgroep en werkvorm blijven afzonderlijk."
"LS1000-0821","Better Than the Movies","Lynn Painter","2021","Romantiek","Romance","","young adult","roman","ZEKER","AI_KENNIS_HERBEOORDEELD","Recente, reeds verschenen titel die de selectie actueel en veelzijdig houdt.","https://openlibrary.org/works/OL24542623W | https://lumisco.re/book/460","2026-09-30","460","aanwezig","Open Library Work: OL24542623W; ISBN-13: 9781534467644","niet gevonden","P3","Redactionele AI-indeling; geen HIGH-evidence of menselijke beoordeling. Aanvullende genres opnieuw inhoudelijk afgewogen; uitsluitend canonieke genres, doelgroep en werkvorm blijven afzonderlijk."
"LS1000-0822","Black Rose","Nora Roberts","2005","Romantiek","Romance","Fantasy","volwassenen","roman","ZEKER","AI_KENNIS_HERBEOORDEELD","Toegankelijke publieksfavoriet die romantiek en feelgood vertegenwoordigt.","https://openlibrary.org/works/OL111418W | https://lumisco.re/book/726","2026-09-30","726","aanwezig","Open Library Work: OL111418W; ISBN-13: 9780739454626","niet gevonden","P3","Redactionele AI-indeling; geen HIGH-evidence of menselijke beoordeling. Aanvullende genres opnieuw inhoudelijk afgewogen; uitsluitend canonieke genres, doelgroep en werkvorm blijven afzonderlijk."
"LS1000-0823","Black Ties and White Lies","Kat Singleton","2023","Romantiek","Romance","","volwassenen","roman","ZEKER","AI_KENNIS_HERBEOORDEELD","Recente, reeds verschenen titel die de selectie actueel en veelzijdig houdt.","https://openlibrary.org/works/OL34265902W | https://lumisco.re/book/678","2026-09-30","678","aanwezig","Open Library Work: OL34265902W; ISBN-13: 9781958292068","niet gevonden","P3","Redactionele AI-indeling; geen HIGH-evidence of menselijke beoordeling. Aanvullende genres opnieuw inhoudelijk afgewogen; uitsluitend canonieke genres, doelgroep en werkvorm blijven afzonderlijk."
"LS1000-0824","Blackmail","Penny Jordan","1982","Romantiek","Romance","","volwassenen","roman","ZEKER","AI_KENNIS_HERBEOORDEELD","Toegankelijke publieksfavoriet die romantiek en feelgood vertegenwoordigt.","https://openlibrary.org/works/OL11327982W | https://lumisco.re/book/704","2026-09-30","704","aanwezig","Open Library Work: OL11327982W; ISBN-13: 9780373630653","niet gevonden","P3","Redactionele AI-indeling; geen HIGH-evidence of menselijke beoordeling. Aanvullende genres opnieuw inhoudelijk afgewogen; uitsluitend canonieke genres, doelgroep en werkvorm blijven afzonderlijk."
"LS1000-0825","Book Lovers","Emily Henry","2022","Romantiek","Romance","","volwassenen","roman","ZEKER","AI_KENNIS_HERBEOORDEELD","Recente, reeds verschenen titel die de selectie actueel en veelzijdig houdt.","https://openlibrary.org/works/OL24801992W | https://lumisco.re/book/774","2026-09-30","774","aanwezig","Open Library Work: OL24801992W; ISBN-13: 9780241995341","bevestigd","P3","Redactionele AI-indeling; geen HIGH-evidence of menselijke beoordeling. Aanvullende genres opnieuw inhoudelijk afgewogen; uitsluitend canonieke genres, doelgroep en werkvorm blijven afzonderlijk."
"LS1000-0826","Brida","Paulo Coelho","1990","Fantasy","Fantasy","","volwassenen","roman","ZEKER","AI_KENNIS_HERBEOORDEELD","Toegankelijke publieksfavoriet die romantiek en feelgood vertegenwoordigt.","https://openlibrary.org/works/OL796480W | https://lumisco.re/book/729","2026-09-30","729","aanwezig","Open Library Work: OL796480W; ISBN-13: 9780061578939","niet gevonden","P3","Inhoudelijke AI-herbeoordeling van dit werk; geen auteur-/titelwoordregel. NL/EN verwijzen naar dezelfde categorie-ID. Redactionele AI-indeling; geen HIGH-evidence of menselijke beoordeling. Aanvullende genres opnieuw inhoudelijk afgewogen; uitsluitend canonieke genres, doelgroep en werkvorm blijven afzonderlijk."
"LS1000-0827","Call Me by Your Name","André Aciman","2007","Literaire & algemene fictie","Literary & General Fiction","","volwassenen","roman","ZEKER","AI_KENNIS_HERBEOORDEELD","Toegankelijke publieksfavoriet die romantiek en feelgood vertegenwoordigt.","https://openlibrary.org/works/OL8034526W | https://lumisco.re/book/75","2026-09-30","75","aanwezig","Open Library Work: OL8034526W; ISBN-13: 9780374299217","niet gevonden","P3","Inhoudelijke AI-herbeoordeling van dit werk; geen auteur-/titelwoordregel. NL/EN verwijzen naar dezelfde categorie-ID. Redactionele AI-indeling; geen HIGH-evidence of menselijke beoordeling. Aanvullende genres opnieuw inhoudelijk afgewogen; uitsluitend canonieke genres, doelgroep en werkvorm blijven afzonderlijk."
"LS1000-0828","Confess","Colleen Hoover","2015","Romantiek","Romance","","volwassenen","roman","ZEKER","AI_KENNIS_HERBEOORDEELD","Toegankelijke publieksfavoriet die romantiek en feelgood vertegenwoordigt.","https://openlibrary.org/works/OL19998163W | https://lumisco.re/book/692","2026-09-30","692","aanwezig","Open Library Work: OL19998163W; ISBN-13: 9781476791456","niet gevonden","P3","Redactionele AI-indeling; geen HIGH-evidence of menselijke beoordeling. Aanvullende genres opnieuw inhoudelijk afgewogen; uitsluitend canonieke genres, doelgroep en werkvorm blijven afzonderlijk."
"LS1000-0829","Corrupt","Penelope Douglas","2015","Romantiek","Romance","","volwassenen","roman","ZEKER","AI_KENNIS_HERBEOORDEELD","Toegankelijke publieksfavoriet die romantiek en feelgood vertegenwoordigt.","https://openlibrary.org/works/OL20893778W | https://lumisco.re/book/700","2026-09-30","700","aanwezig","Open Library Work: OL20893778W; ISBN-13: 9781518783876","niet gevonden","P3","Redactionele AI-indeling; geen HIGH-evidence of menselijke beoordeling. Aanvullende genres opnieuw inhoudelijk afgewogen; uitsluitend canonieke genres, doelgroep en werkvorm blijven afzonderlijk."
"LS1000-0830","Crazy Rich Asians","Kevin Kwan","2013","Romantiek","Romance","","volwassenen","roman","ZEKER","AI_KENNIS_HERBEOORDEELD","Toegankelijke publieksfavoriet die romantiek en feelgood vertegenwoordigt.","https://openlibrary.org/works/OL17924837W | https://lumisco.re/book/680","2026-09-30","680","aanwezig","Open Library Work: OL17924837W; ISBN-13: 9780385536974","niet gevonden","P3","Redactionele AI-indeling; geen HIGH-evidence of menselijke beoordeling. Aanvullende genres opnieuw inhoudelijk afgewogen; uitsluitend canonieke genres, doelgroep en werkvorm blijven afzonderlijk."
"LS1000-0831","Dance Upon the Air","Nora Roberts","2001","Romantiek","Romance","","volwassenen","roman","WAARSCHIJNLIJK","AI_KENNIS_HERBEOORDEELD","Toegankelijke publieksfavoriet die romantiek en feelgood vertegenwoordigt.","https://openlibrary.org/works/OL111597W | https://lumisco.re/book/679","2026-09-30","679","aanwezig","Open Library Work: OL111597W; ISBN-13: 9780739417928","niet gevonden","P3","Oorspronkelijke notitie (niet overgenomen als regel): Publicatiejaar verschilt tussen de kandidaatbron (2001) en Open Library (1902); Open Library-jaar gebruikt. AI-bibliografische correctie: oorspronkelijke publicatie in plaats van onjuist bron-/editiejaar; geen wijziging bestaand databasejaar. Redactionele AI-indeling; geen HIGH-evidence of menselijke beoordeling. Aanvullende genres opnieuw inhoudelijk afgewogen; uitsluitend canonieke genres, doelgroep en werkvorm blijven afzonderlijk."
"LS1000-0832","Dark Witch","Nora Roberts","2013","Romantiek","Romance","Fantasy","volwassenen","roman","ZEKER","AI_KENNIS_HERBEOORDEELD","Toegankelijke publieksfavoriet die romantiek en feelgood vertegenwoordigt.","https://openlibrary.org/works/OL17116778W | https://lumisco.re/book/689","2026-09-30","689","aanwezig","Open Library Work: OL17116778W; ISBN-13: 9780749958596","niet gevonden","P3","Redactionele AI-indeling; geen HIGH-evidence of menselijke beoordeling. Aanvullende genres opnieuw inhoudelijk afgewogen; uitsluitend canonieke genres, doelgroep en werkvorm blijven afzonderlijk."
"LS1000-0833","De weduwnaar","Kluun","2006","Literaire & algemene fictie","Literary & General Fiction","","volwassenen","roman","ZEKER","AI_KENNIS_HERBEOORDEELD","Nederlandstalige of Vlaamse kernselectie met blijvende lees- en ontdekkingswaarde.","https://openlibrary.org/works/OL26189493W | https://lumisco.re/book/1179","2026-09-30","1179","aanwezig","Open Library Work: OL26189493W; ISBN-13: 9789057592478","bevestigd","P3","Inhoudelijke AI-herbeoordeling van dit werk; geen auteur-/titelwoordregel. NL/EN verwijzen naar dezelfde categorie-ID. Redactionele AI-indeling; geen HIGH-evidence of menselijke beoordeling. Aanvullende genres opnieuw inhoudelijk afgewogen; uitsluitend canonieke genres, doelgroep en werkvorm blijven afzonderlijk."
"LS1000-0834","Enkeltje Ierland","Charlotte de Monchy","2016","Romantiek","Romance","","volwassenen","roman","ZEKER","AI_KENNIS_HERBEOORDEELD","Nederlandstalige of Vlaamse kernselectie met blijvende lees- en ontdekkingswaarde.","https://openlibrary.org/works/OL24400584W | https://lumisco.re/book/1190","2026-09-30","1190","aanwezig","Open Library Work: OL24400584W; ISBN-13: 9789022572504","niet onderzocht","P3","Redactionele AI-indeling; geen HIGH-evidence of menselijke beoordeling. Aanvullende genres opnieuw inhoudelijk afgewogen; uitsluitend canonieke genres, doelgroep en werkvorm blijven afzonderlijk."
"LS1000-0835","Every Summer After","Carley Fortune","2022","Romantiek","Romance","","volwassenen","roman","ZEKER","AI_KENNIS_HERBEOORDEELD","Recente, reeds verschenen titel die de selectie actueel en veelzijdig houdt.","https://openlibrary.org/works/OL25960185W | https://lumisco.re/book/721","2026-09-30","721","aanwezig","Open Library Work: OL25960185W; ISBN-13: 9780593438534","niet gevonden","P3","Redactionele AI-indeling; geen HIGH-evidence of menselijke beoordeling. Aanvullende genres opnieuw inhoudelijk afgewogen; uitsluitend canonieke genres, doelgroep en werkvorm blijven afzonderlijk."
"LS1000-0836","Everything, Everything","Nicola Yoon","2015","Romantiek","Romance","","jeugd","roman","ZEKER","AI_KENNIS_HERBEOORDEELD","Bekende jeugd- of YA-titel met blijvende ontdekkingswaarde.","https://openlibrary.org/works/OL17843967W | https://lumisco.re/book/484","2026-09-30","484","aanwezig","Open Library Work: OL17843967W; ISBN-13: 9780553496673","niet gevonden","P3","Redactionele AI-indeling; geen HIGH-evidence of menselijke beoordeling. Aanvullende genres opnieuw inhoudelijk afgewogen; uitsluitend canonieke genres, doelgroep en werkvorm blijven afzonderlijk."
"LS1000-0837","Face the Fire","Nora Roberts","2002","Romantiek","Romance","Fantasy","volwassenen","roman","ZEKER","AI_KENNIS_HERBEOORDEELD","Toegankelijke publieksfavoriet die romantiek en feelgood vertegenwoordigt.","https://openlibrary.org/works/OL111433W | https://lumisco.re/book/686","2026-09-30","686","aanwezig","Open Library Work: OL111433W; ISBN-13: 9780739426067","niet gevonden","P3","Redactionele AI-indeling; geen HIGH-evidence of menselijke beoordeling. Aanvullende genres opnieuw inhoudelijk afgewogen; uitsluitend canonieke genres, doelgroep en werkvorm blijven afzonderlijk."
"LS1000-0838","Fifty Shades Darker","E. L. James","2011","Romantiek","Romance","","volwassenen","roman","ZEKER","AI_KENNIS_HERBEOORDEELD","Toegankelijke publieksfavoriet die romantiek en feelgood vertegenwoordigt.","https://openlibrary.org/works/OL16550681W | https://lumisco.re/book/673","2026-09-30","673","aanwezig","Open Library Work: OL16550681W; ISBN-13: 9780345803498","niet gevonden","P3","Redactionele AI-indeling; geen HIGH-evidence of menselijke beoordeling. Aanvullende genres opnieuw inhoudelijk afgewogen; uitsluitend canonieke genres, doelgroep en werkvorm blijven afzonderlijk."
"LS1000-0839","Fifty Shades Freed","E. L. James","2012","Romantiek","Romance","","volwassenen","roman","ZEKER","AI_KENNIS_HERBEOORDEELD","Toegankelijke publieksfavoriet die romantiek en feelgood vertegenwoordigt.","https://openlibrary.org/works/OL16550682W | https://lumisco.re/book/698","2026-09-30","698","aanwezig","Open Library Work: OL16550682W; ISBN-13: 9780345803504","niet gevonden","P3","AI-bibliografische correctie: oorspronkelijke publicatie in plaats van onjuist bron-/editiejaar; geen wijziging bestaand databasejaar. Redactionele AI-indeling; geen HIGH-evidence of menselijke beoordeling. Aanvullende genres opnieuw inhoudelijk afgewogen; uitsluitend canonieke genres, doelgroep en werkvorm blijven afzonderlijk."
"LS1000-0840","Fifty Shades of Grey","E. L. James","2011","Romantiek","Romance","","volwassenen","roman","ZEKER","AI_KENNIS_HERBEOORDEELD","Toegankelijke publieksfavoriet die romantiek en feelgood vertegenwoordigt.","https://openlibrary.org/works/OL16336633W | https://lumisco.re/book/672","2026-09-30","672","aanwezig","Open Library Work: OL16336633W; ISBN-13: 9781612130286","bevestigd","P3","AI-bibliografische correctie: oorspronkelijke publicatie in plaats van onjuist bron-/editiejaar; geen wijziging bestaand databasejaar. Redactionele AI-indeling; geen HIGH-evidence of menselijke beoordeling. Aanvullende genres opnieuw inhoudelijk afgewogen; uitsluitend canonieke genres, doelgroep en werkvorm blijven afzonderlijk."
"LS1000-0841","Framley Parsonage","Anthony Trollope","1861","Literaire & algemene fictie","Literary & General Fiction","","volwassenen","roman","WAARSCHIJNLIJK","AI_KENNIS_HERBEOORDEELD","Veeluitgegeven internationaal werk dat de redactionele breedte van de catalogus vergroot.","https://openlibrary.org/works/OL109880W | https://openlibrary.org/subjects/romance","2026-09-30","","ontbreekt","Open Library Work: OL109880W; ISBN-13: 9781433201202","niet gevonden","P2","Inhoudelijke AI-herbeoordeling van dit werk; geen auteur-/titelwoordregel. NL/EN verwijzen naar dezelfde categorie-ID. Redactionele AI-indeling; geen HIGH-evidence of menselijke beoordeling. Aanvullende genres opnieuw inhoudelijk afgewogen; uitsluitend canonieke genres, doelgroep en werkvorm blijven afzonderlijk."
"LS1000-0842","Fried Green Tomatoes at the Whistle Stop Cafe","Fannie Flagg","1987","Literaire & algemene fictie","Literary & General Fiction","","volwassenen","roman","ZEKER","AI_KENNIS_HERBEOORDEELD","Toegankelijke publieksfavoriet die romantiek en feelgood vertegenwoordigt.","https://openlibrary.org/works/OL31923W | https://lumisco.re/book/762","2026-09-30","762","aanwezig","Open Library Work: OL31923W; ISBN-13: 9780449911358","niet gevonden","P3","Inhoudelijke AI-herbeoordeling van dit werk; geen auteur-/titelwoordregel. NL/EN verwijzen naar dezelfde categorie-ID. Redactionele AI-indeling; geen HIGH-evidence of menselijke beoordeling. Aanvullende genres opnieuw inhoudelijk afgewogen; uitsluitend canonieke genres, doelgroep en werkvorm blijven afzonderlijk."
"LS1000-0843","Geknipt voor jou","Chantal van Gastel","2010","Romantiek","Romance","","volwassenen","roman","ZEKER","AI_KENNIS_HERBEOORDEELD","Nederlandstalige of Vlaamse kernselectie met blijvende lees- en ontdekkingswaarde.","https://openlibrary.org/works/OL33869770W | https://lumisco.re/book/1185","2026-09-30","1185","aanwezig","Open Library Work: OL33869770W; ISBN-13: 9789044328165","niet onderzocht","P3","Redactionele AI-indeling; geen HIGH-evidence of menselijke beoordeling. Aanvullende genres opnieuw inhoudelijk afgewogen; uitsluitend canonieke genres, doelgroep en werkvorm blijven afzonderlijk."
"LS1000-0844","Glazuur","Lisette Jonkman","2012","Romantiek","Romance","","volwassenen","roman","ZEKER","AI_KENNIS_HERBEOORDEELD","Nederlandstalige of Vlaamse kernselectie met blijvende lees- en ontdekkingswaarde.","https://openlibrary.org/works/OL26184739W | https://lumisco.re/book/1187","2026-09-30","1187","aanwezig","Open Library Work: OL26184739W; ISBN-13: 9789021806419","bevestigd","P3","Redactionele AI-indeling; geen HIGH-evidence of menselijke beoordeling. Aanvullende genres opnieuw inhoudelijk afgewogen; uitsluitend canonieke genres, doelgroep en werkvorm blijven afzonderlijk."
"LS1000-0845","God of Malice","Rina Kent","2022","Romantiek","Romance","","volwassenen","roman","ZEKER","AI_KENNIS_HERBEOORDEELD","Recente, reeds verschenen titel die de selectie actueel en veelzijdig houdt.","https://openlibrary.org/works/OL28181491W | https://lumisco.re/book/703","2026-09-30","703","aanwezig","Open Library Work: OL28181491W; ISBN-13: 9781685450984","niet gevonden","P3","Redactionele AI-indeling; geen HIGH-evidence of menselijke beoordeling. Aanvullende genres opnieuw inhoudelijk afgewogen; uitsluitend canonieke genres, doelgroep en werkvorm blijven afzonderlijk."
"LS1000-0846","God of Pain","Rina Kent","2022","Romantiek","Romance","","volwassenen","roman","ZEKER","AI_KENNIS_HERBEOORDEELD","Recente, reeds verschenen titel die de selectie actueel en veelzijdig houdt.","https://openlibrary.org/works/OL38042319W | https://lumisco.re/book/754","2026-09-30","754","aanwezig","Open Library Work: OL38042319W; ISBN-13: 9781685452032","niet gevonden","P3","Redactionele AI-indeling; geen HIGH-evidence of menselijke beoordeling. Aanvullende genres opnieuw inhoudelijk afgewogen; uitsluitend canonieke genres, doelgroep en werkvorm blijven afzonderlijk."
"LS1000-0847","Guess How Much I Love You","Sam McBratney","1994","Literaire & algemene fictie","Literary & General Fiction","","jeugd","roman","ZEKER","AI_KENNIS_HERBEOORDEELD","Bekende jeugd- of YA-titel met blijvende ontdekkingswaarde.","https://openlibrary.org/works/OL58402W | https://lumisco.re/book/459","2026-09-30","459","aanwezig","Open Library Work: OL58402W; ISBN-13: 9780763606169","bevestigd","P3","Inhoudelijke AI-herbeoordeling van dit werk; geen auteur-/titelwoordregel. NL/EN verwijzen naar dezelfde categorie-ID. Redactionele AI-indeling; geen HIGH-evidence of menselijke beoordeling. Aanvullende genres opnieuw inhoudelijk afgewogen; uitsluitend canonieke genres, doelgroep en werkvorm blijven afzonderlijk."
"LS1000-0848","Heated Rivalry","Rachel Reid","2019","Romantiek","Romance","","volwassenen","roman","ZEKER","AI_KENNIS_HERBEOORDEELD","Toegankelijke publieksfavoriet die romantiek en feelgood vertegenwoordigt.","https://openlibrary.org/works/OL25434351W | https://lumisco.re/book/701","2026-09-30","701","aanwezig","Open Library Work: OL25434351W; ISBN-13: 9781488051241","niet gevonden","P3","Redactionele AI-indeling; geen HIGH-evidence of menselijke beoordeling. Aanvullende genres opnieuw inhoudelijk afgewogen; uitsluitend canonieke genres, doelgroep en werkvorm blijven afzonderlijk."
"LS1000-0849","Heaven and Earth","Nora Roberts","2001","Romantiek","Romance","Fantasy","volwassenen","roman","ZEKER","AI_KENNIS_HERBEOORDEELD","Toegankelijke publieksfavoriet die romantiek en feelgood vertegenwoordigt.","https://openlibrary.org/works/OL111570W | https://lumisco.re/book/707","2026-09-30","707","aanwezig","Open Library Work: OL111570W; ISBN-13: 9780739421901","niet gevonden","P3","Redactionele AI-indeling; geen HIGH-evidence of menselijke beoordeling. Aanvullende genres opnieuw inhoudelijk afgewogen; uitsluitend canonieke genres, doelgroep en werkvorm blijven afzonderlijk."
"LS1000-0850","Hooked","Emily McIntire","2021","Romantiek","Romance","","volwassenen","roman","ZEKER","AI_KENNIS_HERBEOORDEELD","Recente, reeds verschenen titel die de selectie actueel en veelzijdig houdt.","https://openlibrary.org/works/OL25555522W | https://lumisco.re/book/714","2026-09-30","714","aanwezig","Open Library Work: OL25555522W; ISBN-13: 9781737508328","niet gevonden","P3","Redactionele AI-indeling; geen HIGH-evidence of menselijke beoordeling. Aanvullende genres opnieuw inhoudelijk afgewogen; uitsluitend canonieke genres, doelgroep en werkvorm blijven afzonderlijk."
"LS1000-0851","Hopeless","Colleen Hoover","2012","Romantiek","Romance","","volwassenen","roman","ZEKER","AI_KENNIS_HERBEOORDEELD","Toegankelijke publieksfavoriet die romantiek en feelgood vertegenwoordigt.","https://openlibrary.org/works/OL20564687W | https://lumisco.re/book/695","2026-09-30","695","aanwezig","Open Library Work: OL20564687W; ISBN-13: 9781471132667","niet gevonden","P3","AI-bibliografische correctie: oorspronkelijke publicatie in plaats van onjuist bron-/editiejaar; geen wijziging bestaand databasejaar. Redactionele AI-indeling; geen HIGH-evidence of menselijke beoordeling. Aanvullende genres opnieuw inhoudelijk afgewogen; uitsluitend canonieke genres, doelgroep en werkvorm blijven afzonderlijk."
"LS1000-0852","Hunting Adeline","H. D. Carlton","2021","Romantiek","Romance","","volwassenen","roman","ZEKER","AI_KENNIS_HERBEOORDEELD","Recente, reeds verschenen titel die de selectie actueel en veelzijdig houdt.","https://openlibrary.org/works/OL27297240W | https://lumisco.re/book/687","2026-09-30","687","aanwezig","Open Library Work: OL27297240W; ISBN-13: 9781957635019","niet gevonden","P3","Redactionele AI-indeling; geen HIGH-evidence of menselijke beoordeling. Aanvullende genres opnieuw inhoudelijk afgewogen; uitsluitend canonieke genres, doelgroep en werkvorm blijven afzonderlijk."
"LS1000-0853","If Beale Street Could Talk","James Baldwin","1974","Literaire & algemene fictie","Literary & General Fiction","","volwassenen","roman","ZEKER","AI_KENNIS_HERBEOORDEELD","Toegankelijke publieksfavoriet die romantiek en feelgood vertegenwoordigt.","https://openlibrary.org/works/OL228720W | https://lumisco.re/book/752","2026-09-30","752","aanwezig","Open Library Work: OL228720W; ISBN-13: 9780307275936","niet gevonden","P3","Inhoudelijke AI-herbeoordeling van dit werk; geen auteur-/titelwoordregel. NL/EN verwijzen naar dezelfde categorie-ID. Redactionele AI-indeling; geen HIGH-evidence of menselijke beoordeling. Aanvullende genres opnieuw inhoudelijk afgewogen; uitsluitend canonieke genres, doelgroep en werkvorm blijven afzonderlijk."
"LS1000-0854","If We Ever Meet Again","Ana Huang","2020","Romantiek","Romance","","volwassenen","roman","ZEKER","AI_KENNIS_HERBEOORDEELD","Recente, reeds verschenen titel die de selectie actueel en veelzijdig houdt.","https://openlibrary.org/works/OL34314731W | https://lumisco.re/book/770","2026-09-30","770","aanwezig","Open Library Work: OL34314731W; ISBN-13: 9780349438337","niet gevonden","P3","Redactionele AI-indeling; geen HIGH-evidence of menselijke beoordeling. Aanvullende genres opnieuw inhoudelijk afgewogen; uitsluitend canonieke genres, doelgroep en werkvorm blijven afzonderlijk."
"LS1000-0855","It Ends With Us","Colleen Hoover","2016","Romantiek","Romance","","volwassenen","roman","ZEKER","AI_KENNIS_HERBEOORDEELD","Toegankelijke publieksfavoriet die romantiek en feelgood vertegenwoordigt.","https://openlibrary.org/works/OL18020194W | https://lumisco.re/book/681","2026-09-30","681","aanwezig","Open Library Work: OL18020194W; ISBN-13: 9781471156267","bevestigd","P3","AI-bibliografische correctie: oorspronkelijke publicatie in plaats van onjuist bron-/editiejaar; geen wijziging bestaand databasejaar. Redactionele AI-indeling; geen HIGH-evidence of menselijke beoordeling. Aanvullende genres opnieuw inhoudelijk afgewogen; uitsluitend canonieke genres, doelgroep en werkvorm blijven afzonderlijk."
"LS1000-0856","Jude the Obscure","Thomas Hardy","1895","Literaire & algemene fictie","Literary & General Fiction","","volwassenen","roman","WAARSCHIJNLIJK","AI_KENNIS_HERBEOORDEELD","Veeluitgegeven internationaal werk dat de redactionele breedte van de catalogus vergroot.","https://openlibrary.org/works/OL44986W | https://openlibrary.org/subjects/romance","2026-09-30","","ontbreekt","Open Library Work: OL44986W; ISBN-13: 9780553215731","niet gevonden","P2","Inhoudelijke AI-herbeoordeling van dit werk; geen auteur-/titelwoordregel. NL/EN verwijzen naar dezelfde categorie-ID. Redactionele AI-indeling; geen HIGH-evidence of menselijke beoordeling. Aanvullende genres opnieuw inhoudelijk afgewogen; uitsluitend canonieke genres, doelgroep en werkvorm blijven afzonderlijk."
"LS1000-0857","King of Pride","Ana Huang","2023","Romantiek","Romance","","volwassenen","roman","ZEKER","AI_KENNIS_HERBEOORDEELD","Recente, reeds verschenen titel die de selectie actueel en veelzijdig houdt.","https://openlibrary.org/works/OL29330646W | https://lumisco.re/book/699","2026-09-30","699","aanwezig","Open Library Work: OL29330646W; ISBN-13: 9780349436340","niet gevonden","P3","Redactionele AI-indeling; geen HIGH-evidence of menselijke beoordeling. Aanvullende genres opnieuw inhoudelijk afgewogen; uitsluitend canonieke genres, doelgroep en werkvorm blijven afzonderlijk."
"LS1000-0858","King of Wrath","Ana Huang","2022","Romantiek","Romance","","volwassenen","roman","ZEKER","AI_KENNIS_HERBEOORDEELD","Recente, reeds verschenen titel die de selectie actueel en veelzijdig houdt.","https://openlibrary.org/works/OL28744393W | https://lumisco.re/book/772","2026-09-30","772","aanwezig","Open Library Work: OL28744393W; ISBN-13: 9781957464084","niet gevonden","P3","Redactionele AI-indeling; geen HIGH-evidence of menselijke beoordeling. Aanvullende genres opnieuw inhoudelijk afgewogen; uitsluitend canonieke genres, doelgroep en werkvorm blijven afzonderlijk."
"LS1000-0859","Komt een vrouw bij de dokter","Kluun","2003","Literaire & algemene fictie","Literary & General Fiction","","volwassenen","roman","ZEKER","AI_KENNIS_HERBEOORDEELD","Nederlandstalige of Vlaamse kernselectie met blijvende lees- en ontdekkingswaarde.","https://openlibrary.org/works/OL33789130W | https://lumisco.re/book/1178","2026-09-30","1178","aanwezig","Open Library Work: OL33789130W; ISBN-13: 9789057598340","niet onderzocht","P3","Inhoudelijke AI-herbeoordeling van dit werk; geen auteur-/titelwoordregel. NL/EN verwijzen naar dezelfde categorie-ID. AI-bibliografische correctie: oorspronkelijke publicatie in plaats van onjuist bron-/editiejaar; geen wijziging bestaand databasejaar. Redactionele AI-indeling; geen HIGH-evidence of menselijke beoordeling. Aanvullende genres opnieuw inhoudelijk afgewogen; uitsluitend canonieke genres, doelgroep en werkvorm blijven afzonderlijk."
"LS1000-0860","Leven en laten leven","Hendrik Groen","2018","Feelgood","Feel-Good Fiction","","volwassenen","roman","ZEKER","AI_KENNIS_HERBEOORDEELD","Nederlandstalige of Vlaamse kernselectie met blijvende lees- en ontdekkingswaarde.","https://openlibrary.org/works/OL34310983W | https://lumisco.re/book/1182","2026-09-30","1182","aanwezig","Open Library Work: OL34310983W; ISBN-13: 9789029091015","bevestigd","P3","Inhoudelijke AI-herbeoordeling van dit werk; geen auteur-/titelwoordregel. NL/EN verwijzen naar dezelfde categorie-ID. Redactionele AI-indeling; geen HIGH-evidence of menselijke beoordeling. Aanvullende genres opnieuw inhoudelijk afgewogen; uitsluitend canonieke genres, doelgroep en werkvorm blijven afzonderlijk."
"LS1000-0861","Lord of the Far Island","Eleanor Burford","1975","Romantiek","Romance","","volwassenen","roman","ZEKER","AI_KENNIS_HERBEOORDEELD","Toegankelijke publieksfavoriet die romantiek en feelgood vertegenwoordigt.","https://openlibrary.org/works/OL3931443W | https://lumisco.re/book/736","2026-09-30","736","aanwezig","Open Library Work: OL3931443W; ISBN-13: 9781602856714","niet gevonden","P3","Redactionele AI-indeling; geen HIGH-evidence of menselijke beoordeling. Aanvullende genres opnieuw inhoudelijk afgewogen; uitsluitend canonieke genres, doelgroep en werkvorm blijven afzonderlijk."
"LS1000-0862","Love in the Time of Cholera","Gabriel García Márquez","1985","Literaire & algemene fictie","Literary & General Fiction","","volwassenen","roman","ZEKER","AI_KENNIS_HERBEOORDEELD","Toegankelijke publieksfavoriet die romantiek en feelgood vertegenwoordigt.","https://openlibrary.org/works/OL274518W | https://lumisco.re/book/68","2026-09-30","68","aanwezig","Open Library Work: OL274518W; ISBN-13: 9780517080870","niet gevonden","P3","Inhoudelijke AI-herbeoordeling van dit werk; geen auteur-/titelwoordregel. NL/EN verwijzen naar dezelfde categorie-ID. Redactionele AI-indeling; geen HIGH-evidence of menselijke beoordeling. Aanvullende genres opnieuw inhoudelijk afgewogen; uitsluitend canonieke genres, doelgroep en werkvorm blijven afzonderlijk."
"LS1000-0863","Married at first sight","Gu Lingfei","","Romantiek","Romance","","volwassenen","roman","TWIJFEL","AI_KENNIS_HERBEOORDEELD","Toegankelijke publieksfavoriet die romantiek en feelgood vertegenwoordigt.","https://openlibrary.org/works/OL35223328W | https://lumisco.re/book/696","2026-09-30","696","aanwezig","Open Library Work: OL35223328W","niet gevonden","P3","Exact oorspronkelijk publicatiejaar onvoldoende vastgesteld; niet afleiden van editie/ontstaan. Doorlopende webroman/edities en oorspronkelijke publicatie onvoldoende afgebakend. Redactionele AI-indeling; geen HIGH-evidence of menselijke beoordeling. Aanvullende genres opnieuw inhoudelijk afgewogen; uitsluitend canonieke genres, doelgroep en werkvorm blijven afzonderlijk."
"LS1000-0864","Me Before You","Jojo Moyes","2012","Romantiek","Romance","","volwassenen","roman","ZEKER","AI_KENNIS_HERBEOORDEELD","Toegankelijke publieksfavoriet die romantiek en feelgood vertegenwoordigt.","https://openlibrary.org/works/OL28353073W | https://lumisco.re/book/64","2026-09-30","64","aanwezig","Open Library Work: OL28353073W; ISBN-13: 9780670026609","niet gevonden","P3","Redactionele AI-indeling; geen HIGH-evidence of menselijke beoordeling. Aanvullende genres opnieuw inhoudelijk afgewogen; uitsluitend canonieke genres, doelgroep en werkvorm blijven afzonderlijk."
"LS1000-0865","Mile High","Liz Tomforde","2022","Romantiek","Romance","","volwassenen","roman","ZEKER","AI_KENNIS_HERBEOORDEELD","Recente, reeds verschenen titel die de selectie actueel en veelzijdig houdt.","https://openlibrary.org/works/OL36042699W | https://lumisco.re/book/712","2026-09-30","712","aanwezig","Open Library Work: OL36042699W; ISBN-13: 9781399728546","niet gevonden","P3","AI-bibliografische correctie: oorspronkelijke publicatie in plaats van onjuist bron-/editiejaar; geen wijziging bestaand databasejaar. Redactionele AI-indeling; geen HIGH-evidence of menselijke beoordeling. Aanvullende genres opnieuw inhoudelijk afgewogen; uitsluitend canonieke genres, doelgroep en werkvorm blijven afzonderlijk."
"LS1000-0866","Mind Game","Christine Feehan","2004","Romantiek","Romance","Sciencefiction","volwassenen","roman","ZEKER","AI_KENNIS_HERBEOORDEELD","Toegankelijke publieksfavoriet die romantiek en feelgood vertegenwoordigt.","https://openlibrary.org/works/OL5683850W | https://lumisco.re/book/702","2026-09-30","702","aanwezig","Open Library Work: OL5683850W; ISBN-13: 9781436273145","niet gevonden","P3","Redactionele AI-indeling; geen HIGH-evidence of menselijke beoordeling. Aanvullende genres opnieuw inhoudelijk afgewogen; uitsluitend canonieke genres, doelgroep en werkvorm blijven afzonderlijk."
"LS1000-0867","Nee heb je","Charlotte de Monchy","2019","Romantiek","Romance","","volwassenen","roman","ZEKER","AI_KENNIS_HERBEOORDEELD","Nederlandstalige of Vlaamse kernselectie met blijvende lees- en ontdekkingswaarde.","https://openlibrary.org/works/OL24326852W | https://lumisco.re/book/1191","2026-09-30","1191","aanwezig","Open Library Work: OL24326852W; ISBN-13: 9789022585979","niet onderzocht","P3","Redactionele AI-indeling; geen HIGH-evidence of menselijke beoordeling. Aanvullende genres opnieuw inhoudelijk afgewogen; uitsluitend canonieke genres, doelgroep en werkvorm blijven afzonderlijk."
"LS1000-0868","Normal People","Sally Rooney","2018","Literaire & algemene fictie","Literary & General Fiction","","volwassenen","roman","ZEKER","AI_KENNIS_HERBEOORDEELD","Toegankelijke publieksfavoriet die romantiek en feelgood vertegenwoordigt.","https://openlibrary.org/works/OL20150260W | https://lumisco.re/book/105","2026-09-30","105","aanwezig","Open Library Work: OL20150260W; ISBN-13: 9781984822178","niet gevonden","P3","Inhoudelijke AI-herbeoordeling van dit werk; geen auteur-/titelwoordregel. NL/EN verwijzen naar dezelfde categorie-ID. Redactionele AI-indeling; geen HIGH-evidence of menselijke beoordeling. Aanvullende genres opnieuw inhoudelijk afgewogen; uitsluitend canonieke genres, doelgroep en werkvorm blijven afzonderlijk."
"LS1000-0869","North and South","Elizabeth Gaskell","1855","Literaire & algemene fictie","Literary & General Fiction","","volwassenen","roman","ZEKER","AI_KENNIS_HERBEOORDEELD","Toegankelijke publieksfavoriet die romantiek en feelgood vertegenwoordigt.","https://openlibrary.org/works/OL1103203W | https://lumisco.re/book/73","2026-09-30","73","aanwezig","Open Library Work: OL1103203W; ISBN-13: 9780753822753","niet gevonden","P3","Inhoudelijke AI-herbeoordeling van dit werk; geen auteur-/titelwoordregel. NL/EN verwijzen naar dezelfde categorie-ID. Redactionele AI-indeling; geen HIGH-evidence of menselijke beoordeling. Aanvullende genres opnieuw inhoudelijk afgewogen; uitsluitend canonieke genres, doelgroep en werkvorm blijven afzonderlijk."
"LS1000-0870","Norwegian Wood","村上春樹","1987","Literaire & algemene fictie","Literary & General Fiction","","volwassenen","roman","ZEKER","AI_KENNIS_HERBEOORDEELD","Toegankelijke publieksfavoriet die romantiek en feelgood vertegenwoordigt.","https://openlibrary.org/works/OL2625457W | https://lumisco.re/book/690","2026-09-30","690","aanwezig","Open Library Work: OL2625457W; ISBN-13: 9780099554561","bevestigd","P3","Inhoudelijke AI-herbeoordeling van dit werk; geen auteur-/titelwoordregel. NL/EN verwijzen naar dezelfde categorie-ID. Redactionele AI-indeling; geen HIGH-evidence of menselijke beoordeling. Aanvullende genres opnieuw inhoudelijk afgewogen; uitsluitend canonieke genres, doelgroep en werkvorm blijven afzonderlijk."
"LS1000-0871","November 9","Colleen Hoover","2015","Romantiek","Romance","","volwassenen","roman","ZEKER","AI_KENNIS_HERBEOORDEELD","Toegankelijke publieksfavoriet die romantiek en feelgood vertegenwoordigt.","https://openlibrary.org/works/OL20018811W | https://lumisco.re/book/685","2026-09-30","685","aanwezig","Open Library Work: OL20018811W; ISBN-13: 9781501110344","bevestigd","P3","Redactionele AI-indeling; geen HIGH-evidence of menselijke beoordeling. Aanvullende genres opnieuw inhoudelijk afgewogen; uitsluitend canonieke genres, doelgroep en werkvorm blijven afzonderlijk."
"LS1000-0872","One Of Us Is Lying","Karen M. McManus","2017","Detectives & misdaadfictie","Mystery & Crime Fiction","","jeugd","roman","ZEKER","AI_KENNIS_HERBEOORDEELD","Bekende jeugd- of YA-titel met blijvende ontdekkingswaarde.","https://openlibrary.org/works/OL17797857W | https://lumisco.re/book/453","2026-09-30","453","aanwezig","Open Library Work: OL17797857W; ISBN-13: 9780593388013","niet gevonden","P3","Inhoudelijke AI-herbeoordeling van dit werk; geen auteur-/titelwoordregel. NL/EN verwijzen naar dezelfde categorie-ID. AI-bibliografische correctie: oorspronkelijke publicatie in plaats van onjuist bron-/editiejaar; geen wijziging bestaand databasejaar. Redactionele AI-indeling; geen HIGH-evidence of menselijke beoordeling. Aanvullende genres opnieuw inhoudelijk afgewogen; uitsluitend canonieke genres, doelgroep en werkvorm blijven afzonderlijk."
"LS1000-0873","Opgewekt naar de eindstreep","Hendrik Groen","2019","Feelgood","Feel-Good Fiction","","volwassenen","roman","ZEKER","AI_KENNIS_HERBEOORDEELD","Nederlandstalige of Vlaamse kernselectie met blijvende lees- en ontdekkingswaarde.","https://openlibrary.org/works/OL24341496W | https://lumisco.re/book/1183","2026-09-30","1183","aanwezig","Open Library Work: OL24341496W; ISBN-13: 9789029094139","bevestigd","P3","Inhoudelijke AI-herbeoordeling van dit werk; geen auteur-/titelwoordregel. NL/EN verwijzen naar dezelfde categorie-ID. AI-bibliografische correctie: oorspronkelijke publicatie in plaats van onjuist bron-/editiejaar; geen wijziging bestaand databasejaar. Redactionele AI-indeling; geen HIGH-evidence of menselijke beoordeling. Aanvullende genres opnieuw inhoudelijk afgewogen; uitsluitend canonieke genres, doelgroep en werkvorm blijven afzonderlijk."
"LS1000-0874","Outlander","Diana Gabaldon","1991","Romantiek","Romance","Historische fictie; Fantasy","volwassenen","roman","ZEKER","AI_KENNIS_HERBEOORDEELD","Toegankelijke publieksfavoriet die romantiek en feelgood vertegenwoordigt.","https://openlibrary.org/works/OL3261155W | https://lumisco.re/book/65","2026-09-30","65","aanwezig","Open Library Work: OL3261155W; ISBN-13: 9780440212560","niet gevonden","P3","Redactionele AI-indeling; geen HIGH-evidence of menselijke beoordeling. Aanvullende genres opnieuw inhoudelijk afgewogen; uitsluitend canonieke genres, doelgroep en werkvorm blijven afzonderlijk."
"LS1000-0875","Paper Towns","John Green","2008","Literaire & algemene fictie","Literary & General Fiction","","jeugd","roman","ZEKER","AI_KENNIS_HERBEOORDEELD","Bekende jeugd- of YA-titel met blijvende ontdekkingswaarde.","https://openlibrary.org/works/OL11822690W | https://lumisco.re/book/454","2026-09-30","454","aanwezig","Open Library Work: OL11822690W; ISBN-13: 9780525478188","bevestigd","P3","Inhoudelijke AI-herbeoordeling van dit werk; geen auteur-/titelwoordregel. NL/EN verwijzen naar dezelfde categorie-ID. Redactionele AI-indeling; geen HIGH-evidence of menselijke beoordeling. Aanvullende genres opnieuw inhoudelijk afgewogen; uitsluitend canonieke genres, doelgroep en werkvorm blijven afzonderlijk."
"LS1000-0876","Persuasion","Jane Austen","1817","Romantiek","Romance","","volwassenen","roman","WAARSCHIJNLIJK","AI_KENNIS_HERBEOORDEELD","Toegankelijke publieksfavoriet die romantiek en feelgood vertegenwoordigt.","https://openlibrary.org/works/OL66544W | https://lumisco.re/book/71","2026-09-30","71","aanwezig","Open Library Work: OL66544W; ISBN-13: 9798745749278","niet gevonden","P3","Oorspronkelijke notitie (niet overgenomen als regel): Publicatiejaar verschilt tussen de kandidaatbron (1817) en Open Library (1789); Open Library-jaar gebruikt. Uitgegeven december 1817; titelblad vermeldt 1818. Redactionele AI-indeling; geen HIGH-evidence of menselijke beoordeling. Aanvullende genres opnieuw inhoudelijk afgewogen; uitsluitend canonieke genres, doelgroep en werkvorm blijven afzonderlijk."
"LS1000-0877","Pogingen iets van het leven te maken","Hendrik Groen","2014","Feelgood","Feel-Good Fiction","","volwassenen","roman","ZEKER","AI_KENNIS_HERBEOORDEELD","Nederlandstalige of Vlaamse kernselectie met blijvende lees- en ontdekkingswaarde.","https://openlibrary.org/works/OL19712767W | https://lumisco.re/book/1180","2026-09-30","1180","aanwezig","Open Library Work: OL19712767W; ISBN-13: 9780718183004","niet gevonden","P3","Inhoudelijke AI-herbeoordeling van dit werk; geen auteur-/titelwoordregel. NL/EN verwijzen naar dezelfde categorie-ID. AI-bibliografische correctie: oorspronkelijke publicatie in plaats van onjuist bron-/editiejaar; geen wijziging bestaand databasejaar. Redactionele AI-indeling; geen HIGH-evidence of menselijke beoordeling. Aanvullende genres opnieuw inhoudelijk afgewogen; uitsluitend canonieke genres, doelgroep en werkvorm blijven afzonderlijk."
"LS1000-0878","Riders of the Purple Sage","Zane Grey","1912","Literaire & algemene fictie","Literary & General Fiction","","volwassenen","roman","WAARSCHIJNLIJK","AI_KENNIS_HERBEOORDEELD","Veeluitgegeven internationaal werk dat de redactionele breedte van de catalogus vergroot.","https://openlibrary.org/works/OL485504W | https://openlibrary.org/subjects/romance","2026-09-30","","ontbreekt","Open Library Work: OL485504W; ISBN-13: 9798757590158","niet gevonden","P2","Inhoudelijke AI-herbeoordeling van dit werk; geen auteur-/titelwoordregel. NL/EN verwijzen naar dezelfde categorie-ID. Redactionele AI-indeling; geen HIGH-evidence of menselijke beoordeling. Aanvullende genres opnieuw inhoudelijk afgewogen; uitsluitend canonieke genres, doelgroep en werkvorm blijven afzonderlijk."
"LS1000-0879","Right Move","Liz Tomforde","2023","Romantiek","Romance","","volwassenen","roman","ZEKER","AI_KENNIS_HERBEOORDEELD","Recente, reeds verschenen titel die de selectie actueel en veelzijdig houdt.","https://openlibrary.org/works/OL36043513W | https://lumisco.re/book/709","2026-09-30","709","aanwezig","Open Library Work: OL36043513W; ISBN-13: 9781399728560","niet gevonden","P3","Redactionele AI-indeling; geen HIGH-evidence of menselijke beoordeling. Aanvullende genres opnieuw inhoudelijk afgewogen; uitsluitend canonieke genres, doelgroep en werkvorm blijven afzonderlijk."
"LS1000-0880","Rising Tides","Nora Roberts","1998","Romantiek","Romance","","volwassenen","roman","ZEKER","AI_KENNIS_HERBEOORDEELD","Toegankelijke publieksfavoriet die romantiek en feelgood vertegenwoordigt.","https://openlibrary.org/works/OL111439W | https://lumisco.re/book/734","2026-09-30","734","aanwezig","Open Library Work: OL111439W; ISBN-13: 9781417715138","niet gevonden","P3","Redactionele AI-indeling; geen HIGH-evidence of menselijke beoordeling. Aanvullende genres opnieuw inhoudelijk afgewogen; uitsluitend canonieke genres, doelgroep en werkvorm blijven afzonderlijk."
"LS1000-0881","Sanctuary","Nora Roberts","1997","Thrillers & spanning","Thrillers & Suspense","","volwassenen","roman","ZEKER","AI_KENNIS_HERBEOORDEELD","Toegankelijke publieksfavoriet die romantiek en feelgood vertegenwoordigt.","https://openlibrary.org/works/OL111444W | https://lumisco.re/book/738","2026-09-30","738","aanwezig","Open Library Work: OL111444W; ISBN-13: 9780425233559","niet gevonden","P3","Inhoudelijke AI-herbeoordeling van dit werk; geen auteur-/titelwoordregel. NL/EN verwijzen naar dezelfde categorie-ID. Redactionele AI-indeling; geen HIGH-evidence of menselijke beoordeling. Aanvullende genres opnieuw inhoudelijk afgewogen; uitsluitend canonieke genres, doelgroep en werkvorm blijven afzonderlijk."
"LS1000-0882","Sense and Sensibility","Jane Austen","1811","Romantiek","Romance","","volwassenen","roman","ZEKER","AI_KENNIS_HERBEOORDEELD","Toegankelijke publieksfavoriet die romantiek en feelgood vertegenwoordigt.","https://openlibrary.org/works/OL66562W | https://lumisco.re/book/72","2026-09-30","72","aanwezig","Open Library Work: OL66562W; ISBN-13: 9780194233187","bevestigd","P3","Redactionele AI-indeling; geen HIGH-evidence of menselijke beoordeling. Aanvullende genres opnieuw inhoudelijk afgewogen; uitsluitend canonieke genres, doelgroep en werkvorm blijven afzonderlijk."
"LS1000-0883","Set on You","Amy Lea","2022","Romantiek","Romance","","volwassenen","roman","ZEKER","AI_KENNIS_HERBEOORDEELD","Recente, reeds verschenen titel die de selectie actueel en veelzijdig houdt.","https://openlibrary.org/works/OL25960186W | https://lumisco.re/book/711","2026-09-30","711","aanwezig","Open Library Work: OL25960186W; ISBN-13: 9780593336571","niet gevonden","P3","Redactionele AI-indeling; geen HIGH-evidence of menselijke beoordeling. Aanvullende genres opnieuw inhoudelijk afgewogen; uitsluitend canonieke genres, doelgroep en werkvorm blijven afzonderlijk."
"LS1000-0884","The Bridges of Madison County","Robert James Waller","1992","Romantiek","Romance","","volwassenen","roman","ZEKER","AI_KENNIS_HERBEOORDEELD","Toegankelijke publieksfavoriet die romantiek en feelgood vertegenwoordigt.","https://openlibrary.org/works/OL2934591W | https://lumisco.re/book/69","2026-09-30","69","aanwezig","Open Library Work: OL2934591W; ISBN-13: 9781410403797","niet gevonden","P3","Redactionele AI-indeling; geen HIGH-evidence of menselijke beoordeling. Aanvullende genres opnieuw inhoudelijk afgewogen; uitsluitend canonieke genres, doelgroep en werkvorm blijven afzonderlijk."
"LS1000-0885","The Fake Mate","Lana Ferguson","2023","Romantiek","Romance","","volwassenen","roman","ZEKER","AI_KENNIS_HERBEOORDEELD","Recente, reeds verschenen titel die de selectie actueel en veelzijdig houdt.","https://openlibrary.org/works/OL35084942W | https://lumisco.re/book/723","2026-09-30","723","aanwezig","Open Library Work: OL35084942W; ISBN-13: 9780349439655","niet gevonden","P3","Redactionele AI-indeling; geen HIGH-evidence of menselijke beoordeling. Aanvullende genres opnieuw inhoudelijk afgewogen; uitsluitend canonieke genres, doelgroep en werkvorm blijven afzonderlijk."
"LS1000-0886","The Fault in Our Stars","John Green","2012","Romantiek","Romance","","volwassenen","roman","ZEKER","AI_KENNIS_HERBEOORDEELD","Toegankelijke publieksfavoriet die romantiek en feelgood vertegenwoordigt.","https://openlibrary.org/works/OL16444438W | https://lumisco.re/book/67","2026-09-30","67","aanwezig","Open Library Work: OL16444438W; ISBN-13: 9780525478812","bevestigd","P3","AI-bibliografische correctie: oorspronkelijke publicatie in plaats van onjuist bron-/editiejaar; geen wijziging bestaand databasejaar. Redactionele AI-indeling; geen HIGH-evidence of menselijke beoordeling. Aanvullende genres opnieuw inhoudelijk afgewogen; uitsluitend canonieke genres, doelgroep en werkvorm blijven afzonderlijk."
"LS1000-0887","The ghost","Arnold Bennett","1907","Thrillers & spanning","Thrillers & Suspense","","volwassenen","roman","WAARSCHIJNLIJK","AI_KENNIS_HERBEOORDEELD","Veeluitgegeven internationaal werk dat de redactionele breedte van de catalogus vergroot.","https://openlibrary.org/works/OL109229W | https://openlibrary.org/subjects/romance","2026-09-30","","ontbreekt","Open Library Work: OL109229W; ISBN-13: 9798593380548","niet gevonden","P2","Inhoudelijke AI-herbeoordeling van dit werk; geen auteur-/titelwoordregel. NL/EN verwijzen naar dezelfde categorie-ID. Redactionele AI-indeling; geen HIGH-evidence of menselijke beoordeling. Aanvullende genres opnieuw inhoudelijk afgewogen; uitsluitend canonieke genres, doelgroep en werkvorm blijven afzonderlijk."
"LS1000-0888","The Hating Game","Sally Thorne","2016","Romantiek","Romance","","volwassenen","roman","ZEKER","AI_KENNIS_HERBEOORDEELD","Toegankelijke publieksfavoriet die romantiek en feelgood vertegenwoordigt.","https://openlibrary.org/works/OL20032935W | https://lumisco.re/book/676","2026-09-30","676","aanwezig","Open Library Work: OL20032935W; ISBN-13: 9780062439598","niet gevonden","P3","Redactionele AI-indeling; geen HIGH-evidence of menselijke beoordeling. Aanvullende genres opnieuw inhoudelijk afgewogen; uitsluitend canonieke genres, doelgroep en werkvorm blijven afzonderlijk."
"LS1000-0889","The Inheritance Games","Jennifer Lynn Barnes","2020","Literaire & algemene fictie","Literary & General Fiction","","young adult","roman","ZEKER","AI_KENNIS_HERBEOORDEELD","Recente, reeds verschenen titel die de selectie actueel en veelzijdig houdt.","https://openlibrary.org/works/OL21692056W | https://lumisco.re/book/501","2026-09-30","501","aanwezig","Open Library Work: OL21692056W; ISBN-13: 9780241476178","bevestigd","P3","Inhoudelijke AI-herbeoordeling van dit werk; geen auteur-/titelwoordregel. NL/EN verwijzen naar dezelfde categorie-ID. Redactionele AI-indeling; geen HIGH-evidence of menselijke beoordeling. Aanvullende genres opnieuw inhoudelijk afgewogen; uitsluitend canonieke genres, doelgroep en werkvorm blijven afzonderlijk."
"LS1000-0890","The Kiss Quotient","Helen Hoang","2018","Romantiek","Romance","","volwassenen","roman","ZEKER","AI_KENNIS_HERBEOORDEELD","Toegankelijke publieksfavoriet die romantiek en feelgood vertegenwoordigt.","https://openlibrary.org/works/OL19744698W | https://lumisco.re/book/77","2026-09-30","77","aanwezig","Open Library Work: OL19744698W; ISBN-13: 9780451490803","niet gevonden","P3","Redactionele AI-indeling; geen HIGH-evidence of menselijke beoordeling. Aanvullende genres opnieuw inhoudelijk afgewogen; uitsluitend canonieke genres, doelgroep en werkvorm blijven afzonderlijk."
"LS1000-0891","The Lone Star Ranger","Zane Grey","1915","Literaire & algemene fictie","Literary & General Fiction","","volwassenen","roman","WAARSCHIJNLIJK","AI_KENNIS_HERBEOORDEELD","Veeluitgegeven internationaal werk dat de redactionele breedte van de catalogus vergroot.","https://openlibrary.org/works/OL485469W | https://openlibrary.org/subjects/romance","2026-09-30","","ontbreekt","Open Library Work: OL485469W; ISBN-13: 9781494229504","niet gevonden","P2","Inhoudelijke AI-herbeoordeling van dit werk; geen auteur-/titelwoordregel. NL/EN verwijzen naar dezelfde categorie-ID. AI-bibliografische correctie: oorspronkelijke publicatie in plaats van onjuist bron-/editiejaar; geen wijziging bestaand databasejaar. Redactionele AI-indeling; geen HIGH-evidence of menselijke beoordeling. Aanvullende genres opnieuw inhoudelijk afgewogen; uitsluitend canonieke genres, doelgroep en werkvorm blijven afzonderlijk."
"LS1000-0892","The Never King","Nikki St. Crowe","2022","Fantasy","Fantasy","Romantiek","volwassenen","roman","ZEKER","AI_KENNIS_HERBEOORDEELD","Recente, reeds verschenen titel die de selectie actueel en veelzijdig houdt.","https://openlibrary.org/works/OL35345999W | https://lumisco.re/book/748","2026-09-30","748","aanwezig","Open Library Work: OL35345999W; ISBN-13: 9798985421262","bevestigd","P3","Inhoudelijke AI-herbeoordeling van dit werk; geen auteur-/titelwoordregel. NL/EN verwijzen naar dezelfde categorie-ID. Redactionele AI-indeling; geen HIGH-evidence of menselijke beoordeling. Aanvullende genres opnieuw inhoudelijk afgewogen; uitsluitend canonieke genres, doelgroep en werkvorm blijven afzonderlijk."
"LS1000-0893","The Notebook","Nicholas Sparks","1996","Romantiek","Romance","","volwassenen","roman","ZEKER","AI_KENNIS_HERBEOORDEELD","Toegankelijke publieksfavoriet die romantiek en feelgood vertegenwoordigt.","https://openlibrary.org/works/OL54797W | https://lumisco.re/book/63","2026-09-30","63","aanwezig","Open Library Work: OL54797W; ISBN-13: 9780446914598","niet gevonden","P3","Redactionele AI-indeling; geen HIGH-evidence of menselijke beoordeling. Aanvullende genres opnieuw inhoudelijk afgewogen; uitsluitend canonieke genres, doelgroep en werkvorm blijven afzonderlijk."
"LS1000-0894","The Princess Bride","William Goldman","1973","Fantasy","Fantasy","Romantiek","volwassenen","roman","ZEKER","AI_KENNIS_HERBEOORDEELD","Toegankelijke publieksfavoriet die romantiek en feelgood vertegenwoordigt.","https://openlibrary.org/works/OL486967W | https://lumisco.re/book/74","2026-09-30","74","aanwezig","Open Library Work: OL486967W; ISBN-13: 9780345242259","niet gevonden","P3","Inhoudelijke AI-herbeoordeling van dit werk; geen auteur-/titelwoordregel. NL/EN verwijzen naar dezelfde categorie-ID. Redactionele AI-indeling; geen HIGH-evidence of menselijke beoordeling. Aanvullende genres opnieuw inhoudelijk afgewogen; uitsluitend canonieke genres, doelgroep en werkvorm blijven afzonderlijk."
"LS1000-0895","The Promise","Danielle Steel","1978","Romantiek","Romance","","volwassenen","roman","ZEKER","AI_KENNIS_HERBEOORDEELD","Bekroonde literaire titel die de internationale kernselectie versterkt.","https://openlibrary.org/works/OL14873597W | https://thebookerprizes.com/the-booker-library/features/full-list-of-booker-prize-winners-shortlisted-and-longlisted-authors | https://lumisco.re/book/720","2026-09-30","720","aanwezig","Open Library Work: OL14873597W; ISBN-13: 9780307566966","niet gevonden","P3","Redactionele AI-indeling; geen HIGH-evidence of menselijke beoordeling. Aanvullende genres opnieuw inhoudelijk afgewogen; uitsluitend canonieke genres, doelgroep en werkvorm blijven afzonderlijk."
"LS1000-0896","The Reluctant Widow","Georgette Heyer","1946","Romantiek","Romance","","volwassenen","roman","ZEKER","AI_KENNIS_HERBEOORDEELD","Toegankelijke publieksfavoriet die romantiek en feelgood vertegenwoordigt.","https://openlibrary.org/works/OL4092660W | https://lumisco.re/book/733","2026-09-30","733","aanwezig","Open Library Work: OL4092660W; ISBN-13: 9781402213519","niet gevonden","P3","Redactionele AI-indeling; geen HIGH-evidence of menselijke beoordeling. Aanvullende genres opnieuw inhoudelijk afgewogen; uitsluitend canonieke genres, doelgroep en werkvorm blijven afzonderlijk."
"LS1000-0897","The Rosie Project","Graeme Simsion","2013","Romantiek","Romance","","volwassenen","roman","ZEKER","AI_KENNIS_HERBEOORDEELD","Toegankelijke publieksfavoriet die romantiek en feelgood vertegenwoordigt.","https://openlibrary.org/works/OL16813583W | https://lumisco.re/book/76","2026-09-30","76","aanwezig","Open Library Work: OL16813583W; ISBN-13: 9781476729084","bevestigd","P3","Redactionele AI-indeling; geen HIGH-evidence of menselijke beoordeling. Aanvullende genres opnieuw inhoudelijk afgewogen; uitsluitend canonieke genres, doelgroep en werkvorm blijven afzonderlijk."
"LS1000-0898","The Seven Husbands of Evelyn Hugo","Taylor Jenkins Reid","2017","Literaire & algemene fictie","Literary & General Fiction","","volwassenen","roman","ZEKER","AI_KENNIS_HERBEOORDEELD","Toegankelijke publieksfavoriet die romantiek en feelgood vertegenwoordigt.","https://openlibrary.org/works/OL18203673W | https://lumisco.re/book/104","2026-09-30","104","aanwezig","Open Library Work: OL18203673W; ISBN-13: 9781501161933","bevestigd","P3","Inhoudelijke AI-herbeoordeling van dit werk; geen auteur-/titelwoordregel. NL/EN verwijzen naar dezelfde categorie-ID. Redactionele AI-indeling; geen HIGH-evidence of menselijke beoordeling. Aanvullende genres opnieuw inhoudelijk afgewogen; uitsluitend canonieke genres, doelgroep en werkvorm blijven afzonderlijk."
"LS1000-0899","The Song of Achilles","Madeline Miller","2011","Romantiek","Romance","Fantasy","volwassenen","roman","ZEKER","AI_KENNIS_HERBEOORDEELD","Toegankelijke publieksfavoriet die romantiek en feelgood vertegenwoordigt.","https://openlibrary.org/works/OL16509148W | https://lumisco.re/book/115","2026-09-30","115","aanwezig","Open Library Work: OL16509148W; ISBN-13: 9781408816035","bevestigd","P3","Redactionele AI-indeling; geen HIGH-evidence of menselijke beoordeling. Aanvullende genres opnieuw inhoudelijk afgewogen; uitsluitend canonieke genres, doelgroep en werkvorm blijven afzonderlijk."
"LS1000-0900","The Spanish Love Deception","Elena Armas","2021","Romantiek","Romance","","volwassenen","roman","ZEKER","AI_KENNIS_HERBEOORDEELD","Recente, reeds verschenen titel die de selectie actueel en veelzijdig houdt.","https://openlibrary.org/works/OL26345722W | https://lumisco.re/book/674","2026-09-30","674","aanwezig","Open Library Work: OL26345722W; ISBN-13: 9781398515628","niet gevonden","P3","Redactionele AI-indeling; geen HIGH-evidence of menselijke beoordeling. Aanvullende genres opnieuw inhoudelijk afgewogen; uitsluitend canonieke genres, doelgroep en werkvorm blijven afzonderlijk."
"LS1000-0901","The Time of the Hunter's Moon","Eleanor Burford","1983","Romantiek","Romance","","volwassenen","roman","ZEKER","AI_KENNIS_HERBEOORDEELD","Toegankelijke publieksfavoriet die romantiek en feelgood vertegenwoordigt.","https://openlibrary.org/works/OL3931435W | https://lumisco.re/book/750","2026-09-30","750","aanwezig","Open Library Work: OL3931435W; ISBN-13: 9780007235520","niet gevonden","P3","Redactionele AI-indeling; geen HIGH-evidence of menselijke beoordeling. Aanvullende genres opnieuw inhoudelijk afgewogen; uitsluitend canonieke genres, doelgroep en werkvorm blijven afzonderlijk."
"LS1000-0902","The Time Traveler's Wife","Audrey Niffenegger","2003","Romantiek","Romance","Sciencefiction","volwassenen","roman","ZEKER","AI_KENNIS_HERBEOORDEELD","Toegankelijke publieksfavoriet die romantiek en feelgood vertegenwoordigt.","https://openlibrary.org/works/OL4720160W | https://lumisco.re/book/66","2026-09-30","66","aanwezig","Open Library Work: OL4720160W; ISBN-13: 9780676976335","niet gevonden","P3","Redactionele AI-indeling; geen HIGH-evidence of menselijke beoordeling. Aanvullende genres opnieuw inhoudelijk afgewogen; uitsluitend canonieke genres, doelgroep en werkvorm blijven afzonderlijk."
"LS1000-0903","The Viscount Who Loved Me","Julia Quinn","2000","Romantiek","Romance","","volwassenen","roman","ZEKER","AI_KENNIS_HERBEOORDEELD","Toegankelijke publieksfavoriet die romantiek en feelgood vertegenwoordigt.","https://openlibrary.org/works/OL8464993W | https://lumisco.re/book/1334","2026-09-30","1334","aanwezig","Open Library Work: OL8464993W; ISBN-13: 9780739414323","niet gevonden","P3","Redactionele AI-indeling; geen HIGH-evidence of menselijke beoordeling. Aanvullende genres opnieuw inhoudelijk afgewogen; uitsluitend canonieke genres, doelgroep en werkvorm blijven afzonderlijk."
"LS1000-0904","The Woodlanders","Thomas Hardy","1887","Literaire & algemene fictie","Literary & General Fiction","","volwassenen","roman","WAARSCHIJNLIJK","AI_KENNIS_HERBEOORDEELD","Veeluitgegeven internationaal werk dat de redactionele breedte van de catalogus vergroot.","https://openlibrary.org/works/OL44990W | https://openlibrary.org/subjects/romance","2026-09-30","","ontbreekt","Open Library Work: OL44990W; ISBN-13: 9781703389210","niet gevonden","P2","Inhoudelijke AI-herbeoordeling van dit werk; geen auteur-/titelwoordregel. NL/EN verwijzen naar dezelfde categorie-ID. Redactionele AI-indeling; geen HIGH-evidence of menselijke beoordeling. Aanvullende genres opnieuw inhoudelijk afgewogen; uitsluitend canonieke genres, doelgroep en werkvorm blijven afzonderlijk."
"LS1000-0905","The Wrong Bride","Catharina Maura","2022","Romantiek","Romance","","volwassenen","roman","ZEKER","AI_KENNIS_HERBEOORDEELD","Recente, reeds verschenen titel die de selectie actueel en veelzijdig houdt.","https://openlibrary.org/works/OL29046643W | https://lumisco.re/book/697","2026-09-30","697","aanwezig","Open Library Work: OL29046643W; ISBN-13: 9781955981187","niet gevonden","P3","Redactionele AI-indeling; geen HIGH-evidence of menselijke beoordeling. Aanvullende genres opnieuw inhoudelijk afgewogen; uitsluitend canonieke genres, doelgroep en werkvorm blijven afzonderlijk."
"LS1000-0906","Things We Left Behind","Lucy Score","2023","Romantiek","Romance","","volwassenen","roman","ZEKER","AI_KENNIS_HERBEOORDEELD","Recente, reeds verschenen titel die de selectie actueel en veelzijdig houdt.","https://openlibrary.org/works/OL34811234W | https://lumisco.re/book/682","2026-09-30","682","aanwezig","Open Library Work: OL34811234W; ISBN-13: 9781728276120","bevestigd","P3","Redactionele AI-indeling; geen HIGH-evidence of menselijke beoordeling. Aanvullende genres opnieuw inhoudelijk afgewogen; uitsluitend canonieke genres, doelgroep en werkvorm blijven afzonderlijk."
"LS1000-0907","Things We Never Got Over","Lucy Score","2022","Romantiek","Romance","","volwassenen","roman","ZEKER","AI_KENNIS_HERBEOORDEELD","Recente, reeds verschenen titel die de selectie actueel en veelzijdig houdt.","https://openlibrary.org/works/OL26955716W | https://lumisco.re/book/675","2026-09-30","675","aanwezig","Open Library Work: OL26955716W; ISBN-13: 9781945631832","bevestigd","P3","Redactionele AI-indeling; geen HIGH-evidence of menselijke beoordeling. Aanvullende genres opnieuw inhoudelijk afgewogen; uitsluitend canonieke genres, doelgroep en werkvorm blijven afzonderlijk."
"LS1000-0908","To All the Boys I've Loved Before","Jenny Han","2014","Romantiek","Romance","","jeugd","roman","ZEKER","AI_KENNIS_HERBEOORDEELD","Bekende jeugd- of YA-titel met blijvende ontdekkingswaarde.","https://openlibrary.org/works/OL17203233W | https://lumisco.re/book/457","2026-09-30","457","aanwezig","Open Library Work: OL17203233W; ISBN-13: 9781442426702","niet gevonden","P3","Redactionele AI-indeling; geen HIGH-evidence of menselijke beoordeling. Aanvullende genres opnieuw inhoudelijk afgewogen; uitsluitend canonieke genres, doelgroep en werkvorm blijven afzonderlijk."
"LS1000-0909","Twisted Hate","Ana Huang","2022","Romantiek","Romance","","volwassenen","roman","ZEKER","AI_KENNIS_HERBEOORDEELD","Recente, reeds verschenen titel die de selectie actueel en veelzijdig houdt.","https://openlibrary.org/works/OL27245843W | https://lumisco.re/book/688","2026-09-30","688","aanwezig","Open Library Work: OL27245843W; ISBN-13: 9781735056692","niet gevonden","P3","Redactionele AI-indeling; geen HIGH-evidence of menselijke beoordeling. Aanvullende genres opnieuw inhoudelijk afgewogen; uitsluitend canonieke genres, doelgroep en werkvorm blijven afzonderlijk."
"LS1000-0910","Twisted Love","Ana Huang","2021","Romantiek","Romance","","volwassenen","roman","ZEKER","AI_KENNIS_HERBEOORDEELD","Recente, reeds verschenen titel die de selectie actueel en veelzijdig houdt.","https://openlibrary.org/works/OL24390422W | https://lumisco.re/book/683","2026-09-30","683","aanwezig","Open Library Work: OL24390422W; ISBN-13: 9781087939278","niet gevonden","P3","Redactionele AI-indeling; geen HIGH-evidence of menselijke beoordeling. Aanvullende genres opnieuw inhoudelijk afgewogen; uitsluitend canonieke genres, doelgroep en werkvorm blijven afzonderlijk."
"LS1000-0911","Ugly Love","Colleen Hoover","2014","Romantiek","Romance","","volwassenen","roman","ZEKER","AI_KENNIS_HERBEOORDEELD","Toegankelijke publieksfavoriet die romantiek en feelgood vertegenwoordigt.","https://openlibrary.org/works/OL20577143W | https://lumisco.re/book/684","2026-09-30","684","aanwezig","Open Library Work: OL20577143W; ISBN-13: 9781476753188","niet gevonden","P3","Redactionele AI-indeling; geen HIGH-evidence of menselijke beoordeling. Aanvullende genres opnieuw inhoudelijk afgewogen; uitsluitend canonieke genres, doelgroep en werkvorm blijven afzonderlijk."
"LS1000-0912","Verkikkerd","Lisette Jonkman","2013","Romantiek","Romance","","volwassenen","roman","ZEKER","AI_KENNIS_HERBEOORDEELD","Nederlandstalige of Vlaamse kernselectie met blijvende lees- en ontdekkingswaarde.","https://openlibrary.org/works/OL24522697W | https://lumisco.re/book/1188","2026-09-30","1188","aanwezig","Open Library Work: OL24522697W; ISBN-13: 9789021808499","niet onderzocht","P3","Redactionele AI-indeling; geen HIGH-evidence of menselijke beoordeling. Aanvullende genres opnieuw inhoudelijk afgewogen; uitsluitend canonieke genres, doelgroep en werkvorm blijven afzonderlijk."
"LS1000-0913","Verslingerd","Lisette Jonkman","2014","Romantiek","Romance","","volwassenen","roman","ZEKER","AI_KENNIS_HERBEOORDEELD","Nederlandstalige of Vlaamse kernselectie met blijvende lees- en ontdekkingswaarde.","https://openlibrary.org/works/OL26182328W | https://lumisco.re/book/1189","2026-09-30","1189","aanwezig","Open Library Work: OL26182328W; ISBN-13: 9789021809809","bevestigd","P3","Redactionele AI-indeling; geen HIGH-evidence of menselijke beoordeling. Aanvullende genres opnieuw inhoudelijk afgewogen; uitsluitend canonieke genres, doelgroep en werkvorm blijven afzonderlijk."
"LS1000-0914","Wildfire","Hannah Grace","2023","Romantiek","Romance","","volwassenen","roman","ZEKER","AI_KENNIS_HERBEOORDEELD","Recente, reeds verschenen titel die de selectie actueel en veelzijdig houdt.","https://openlibrary.org/works/OL34955908W | https://lumisco.re/book/715","2026-09-30","715","aanwezig","Open Library Work: OL34955908W; ISBN-13: 9781668026274","bevestigd","P3","Redactionele AI-indeling; geen HIGH-evidence of menselijke beoordeling. Aanvullende genres opnieuw inhoudelijk afgewogen; uitsluitend canonieke genres, doelgroep en werkvorm blijven afzonderlijk."
"LS1000-0915","You've Reached Sam","Dustin Thao","2021","Romantiek","Romance","","young adult","roman","ZEKER","AI_KENNIS_HERBEOORDEELD","Recente, reeds verschenen titel die de selectie actueel en veelzijdig houdt.","https://openlibrary.org/works/OL24457490W | https://lumisco.re/book/499","2026-09-30","499","aanwezig","Open Library Work: OL24457490W; ISBN-13: 9781250762030","bevestigd","P3","Redactionele AI-indeling; geen HIGH-evidence of menselijke beoordeling. Aanvullende genres opnieuw inhoudelijk afgewogen; uitsluitend canonieke genres, doelgroep en werkvorm blijven afzonderlijk."
"LS1000-0916","Zolang er leven is","Hendrik Groen","2016","Feelgood","Feel-Good Fiction","","volwassenen","roman","ZEKER","AI_KENNIS_HERBEOORDEELD","Nederlandstalige of Vlaamse kernselectie met blijvende lees- en ontdekkingswaarde.","https://openlibrary.org/works/OL19740472W | https://lumisco.re/book/1181","2026-09-30","1181","aanwezig","Open Library Work: OL19740472W; ISBN-13: 9789029090766","bevestigd","P3","Inhoudelijke AI-herbeoordeling van dit werk; geen auteur-/titelwoordregel. NL/EN verwijzen naar dezelfde categorie-ID. Redactionele AI-indeling; geen HIGH-evidence of menselijke beoordeling. Aanvullende genres opnieuw inhoudelijk afgewogen; uitsluitend canonieke genres, doelgroep en werkvorm blijven afzonderlijk."
"LS1000-0917","Zomer in New York","Chantal van Gastel","2013","Romantiek","Romance","","volwassenen","roman","ZEKER","AI_KENNIS_HERBEOORDEELD","Nederlandstalige of Vlaamse kernselectie met blijvende lees- en ontdekkingswaarde.","https://openlibrary.org/works/OL24670307W | https://lumisco.re/book/1186","2026-09-30","1186","aanwezig","Open Library Work: OL24670307W; ISBN-13: 9789044341027","bevestigd","P3","Redactionele AI-indeling; geen HIGH-evidence of menselijke beoordeling. Aanvullende genres opnieuw inhoudelijk afgewogen; uitsluitend canonieke genres, doelgroep en werkvorm blijven afzonderlijk."
"LS1000-0918","Zoya","Danielle Steel","1988","Romantiek","Romance","","volwassenen","roman","ZEKER","AI_KENNIS_HERBEOORDEELD","Toegankelijke publieksfavoriet die romantiek en feelgood vertegenwoordigt.","https://openlibrary.org/works/OL19771W | https://lumisco.re/book/730","2026-09-30","730","aanwezig","Open Library Work: OL19771W; ISBN-13: 9780307567062","niet gevonden","P3","AI-bibliografische correctie: oorspronkelijke publicatie in plaats van onjuist bron-/editiejaar; geen wijziging bestaand databasejaar. Redactionele AI-indeling; geen HIGH-evidence of menselijke beoordeling. Aanvullende genres opnieuw inhoudelijk afgewogen; uitsluitend canonieke genres, doelgroep en werkvorm blijven afzonderlijk."
"LS1000-0919","Zwaar beproefd!","Chantal van Gastel","2009","Romantiek","Romance","","volwassenen","roman","ZEKER","AI_KENNIS_HERBEOORDEELD","Nederlandstalige of Vlaamse kernselectie met blijvende lees- en ontdekkingswaarde.","https://openlibrary.org/works/OL26181155W | https://lumisco.re/book/1184","2026-09-30","1184","aanwezig","Open Library Work: OL26181155W; ISBN-13: 9789044325294","bevestigd","P3","Redactionele AI-indeling; geen HIGH-evidence of menselijke beoordeling. Aanvullende genres opnieuw inhoudelijk afgewogen; uitsluitend canonieke genres, doelgroep en werkvorm blijven afzonderlijk."
"LS1000-0920","1984","George Orwell","1949","Sciencefiction","Science Fiction","","volwassenen","roman","WAARSCHIJNLIJK","AI_KENNIS_HERBEOORDEELD","Blijvende publieksfavoriet en herkenbaar ijkpunt binnen het genre.","https://openlibrary.org/works/OL1168083W | https://lumisco.re/book/12","2026-09-30","12","aanwezig","Open Library Work: OL1168083W; ISBN-13: 9781643136981","bevestigd","P3","Redactionele AI-indeling; geen HIGH-evidence of menselijke beoordeling. Aanvullende genres opnieuw inhoudelijk afgewogen; uitsluitend canonieke genres, doelgroep en werkvorm blijven afzonderlijk."
"LS1000-0921","A Clockwork Orange","Anthony Burgess","1962","Sciencefiction","Science Fiction","","volwassenen","roman","ZEKER","AI_KENNIS_HERBEOORDEELD","Blijvende publieksfavoriet en herkenbaar ijkpunt binnen het genre.","https://openlibrary.org/works/OL261794W | https://lumisco.re/book/184","2026-09-30","184","aanwezig","Open Library Work: OL261794W; ISBN-13: 9780345256324","niet gevonden","P3","Redactionele AI-indeling; geen HIGH-evidence of menselijke beoordeling. Aanvullende genres opnieuw inhoudelijk afgewogen; uitsluitend canonieke genres, doelgroep en werkvorm blijven afzonderlijk."
"LS1000-0922","A Wrinkle in Time","Madeleine L'Engle","1962","Sciencefiction","Science Fiction","Fantasy","jeugd","roman","ZEKER","AI_KENNIS_HERBEOORDEELD","Bekende jeugd- of YA-titel met blijvende ontdekkingswaarde.","https://openlibrary.org/works/OL41495W | https://lumisco.re/book/101","2026-09-30","101","aanwezig","Open Library Work: OL41495W; ISBN-13: 9780318657042","niet gevonden","P3","Redactionele AI-indeling; geen HIGH-evidence of menselijke beoordeling. Aanvullende genres opnieuw inhoudelijk afgewogen; uitsluitend canonieke genres, doelgroep en werkvorm blijven afzonderlijk."
"LS1000-0923","Alice's Adventures in Wonderland","Lewis Carroll","1865","Fantasy","Fantasy","","jeugd","roman","ZEKER","AI_KENNIS_HERBEOORDEELD","Bekende jeugd- of YA-titel met blijvende ontdekkingswaarde.","https://openlibrary.org/works/OL138052W | https://lumisco.re/book/95","2026-09-30","95","aanwezig","Open Library Work: OL138052W; ISBN-13: 9781784870171","bevestigd","P3","Inhoudelijke AI-herbeoordeling van dit werk; geen auteur-/titelwoordregel. NL/EN verwijzen naar dezelfde categorie-ID. Redactionele AI-indeling; geen HIGH-evidence of menselijke beoordeling. Aanvullende genres opnieuw inhoudelijk afgewogen; uitsluitend canonieke genres, doelgroep en werkvorm blijven afzonderlijk."
"LS1000-0924","Allegiant","Veronica Roth","2013","Sciencefiction","Science Fiction","","volwassenen","roman","ZEKER","AI_KENNIS_HERBEOORDEELD","Blijvende publieksfavoriet en herkenbaar ijkpunt binnen het genre.","https://openlibrary.org/works/OL16808471W | https://lumisco.re/book/216","2026-09-30","216","aanwezig","Open Library Work: OL16808471W; ISBN-13: 9780062024060","bevestigd","P3","Redactionele AI-indeling; geen HIGH-evidence of menselijke beoordeling. Aanvullende genres opnieuw inhoudelijk afgewogen; uitsluitend canonieke genres, doelgroep en werkvorm blijven afzonderlijk."
"LS1000-0925","Brave New World","Aldous Huxley","1932","Sciencefiction","Science Fiction","","volwassenen","roman","ZEKER","AI_KENNIS_HERBEOORDEELD","Blijvende publieksfavoriet en herkenbaar ijkpunt binnen het genre.","https://openlibrary.org/works/OL64365W | https://lumisco.re/book/15","2026-09-30","15","aanwezig","Open Library Work: OL64365W; ISBN-13: 9780375712364","bevestigd","P3","Redactionele AI-indeling; geen HIGH-evidence of menselijke beoordeling. Aanvullende genres opnieuw inhoudelijk afgewogen; uitsluitend canonieke genres, doelgroep en werkvorm blijven afzonderlijk."
"LS1000-0926","Divergent","Veronica Roth","2011","Sciencefiction","Science Fiction","","volwassenen","roman","ZEKER","AI_KENNIS_HERBEOORDEELD","Blijvende publieksfavoriet en herkenbaar ijkpunt binnen het genre.","https://openlibrary.org/works/OL15719630W | https://lumisco.re/book/179","2026-09-30","179","aanwezig","Open Library Work: OL15719630W; ISBN-13: 9780062024022","bevestigd","P3","AI-bibliografische correctie: oorspronkelijke publicatie in plaats van onjuist bron-/editiejaar; geen wijziging bestaand databasejaar. Redactionele AI-indeling; geen HIGH-evidence of menselijke beoordeling. Aanvullende genres opnieuw inhoudelijk afgewogen; uitsluitend canonieke genres, doelgroep en werkvorm blijven afzonderlijk."
"LS1000-0927","Fight Club","Chuck Palahniuk","1996","Literaire & algemene fictie","Literary & General Fiction","","volwassenen","roman","ZEKER","AI_KENNIS_HERBEOORDEELD","Blijvende publieksfavoriet en herkenbaar ijkpunt binnen het genre.","https://openlibrary.org/works/OL18941W | https://lumisco.re/book/257","2026-09-30","257","aanwezig","Open Library Work: OL18941W; ISBN-13: 9780091835132","niet gevonden","P3","Inhoudelijke AI-herbeoordeling van dit werk; geen auteur-/titelwoordregel. NL/EN verwijzen naar dezelfde categorie-ID. Redactionele AI-indeling; geen HIGH-evidence of menselijke beoordeling. Aanvullende genres opnieuw inhoudelijk afgewogen; uitsluitend canonieke genres, doelgroep en werkvorm blijven afzonderlijk."
"LS1000-0928","Gullivar of Mars","Edwin Lester Linden Arnold","1905","Sciencefiction","Science Fiction","","volwassenen","roman","WAARSCHIJNLIJK","AI_KENNIS_HERBEOORDEELD","Veeluitgegeven sciencefictionwerk dat de internationale genrespreiding verbreedt.","https://openlibrary.org/works/OL5960415W | https://openlibrary.org/subjects/science_fiction","2026-09-30","","ontbreekt","Open Library Work: OL5960415W; ISBN-13: 9798763238907","niet gevonden","P2","Redactionele AI-indeling; geen HIGH-evidence of menselijke beoordeling. Aanvullende genres opnieuw inhoudelijk afgewogen; uitsluitend canonieke genres, doelgroep en werkvorm blijven afzonderlijk."
"LS1000-0929","Heretics of Dune","Frank Herbert","1984","Sciencefiction","Science Fiction","","volwassenen","roman","ZEKER","AI_KENNIS_HERBEOORDEELD","Blijvende publieksfavoriet en herkenbaar ijkpunt binnen het genre.","https://openlibrary.org/works/OL893502W | https://lumisco.re/book/311","2026-09-30","311","aanwezig","Open Library Work: OL893502W; ISBN-13: 9780694510221","niet gevonden","P3","Redactionele AI-indeling; geen HIGH-evidence of menselijke beoordeling. Aanvullende genres opnieuw inhoudelijk afgewogen; uitsluitend canonieke genres, doelgroep en werkvorm blijven afzonderlijk."
"LS1000-0930","Insurgent","Veronica Roth","2012","Sciencefiction","Science Fiction","","volwassenen","roman","ZEKER","AI_KENNIS_HERBEOORDEELD","Blijvende publieksfavoriet en herkenbaar ijkpunt binnen het genre.","https://openlibrary.org/works/OL16325201W | https://lumisco.re/book/203","2026-09-30","203","aanwezig","Open Library Work: OL16325201W; ISBN-13: 9780007442911","bevestigd","P3","AI-bibliografische correctie: oorspronkelijke publicatie in plaats van onjuist bron-/editiejaar; geen wijziging bestaand databasejaar. Redactionele AI-indeling; geen HIGH-evidence of menselijke beoordeling. Aanvullende genres opnieuw inhoudelijk afgewogen; uitsluitend canonieke genres, doelgroep en werkvorm blijven afzonderlijk."
"LS1000-0931","Klara and the Sun","Kazuo Ishiguro","2021","Sciencefiction","Science Fiction","","volwassenen","roman","ZEKER","AI_KENNIS_HERBEOORDEELD","Blijvende publieksfavoriet en herkenbaar ijkpunt binnen het genre.","https://openlibrary.org/works/OL20883297W | https://lumisco.re/book/265","2026-09-30","265","aanwezig","Open Library Work: OL20883297W; ISBN-13: 9780593318171","niet gevonden","P3","AI-bibliografische correctie: oorspronkelijke publicatie in plaats van onjuist bron-/editiejaar; geen wijziging bestaand databasejaar. Redactionele AI-indeling; geen HIGH-evidence of menselijke beoordeling. Aanvullende genres opnieuw inhoudelijk afgewogen; uitsluitend canonieke genres, doelgroep en werkvorm blijven afzonderlijk."
"LS1000-0932","Kruistocht in spijkerbroek","Thea Beckman","1973","Sciencefiction","Science Fiction","Historische fictie","jeugd","roman","ZEKER","AI_KENNIS_HERBEOORDEELD","Nederlandstalige of Vlaamse kernselectie met blijvende lees- en ontdekkingswaarde.","https://openlibrary.org/works/OL1736494W | https://lumisco.re/book/1111","2026-09-30","1111","aanwezig","Open Library Work: OL1736494W; ISBN-13: 9780684143996","bevestigd","P3","AI-bibliografische correctie: oorspronkelijke publicatie in plaats van onjuist bron-/editiejaar; geen wijziging bestaand databasejaar. Redactionele AI-indeling; geen HIGH-evidence of menselijke beoordeling. Aanvullende genres opnieuw inhoudelijk afgewogen; uitsluitend canonieke genres, doelgroep en werkvorm blijven afzonderlijk."
"LS1000-0933","Leviathan Wakes","James S. A. Corey","2011","Sciencefiction","Science Fiction","","volwassenen","roman","ZEKER","AI_KENNIS_HERBEOORDEELD","Blijvende publieksfavoriet en herkenbaar ijkpunt binnen het genre.","https://openlibrary.org/works/OL16114008W | https://lumisco.re/book/1313","2026-09-30","1313","aanwezig","Open Library Work: OL16114008W; ISBN-13: 9780316129084","niet gevonden","P3","AI-bibliografische correctie: oorspronkelijke publicatie in plaats van onjuist bron-/editiejaar; geen wijziging bestaand databasejaar. Redactionele AI-indeling; geen HIGH-evidence of menselijke beoordeling. Aanvullende genres opnieuw inhoudelijk afgewogen; uitsluitend canonieke genres, doelgroep en werkvorm blijven afzonderlijk."
"LS1000-0934","Moby-Dick","Herman Melville","1851","Literaire & algemene fictie","Literary & General Fiction","","volwassenen","roman","WAARSCHIJNLIJK","AI_KENNIS + GERICHTE_BRONCONTROLE","Blijvende publieksfavoriet en herkenbaar ijkpunt binnen het genre.","https://openlibrary.org/works/OL102749W | https://lumisco.re/book/35 | https://www.penguinrandomhouseretail.com/book/?isbn=9780142437247","2026-09-30","35","aanwezig","Open Library Work: OL102749W; ISBN-13: 9781073676408","bevestigd","P3","Inhoudelijke AI-herbeoordeling van dit werk; geen auteur-/titelwoordregel. NL/EN verwijzen naar dezelfde categorie-ID. Redactionele AI-indeling; geen HIGH-evidence of menselijke beoordeling. Aanvullende genres opnieuw inhoudelijk afgewogen; uitsluitend canonieke genres, doelgroep en werkvorm blijven afzonderlijk. Avonturenroman en maatschappelijk commentaar; geen sciencefiction."
"LS1000-0935","Neuromancer","William Gibson","1984","Sciencefiction","Science Fiction","","volwassenen","roman","ZEKER","AI_KENNIS_HERBEOORDEELD","Blijvende publieksfavoriet en herkenbaar ijkpunt binnen het genre.","https://openlibrary.org/works/OL27258W | https://lumisco.re/book/19","2026-09-30","19","aanwezig","Open Library Work: OL27258W; ISBN-13: 9780441569564","bevestigd","P3","Redactionele AI-indeling; geen HIGH-evidence of menselijke beoordeling. Aanvullende genres opnieuw inhoudelijk afgewogen; uitsluitend canonieke genres, doelgroep en werkvorm blijven afzonderlijk."
"LS1000-0936","Nooit meer slapen","Willem Frederik Hermans","1966","Literaire & algemene fictie","Literary & General Fiction","","volwassenen","roman","ZEKER","AI_KENNIS_HERBEOORDEELD","Nederlandstalige of Vlaamse kernselectie met blijvende lees- en ontdekkingswaarde.","https://openlibrary.org/works/OL109959W | https://lumisco.re/book/1012","2026-09-30","1012","aanwezig","Open Library Work: OL109959W; ISBN-13: 9781585675388","bevestigd","P3","Inhoudelijke AI-herbeoordeling van dit werk; geen auteur-/titelwoordregel. NL/EN verwijzen naar dezelfde categorie-ID. AI-bibliografische correctie: oorspronkelijke publicatie in plaats van onjuist bron-/editiejaar; geen wijziging bestaand databasejaar. Redactionele AI-indeling; geen HIGH-evidence of menselijke beoordeling. Aanvullende genres opnieuw inhoudelijk afgewogen; uitsluitend canonieke genres, doelgroep en werkvorm blijven afzonderlijk."
"LS1000-0937","One Last Stop","Casey McQuiston","2021","Romantiek","Romance","Sciencefiction","volwassenen","roman","ZEKER","AI_KENNIS_HERBEOORDEELD","Recente, reeds verschenen titel die de selectie actueel en veelzijdig houdt.","https://openlibrary.org/works/OL21703286W | https://lumisco.re/book/295","2026-09-30","295","aanwezig","Open Library Work: OL21703286W; ISBN-13: 9781250244499","bevestigd","P3","Inhoudelijke AI-herbeoordeling van dit werk; geen auteur-/titelwoordregel. NL/EN verwijzen naar dezelfde categorie-ID. Redactionele AI-indeling; geen HIGH-evidence of menselijke beoordeling. Aanvullende genres opnieuw inhoudelijk afgewogen; uitsluitend canonieke genres, doelgroep en werkvorm blijven afzonderlijk."
"LS1000-0938","Problemski Hotel","Dimitri Verhulst","2003","Literaire & algemene fictie","Literary & General Fiction","","volwassenen","roman","ZEKER","AI_KENNIS_HERBEOORDEELD","Nederlandstalige of Vlaamse kernselectie met blijvende lees- en ontdekkingswaarde.","https://openlibrary.org/works/OL866308W | https://lumisco.re/book/1052","2026-09-30","1052","aanwezig","Open Library Work: OL866308W; ISBN-13: 9789025419783","bevestigd","P3","Inhoudelijke AI-herbeoordeling van dit werk; geen auteur-/titelwoordregel. NL/EN verwijzen naar dezelfde categorie-ID. Redactionele AI-indeling; geen HIGH-evidence of menselijke beoordeling. Aanvullende genres opnieuw inhoudelijk afgewogen; uitsluitend canonieke genres, doelgroep en werkvorm blijven afzonderlijk."
"LS1000-0939","Project Hail Mary","Andy Weir","2021","Sciencefiction","Science Fiction","","volwassenen","roman","ZEKER","AI_KENNIS_HERBEOORDEELD","Recente, reeds verschenen titel die de selectie actueel en veelzijdig houdt.","https://openlibrary.org/works/OL21745884W | https://lumisco.re/book/1","2026-09-30","1","aanwezig","Open Library Work: OL21745884W; ISBN-13: 9780593135204","bevestigd","P3","Redactionele AI-indeling; geen HIGH-evidence of menselijke beoordeling. Aanvullende genres opnieuw inhoudelijk afgewogen; uitsluitend canonieke genres, doelgroep en werkvorm blijven afzonderlijk."
"LS1000-0940","Ready Player One","Ernest Cline","2011","Sciencefiction","Science Fiction","","volwassenen","roman","ZEKER","AI_KENNIS_HERBEOORDEELD","Blijvende publieksfavoriet en herkenbaar ijkpunt binnen het genre.","https://openlibrary.org/works/OL15936512W | https://lumisco.re/book/188","2026-09-30","188","aanwezig","Open Library Work: OL15936512W; ISBN-13: 9780307887436","niet gevonden","P3","Redactionele AI-indeling; geen HIGH-evidence of menselijke beoordeling. Aanvullende genres opnieuw inhoudelijk afgewogen; uitsluitend canonieke genres, doelgroep en werkvorm blijven afzonderlijk."
"LS1000-0941","Starman Jones","Robert A. Heinlein","1953","Sciencefiction","Science Fiction","","volwassenen","roman","ZEKER","AI_KENNIS_HERBEOORDEELD","Blijvende publieksfavoriet en herkenbaar ijkpunt binnen het genre.","https://openlibrary.org/works/OL59718W | https://lumisco.re/book/296","2026-09-30","296","aanwezig","Open Library Work: OL59718W; ISBN-13: 9780345243546","niet gevonden","P3","Redactionele AI-indeling; geen HIGH-evidence of menselijke beoordeling. Aanvullende genres opnieuw inhoudelijk afgewogen; uitsluitend canonieke genres, doelgroep en werkvorm blijven afzonderlijk."
"LS1000-0942","Sunrise on the Reaping","Suzanne Collins","2025","Sciencefiction","Science Fiction","","young adult","roman","ZEKER","AI_KENNIS_HERBEOORDEELD","Recente, reeds verschenen titel die de selectie actueel en veelzijdig houdt.","https://openlibrary.org/works/OL43426400W | https://lumisco.re/book/278","2026-09-30","278","aanwezig","Open Library Work: OL43426400W; ISBN-13: 9781546171461","bevestigd","P3","Redactionele AI-indeling; geen HIGH-evidence of menselijke beoordeling. Aanvullende genres opnieuw inhoudelijk afgewogen; uitsluitend canonieke genres, doelgroep en werkvorm blijven afzonderlijk."
"LS1000-0943","The 5th wave","Richard Yancey","2013","Sciencefiction","Science Fiction","","volwassenen","roman","ZEKER","AI_KENNIS_HERBEOORDEELD","Blijvende publieksfavoriet en herkenbaar ijkpunt binnen het genre.","https://openlibrary.org/works/OL16820266W | https://lumisco.re/book/269","2026-09-30","269","aanwezig","Open Library Work: OL16820266W; ISBN-13: 9780399162411","niet gevonden","P3","Redactionele AI-indeling; geen HIGH-evidence of menselijke beoordeling. Aanvullende genres opnieuw inhoudelijk afgewogen; uitsluitend canonieke genres, doelgroep en werkvorm blijven afzonderlijk."
"LS1000-0944","The Ballad of Songbirds and Snakes","Suzanne Collins","2020","Sciencefiction","Science Fiction","","jeugd","roman","ZEKER","AI_KENNIS_HERBEOORDEELD","Recente, reeds verschenen titel die de selectie actueel en veelzijdig houdt.","https://openlibrary.org/works/OL20716197W | https://lumisco.re/book/194","2026-09-30","194","aanwezig","Open Library Work: OL20716197W; ISBN-13: 9781338635171","bevestigd","P3","Redactionele AI-indeling; geen HIGH-evidence of menselijke beoordeling. Aanvullende genres opnieuw inhoudelijk afgewogen; uitsluitend canonieke genres, doelgroep en werkvorm blijven afzonderlijk."
"LS1000-0945","The Chessmen of Mars","Edgar Rice Burroughs","1922","Sciencefiction","Science Fiction","","volwassenen","roman","WAARSCHIJNLIJK","AI_KENNIS_HERBEOORDEELD","Veeluitgegeven sciencefictionwerk dat de internationale genrespreiding verbreedt.","https://openlibrary.org/works/OL1418244W | https://openlibrary.org/subjects/science_fiction","2026-09-30","","ontbreekt","Open Library Work: OL1418244W; ISBN-13: 9781594568541","niet gevonden","P2","Redactionele AI-indeling; geen HIGH-evidence of menselijke beoordeling. Aanvullende genres opnieuw inhoudelijk afgewogen; uitsluitend canonieke genres, doelgroep en werkvorm blijven afzonderlijk."
"LS1000-0946","The End of Eternity","Isaac Asimov","1955","Sciencefiction","Science Fiction","","volwassenen","roman","ZEKER","AI_KENNIS_HERBEOORDEELD","Blijvende publieksfavoriet en herkenbaar ijkpunt binnen het genre.","https://openlibrary.org/works/OL46108W | https://lumisco.re/book/154","2026-09-30","154","aanwezig","Open Library Work: OL46108W; ISBN-13: 9780451014931","niet gevonden","P3","Redactionele AI-indeling; geen HIGH-evidence of menselijke beoordeling. Aanvullende genres opnieuw inhoudelijk afgewogen; uitsluitend canonieke genres, doelgroep en werkvorm blijven afzonderlijk."
"LS1000-0947","The Giver","Lois Lowry","1993","Sciencefiction","Science Fiction","","jeugd","roman","ZEKER","AI_KENNIS_HERBEOORDEELD","Bekende jeugd- of YA-titel met blijvende ontdekkingswaarde.","https://openlibrary.org/works/OL1846076W | https://lumisco.re/book/100","2026-09-30","100","aanwezig","Open Library Work: OL1846076W; ISBN-13: 9780606286084","niet gevonden","P3","Redactionele AI-indeling; geen HIGH-evidence of menselijke beoordeling. Aanvullende genres opnieuw inhoudelijk afgewogen; uitsluitend canonieke genres, doelgroep en werkvorm blijven afzonderlijk."
"LS1000-0948","The Gods of Mars","Edgar Rice Burroughs","1913","Sciencefiction","Science Fiction","","volwassenen","roman","WAARSCHIJNLIJK","AI_KENNIS_HERBEOORDEELD","Veeluitgegeven sciencefictionwerk dat de internationale genrespreiding verbreedt.","https://openlibrary.org/works/OL1417942W | https://openlibrary.org/subjects/science_fiction","2026-09-30","","ontbreekt","Open Library Work: OL1417942W; ISBN-13: 9781548998820","niet gevonden","P2","Redactionele AI-indeling; geen HIGH-evidence of menselijke beoordeling. Aanvullende genres opnieuw inhoudelijk afgewogen; uitsluitend canonieke genres, doelgroep en werkvorm blijven afzonderlijk."
"LS1000-0949","The Hitchhiker's Guide to the Galaxy","Douglas Adams","1979","Sciencefiction","Science Fiction","","volwassenen","roman","ZEKER","AI_KENNIS_HERBEOORDEELD","Blijvende publieksfavoriet en herkenbaar ijkpunt binnen het genre.","https://openlibrary.org/works/OL2163649W | https://lumisco.re/book/32","2026-09-30","32","aanwezig","Open Library Work: OL2163649W; ISBN-13: 9780330258647","bevestigd","P3","Redactionele AI-indeling; geen HIGH-evidence of menselijke beoordeling. Aanvullende genres opnieuw inhoudelijk afgewogen; uitsluitend canonieke genres, doelgroep en werkvorm blijven afzonderlijk."
"LS1000-0950","The Invisible Man","H. G. Wells","1897","Sciencefiction","Science Fiction","","volwassenen","roman","WAARSCHIJNLIJK","AI_KENNIS_HERBEOORDEELD","Veeluitgegeven sciencefictionwerk dat de internationale genrespreiding verbreedt.","https://openlibrary.org/works/OL52266W | https://openlibrary.org/subjects/science_fiction | https://www.goodreads.com/shelf/show/top-250","2026-09-30","","ontbreekt","Open Library Work: OL52266W; ISBN-13: 9781693224188","niet gevonden","P1","Redactionele AI-indeling; geen HIGH-evidence of menselijke beoordeling. Aanvullende genres opnieuw inhoudelijk afgewogen; uitsluitend canonieke genres, doelgroep en werkvorm blijven afzonderlijk."
"LS1000-0951","The Machine Stops","E. M. Forster","1909","Sciencefiction","Science Fiction","","volwassenen","novelle","WAARSCHIJNLIJK","AI_KENNIS_HERBEOORDEELD","Veeluitgegeven sciencefictionwerk dat de internationale genrespreiding verbreedt.","https://openlibrary.org/works/OL88800W | https://openlibrary.org/subjects/science_fiction","2026-09-30","","ontbreekt","Open Library Work: OL88800W; ISBN-13: 9798548838711","niet gevonden","P2","Redactionele AI-indeling; geen HIGH-evidence of menselijke beoordeling. Aanvullende genres opnieuw inhoudelijk afgewogen; uitsluitend canonieke genres, doelgroep en werkvorm blijven afzonderlijk."
"LS1000-0952","The Man in the High Castle","Philip K. Dick","1962","Sciencefiction","Science Fiction","","volwassenen","roman","ZEKER","AI_KENNIS_HERBEOORDEELD","Blijvende publieksfavoriet en herkenbaar ijkpunt binnen het genre.","https://openlibrary.org/works/OL2172403W | https://lumisco.re/book/205","2026-09-30","205","aanwezig","Open Library Work: OL2172403W; ISBN-13: 9780544916081","niet gevonden","P3","Redactionele AI-indeling; geen HIGH-evidence of menselijke beoordeling. Aanvullende genres opnieuw inhoudelijk afgewogen; uitsluitend canonieke genres, doelgroep en werkvorm blijven afzonderlijk."
"LS1000-0953","The Martian Chronicles","Ray Bradbury","1950","Sciencefiction","Science Fiction","","volwassenen","roman","ZEKER","AI_KENNIS_HERBEOORDEELD","Blijvende publieksfavoriet en herkenbaar ijkpunt binnen het genre.","https://openlibrary.org/works/OL103134W | https://lumisco.re/book/204","2026-09-30","204","aanwezig","Open Library Work: OL103134W; ISBN-13: 9780553540857","niet gevonden","P3","Redactionele AI-indeling; geen HIGH-evidence of menselijke beoordeling. Aanvullende genres opnieuw inhoudelijk afgewogen; uitsluitend canonieke genres, doelgroep en werkvorm blijven afzonderlijk."
"LS1000-0954","The Napoleon of Notting Hill","Gilbert Keith Chesterton","1904","Sciencefiction","Science Fiction","","volwassenen","roman","WAARSCHIJNLIJK","AI_KENNIS_HERBEOORDEELD","Veeluitgegeven sciencefictionwerk dat de internationale genrespreiding verbreedt.","https://openlibrary.org/works/OL76473W | https://openlibrary.org/subjects/science_fiction","2026-09-30","","ontbreekt","Open Library Work: OL76473W; ISBN-13: 9798539428891","niet gevonden","P2","Redactionele AI-indeling; geen HIGH-evidence of menselijke beoordeling. Aanvullende genres opnieuw inhoudelijk afgewogen; uitsluitend canonieke genres, doelgroep en werkvorm blijven afzonderlijk."
"LS1000-0955","The One","Kiera Cass","2014","Romantiek","Romance","","volwassenen","roman","ZEKER","AI_KENNIS_HERBEOORDEELD","Blijvende publieksfavoriet en herkenbaar ijkpunt binnen het genre.","https://openlibrary.org/works/OL16925622W | https://lumisco.re/book/231","2026-09-30","231","aanwezig","Open Library Work: OL16925622W; ISBN-13: 9780007466719","niet gevonden","P3","Inhoudelijke AI-herbeoordeling van dit werk; geen auteur-/titelwoordregel. NL/EN verwijzen naar dezelfde categorie-ID. Redactionele AI-indeling; geen HIGH-evidence of menselijke beoordeling. Aanvullende genres opnieuw inhoudelijk afgewogen; uitsluitend canonieke genres, doelgroep en werkvorm blijven afzonderlijk."
"LS1000-0956","The Outsiders","S. E. Hinton","1967","Literaire & algemene fictie","Literary & General Fiction","","jeugd","roman","ZEKER","AI_KENNIS_HERBEOORDEELD","Bekende jeugd- of YA-titel met blijvende ontdekkingswaarde.","https://openlibrary.org/works/OL2718328W | https://lumisco.re/book/447","2026-09-30","447","aanwezig","Open Library Work: OL2718328W; ISBN-13: 9780670062515","niet gevonden","P3","Inhoudelijke AI-herbeoordeling van dit werk; geen auteur-/titelwoordregel. NL/EN verwijzen naar dezelfde categorie-ID. Redactionele AI-indeling; geen HIGH-evidence of menselijke beoordeling. Aanvullende genres opnieuw inhoudelijk afgewogen; uitsluitend canonieke genres, doelgroep en werkvorm blijven afzonderlijk."
"LS1000-0957","The Poison Belt","Arthur Conan Doyle","1913","Sciencefiction","Science Fiction","","volwassenen","roman","WAARSCHIJNLIJK","AI_KENNIS_HERBEOORDEELD","Veeluitgegeven sciencefictionwerk dat de internationale genrespreiding verbreedt.","https://openlibrary.org/works/OL262596W | https://openlibrary.org/subjects/science_fiction","2026-09-30","","ontbreekt","Open Library Work: OL262596W; ISBN-13: 9798455109485","niet gevonden","P2","Redactionele AI-indeling; geen HIGH-evidence of menselijke beoordeling. Aanvullende genres opnieuw inhoudelijk afgewogen; uitsluitend canonieke genres, doelgroep en werkvorm blijven afzonderlijk."
"LS1000-0958","The Warlord of Mars","Edgar Rice Burroughs","1914","Sciencefiction","Science Fiction","","volwassenen","roman","WAARSCHIJNLIJK","AI_KENNIS_HERBEOORDEELD","Veeluitgegeven sciencefictionwerk dat de internationale genrespreiding verbreedt.","https://openlibrary.org/works/OL1418137W | https://openlibrary.org/subjects/science_fiction","2026-09-30","","ontbreekt","Open Library Work: OL1418137W; ISBN-13: 9781548343477","niet gevonden","P2","Redactionele AI-indeling; geen HIGH-evidence of menselijke beoordeling. Aanvullende genres opnieuw inhoudelijk afgewogen; uitsluitend canonieke genres, doelgroep en werkvorm blijven afzonderlijk."
"LS1000-0959","Timeline","Michael Crichton","1999","Sciencefiction","Science Fiction","","volwassenen","roman","ZEKER","AI_KENNIS_HERBEOORDEELD","Blijvende publieksfavoriet en herkenbaar ijkpunt binnen het genre.","https://openlibrary.org/works/OL46884W | https://lumisco.re/book/309","2026-09-30","309","aanwezig","Open Library Work: OL46884W; ISBN-13: 9780345441942","niet gevonden","P3","Redactionele AI-indeling; geen HIGH-evidence of menselijke beoordeling. Aanvullende genres opnieuw inhoudelijk afgewogen; uitsluitend canonieke genres, doelgroep en werkvorm blijven afzonderlijk."
"LS1000-0960","V for Vendetta","Alan Moore","1982","Sciencefiction","Science Fiction","Thrillers & spanning","volwassenen","graphic novel","ZEKER","AI_KENNIS_HERBEOORDEELD","Blijvende publieksfavoriet en herkenbaar ijkpunt binnen het genre.","https://openlibrary.org/works/OL2897797W | https://lumisco.re/book/275","2026-09-30","275","aanwezig","Open Library Work: OL2897797W; ISBN-13: 9780930289522","niet gevonden","P3","1982 start seriële publicatie; verzamelde editie 1988. Redactionele AI-indeling; geen HIGH-evidence of menselijke beoordeling. Aanvullende genres opnieuw inhoudelijk afgewogen; uitsluitend canonieke genres, doelgroep en werkvorm blijven afzonderlijk."
"LS1000-0961","We","Евгений Иванович Замятин","1924","Sciencefiction","Science Fiction","","volwassenen","roman","ZEKER","AI_KENNIS_HERBEOORDEELD","Blijvende publieksfavoriet en herkenbaar ijkpunt binnen het genre.","https://openlibrary.org/works/OL10215W | https://lumisco.re/book/230","2026-09-30","230","aanwezig","Open Library Work: OL10215W; ISBN-13: 9780882338323","niet gevonden","P3","Redactionele AI-indeling; geen HIGH-evidence of menselijke beoordeling. Aanvullende genres opnieuw inhoudelijk afgewogen; uitsluitend canonieke genres, doelgroep en werkvorm blijven afzonderlijk."
"LS1000-0962","Wool","Hugh Howey","2011","Sciencefiction","Science Fiction","","volwassenen","roman","ZEKER","AI_KENNIS_HERBEOORDEELD","Blijvende publieksfavoriet en herkenbaar ijkpunt binnen het genre.","https://openlibrary.org/works/OL16800608W | https://lumisco.re/book/249","2026-09-30","249","aanwezig","Open Library Work: OL16800608W; ISBN-13: 9781476733951","niet gevonden","P3","Redactionele AI-indeling; geen HIGH-evidence of menselijke beoordeling. Aanvullende genres opnieuw inhoudelijk afgewogen; uitsluitend canonieke genres, doelgroep en werkvorm blijven afzonderlijk."
"LS1000-0963","21 Lessons for the 21st Century","Yuval Noah Harari","2018","Maatschappij & actualiteit","Society & Current Affairs","","volwassenen","non-fictieboek","ZEKER","AI_KENNIS_HERBEOORDEELD","Herkenbare non-fictietitel die een belangrijk onderwerp toegankelijk maakt.","https://openlibrary.org/works/OL17917961W | https://lumisco.re/book/882","2026-09-30","882","aanwezig","Open Library Work: OL17917961W; ISBN-13: 9780525512172","niet gevonden","P3","Inhoudelijke AI-herbeoordeling van dit werk; geen auteur-/titelwoordregel. NL/EN verwijzen naar dezelfde categorie-ID. Redactionele AI-indeling; geen HIGH-evidence of menselijke beoordeling. Aanvullende genres opnieuw inhoudelijk afgewogen; uitsluitend canonieke genres, doelgroep en werkvorm blijven afzonderlijk."
"LS1000-0964","A Brief History of Time","Stephen Hawking","1988","Wetenschap & natuur","Science & Nature","","volwassenen","non-fictieboek","ZEKER","AI_KENNIS_HERBEOORDEELD","Herkenbare non-fictietitel die een belangrijk onderwerp toegankelijk maakt.","https://openlibrary.org/works/OL1892617W | https://lumisco.re/book/86","2026-09-30","86","aanwezig","Open Library Work: OL1892617W; ISBN-13: 9780716726487","bevestigd","P3","Redactionele AI-indeling; geen HIGH-evidence of menselijke beoordeling. Aanvullende genres opnieuw inhoudelijk afgewogen; uitsluitend canonieke genres, doelgroep en werkvorm blijven afzonderlijk."
"LS1000-0965","A short history of nearly everything","Bill Bryson","2003","Wetenschap & natuur","Science & Nature","","volwassenen","non-fictieboek","ZEKER","AI_KENNIS_HERBEOORDEELD","Herkenbare non-fictietitel die een belangrijk onderwerp toegankelijk maakt.","https://openlibrary.org/works/OL74128W | https://lumisco.re/book/800","2026-09-30","800","aanwezig","Open Library Work: OL74128W; ISBN-13: 9780767908184","bevestigd","P3","Redactionele AI-indeling; geen HIGH-evidence of menselijke beoordeling. Aanvullende genres opnieuw inhoudelijk afgewogen; uitsluitend canonieke genres, doelgroep en werkvorm blijven afzonderlijk."
"LS1000-0966","As a man thinketh","James Allen","1903","Psychologie & persoonlijke ontwikkeling","Psychology & Self-Development","","volwassenen","non-fictieboek","ZEKER","AI_KENNIS_HERBEOORDEELD","Herkenbare non-fictietitel die een belangrijk onderwerp toegankelijk maakt.","https://openlibrary.org/works/OL43024W | https://lumisco.re/book/792","2026-09-30","792","aanwezig","Open Library Work: OL43024W; ISBN-13: 9780681789432","niet gevonden","P3","Inhoudelijke AI-herbeoordeling van dit werk; geen auteur-/titelwoordregel. NL/EN verwijzen naar dezelfde categorie-ID. AI-bibliografische correctie: oorspronkelijke publicatie in plaats van onjuist bron-/editiejaar; geen wijziging bestaand databasejaar. Redactionele AI-indeling; geen HIGH-evidence of menselijke beoordeling. Aanvullende genres opnieuw inhoudelijk afgewogen; uitsluitend canonieke genres, doelgroep en werkvorm blijven afzonderlijk."
"LS1000-0967","Atomic Habits","James Clear","2018","Psychologie & persoonlijke ontwikkeling","Psychology & Self-Development","","volwassenen","non-fictieboek","ZEKER","AI_KENNIS_HERBEOORDEELD","Herkenbare non-fictietitel die een belangrijk onderwerp toegankelijk maakt.","https://openlibrary.org/works/OL17930368W | https://lumisco.re/book/107","2026-09-30","107","aanwezig","Open Library Work: OL17930368W; ISBN-13: 9781847941831","niet gevonden","P3","Inhoudelijke AI-herbeoordeling van dit werk; geen auteur-/titelwoordregel. NL/EN verwijzen naar dezelfde categorie-ID. AI-bibliografische correctie: oorspronkelijke publicatie in plaats van onjuist bron-/editiejaar; geen wijziging bestaand databasejaar. Redactionele AI-indeling; geen HIGH-evidence of menselijke beoordeling. Aanvullende genres opnieuw inhoudelijk afgewogen; uitsluitend canonieke genres, doelgroep en werkvorm blijven afzonderlijk."
"LS1000-0968","Blink","Malcolm Gladwell","2005","Psychologie & persoonlijke ontwikkeling","Psychology & Self-Development","","volwassenen","non-fictieboek","ZEKER","AI_KENNIS_HERBEOORDEELD","Herkenbare non-fictietitel die een belangrijk onderwerp toegankelijk maakt.","https://openlibrary.org/works/OL5749849W | https://lumisco.re/book/798","2026-09-30","798","aanwezig","Open Library Work: OL5749849W; ISBN-13: 9780316010665","niet gevonden","P3","Inhoudelijke AI-herbeoordeling van dit werk; geen auteur-/titelwoordregel. NL/EN verwijzen naar dezelfde categorie-ID. AI-bibliografische correctie: oorspronkelijke publicatie in plaats van onjuist bron-/editiejaar; geen wijziging bestaand databasejaar. Redactionele AI-indeling; geen HIGH-evidence of menselijke beoordeling. Aanvullende genres opnieuw inhoudelijk afgewogen; uitsluitend canonieke genres, doelgroep en werkvorm blijven afzonderlijk."
"LS1000-0969","Collapse","Jared Diamond","2005","Geschiedenis","History","Wetenschap & natuur","volwassenen","non-fictieboek","ZEKER","AI_KENNIS_HERBEOORDEELD","Herkenbare non-fictietitel die een belangrijk onderwerp toegankelijk maakt.","https://openlibrary.org/works/OL276557W | https://lumisco.re/book/895","2026-09-30","895","aanwezig","Open Library Work: OL276557W; ISBN-13: 9781429527248","niet gevonden","P3","Inhoudelijke AI-herbeoordeling van dit werk; geen auteur-/titelwoordregel. NL/EN verwijzen naar dezelfde categorie-ID. AI-bibliografische correctie: oorspronkelijke publicatie in plaats van onjuist bron-/editiejaar; geen wijziging bestaand databasejaar. Redactionele AI-indeling; geen HIGH-evidence of menselijke beoordeling. Aanvullende genres opnieuw inhoudelijk afgewogen; uitsluitend canonieke genres, doelgroep en werkvorm blijven afzonderlijk."
"LS1000-0970","Dare to lead","Brené Brown","2018","Economie & ondernemerschap","Economics & Business","","volwassenen","non-fictieboek","ZEKER","AI_KENNIS_HERBEOORDEELD","Herkenbare non-fictietitel die een belangrijk onderwerp toegankelijk maakt.","https://openlibrary.org/works/OL19754782W | https://lumisco.re/book/831","2026-09-30","831","aanwezig","Open Library Work: OL19754782W; ISBN-13: 9780399592522","niet gevonden","P3","Inhoudelijke AI-herbeoordeling van dit werk; geen auteur-/titelwoordregel. NL/EN verwijzen naar dezelfde categorie-ID. Redactionele AI-indeling; geen HIGH-evidence of menselijke beoordeling. Aanvullende genres opnieuw inhoudelijk afgewogen; uitsluitend canonieke genres, doelgroep en werkvorm blijven afzonderlijk."
"LS1000-0971","De meeste mensen deugen","Rutger Bregman","2019","Maatschappij & actualiteit","Society & Current Affairs","","volwassenen","non-fictieboek","ZEKER","AI_KENNIS_HERBEOORDEELD","Nederlandstalige of Vlaamse kernselectie met blijvende lees- en ontdekkingswaarde.","https://openlibrary.org/works/OL20726133W | https://lumisco.re/book/1153","2026-09-30","1153","aanwezig","Open Library Work: OL20726133W; ISBN-13: 9780316418539","bevestigd","P3","Inhoudelijke AI-herbeoordeling van dit werk; geen auteur-/titelwoordregel. NL/EN verwijzen naar dezelfde categorie-ID. Redactionele AI-indeling; geen HIGH-evidence of menselijke beoordeling. Aanvullende genres opnieuw inhoudelijk afgewogen; uitsluitend canonieke genres, doelgroep en werkvorm blijven afzonderlijk."
"LS1000-0972","Die protestantische Ethik und der Geist des Kapitalismus","Max Weber","1904","Maatschappij & actualiteit","Society & Current Affairs","","volwassenen","non-fictieboek","ZEKER","AI_KENNIS_HERBEOORDEELD","Herkenbare non-fictietitel die een belangrijk onderwerp toegankelijk maakt.","https://openlibrary.org/works/OL1362905W | https://lumisco.re/book/883","2026-09-30","883","aanwezig","Open Library Work: OL1362905W; ISBN-13: 9780393930689","niet gevonden","P3","Inhoudelijke AI-herbeoordeling van dit werk; geen auteur-/titelwoordregel. NL/EN verwijzen naar dezelfde categorie-ID. AI-bibliografische correctie: oorspronkelijke publicatie in plaats van onjuist bron-/editiejaar; geen wijziging bestaand databasejaar. Redactionele AI-indeling; geen HIGH-evidence of menselijke beoordeling. Aanvullende genres opnieuw inhoudelijk afgewogen; uitsluitend canonieke genres, doelgroep en werkvorm blijven afzonderlijk."
"LS1000-0973","Fast Food Nation","Eric Schlosser","2001","Maatschappij & actualiteit","Society & Current Affairs","","volwassenen","non-fictieboek","ZEKER","AI_KENNIS_HERBEOORDEELD","Herkenbare non-fictietitel die een belangrijk onderwerp toegankelijk maakt.","https://openlibrary.org/works/OL5801795W | https://lumisco.re/book/802","2026-09-30","802","aanwezig","Open Library Work: OL5801795W; ISBN-13: 9780606246224","niet gevonden","P3","Inhoudelijke AI-herbeoordeling van dit werk; geen auteur-/titelwoordregel. NL/EN verwijzen naar dezelfde categorie-ID. Redactionele AI-indeling; geen HIGH-evidence of menselijke beoordeling. Aanvullende genres opnieuw inhoudelijk afgewogen; uitsluitend canonieke genres, doelgroep en werkvorm blijven afzonderlijk."
"LS1000-0974","Grit","Angela Duckworth","2016","Psychologie & persoonlijke ontwikkeling","Psychology & Self-Development","","volwassenen","non-fictieboek","ZEKER","AI_KENNIS_HERBEOORDEELD","Herkenbare non-fictietitel die een belangrijk onderwerp toegankelijk maakt.","https://openlibrary.org/works/OL17361140W | https://lumisco.re/book/847","2026-09-30","847","aanwezig","Open Library Work: OL17361140W; ISBN-13: 9781501111105","niet gevonden","P3","Inhoudelijke AI-herbeoordeling van dit werk; geen auteur-/titelwoordregel. NL/EN verwijzen naar dezelfde categorie-ID. Redactionele AI-indeling; geen HIGH-evidence of menselijke beoordeling. Aanvullende genres opnieuw inhoudelijk afgewogen; uitsluitend canonieke genres, doelgroep en werkvorm blijven afzonderlijk."
"LS1000-0975","Guns, Germs, and Steel","Jared Diamond","1997","Geschiedenis","History","Wetenschap & natuur","volwassenen","non-fictieboek","ZEKER","AI_KENNIS_HERBEOORDEELD","Herkenbare non-fictietitel die een belangrijk onderwerp toegankelijk maakt.","https://openlibrary.org/works/OL276558W | https://lumisco.re/book/89","2026-09-30","89","aanwezig","Open Library Work: OL276558W; ISBN-13: 9789027471604","niet gevonden","P3","Inhoudelijke AI-herbeoordeling van dit werk; geen auteur-/titelwoordregel. NL/EN verwijzen naar dezelfde categorie-ID. Redactionele AI-indeling; geen HIGH-evidence of menselijke beoordeling. Aanvullende genres opnieuw inhoudelijk afgewogen; uitsluitend canonieke genres, doelgroep en werkvorm blijven afzonderlijk."
"LS1000-0976","Le capital au XXIe siècle","Thomas Piketty","2013","Economie & ondernemerschap","Economics & Business","","volwassenen","non-fictieboek","ZEKER","AI_KENNIS_HERBEOORDEELD","Herkenbare non-fictietitel die een belangrijk onderwerp toegankelijk maakt.","https://openlibrary.org/works/OL16814568W | https://lumisco.re/book/861","2026-09-30","861","aanwezig","Open Library Work: OL16814568W; ISBN-13: 9780674430006","niet gevonden","P3","Inhoudelijke AI-herbeoordeling van dit werk; geen auteur-/titelwoordregel. NL/EN verwijzen naar dezelfde categorie-ID. Redactionele AI-indeling; geen HIGH-evidence of menselijke beoordeling. Aanvullende genres opnieuw inhoudelijk afgewogen; uitsluitend canonieke genres, doelgroep en werkvorm blijven afzonderlijk."
"LS1000-0977","Leviathan","Thomas Hobbes","1651","Filosofie & religie","Philosophy & Religion","","volwassenen","non-fictieboek","ZEKER","AI_KENNIS_HERBEOORDEELD","Herkenbare non-fictietitel die een belangrijk onderwerp toegankelijk maakt.","https://openlibrary.org/works/OL653987W | https://lumisco.re/book/870","2026-09-30","870","aanwezig","Open Library Work: OL653987W; ISBN-13: 9780844606996","bevestigd","P3","Inhoudelijke AI-herbeoordeling van dit werk; geen auteur-/titelwoordregel. NL/EN verwijzen naar dezelfde categorie-ID. Redactionele AI-indeling; geen HIGH-evidence of menselijke beoordeling. Aanvullende genres opnieuw inhoudelijk afgewogen; uitsluitend canonieke genres, doelgroep en werkvorm blijven afzonderlijk."
"LS1000-0978","Mindset","Carol S. Dweck","2006","Psychologie & persoonlijke ontwikkeling","Psychology & Self-Development","","volwassenen","non-fictieboek","ZEKER","AI_KENNIS_HERBEOORDEELD","Herkenbare non-fictietitel die een belangrijk onderwerp toegankelijk maakt.","https://openlibrary.org/works/OL2003465W | https://lumisco.re/book/789","2026-09-30","789","aanwezig","Open Library Work: OL2003465W; ISBN-13: 9780345472328","niet gevonden","P3","Inhoudelijke AI-herbeoordeling van dit werk; geen auteur-/titelwoordregel. NL/EN verwijzen naar dezelfde categorie-ID. Redactionele AI-indeling; geen HIGH-evidence of menselijke beoordeling. Aanvullende genres opnieuw inhoudelijk afgewogen; uitsluitend canonieke genres, doelgroep en werkvorm blijven afzonderlijk."
"LS1000-0979","Molecular Biology of the Cell","Bruce Alberts","1983","Wetenschap & natuur","Science & Nature","","volwassenen","non-fictieboek","ZEKER","AI_KENNIS_HERBEOORDEELD","Herkenbare non-fictietitel die een belangrijk onderwerp toegankelijk maakt.","https://openlibrary.org/works/OL7938488W | https://lumisco.re/book/896","2026-09-30","896","aanwezig","Open Library Work: OL7938488W; ISBN-13: 9780815332879","niet gevonden","P3","Redactionele AI-indeling; geen HIGH-evidence of menselijke beoordeling. Aanvullende genres opnieuw inhoudelijk afgewogen; uitsluitend canonieke genres, doelgroep en werkvorm blijven afzonderlijk."
"LS1000-0980","Morele ambitie","Rutger Bregman","2024","Maatschappij & actualiteit","Society & Current Affairs","","volwassenen","non-fictieboek","ZEKER","AI_KENNIS_HERBEOORDEELD","Nederlandstalige of Vlaamse kernselectie met blijvende lees- en ontdekkingswaarde.","https://openlibrary.org/works/OL43449005W | https://lumisco.re/book/1154","2026-09-30","1154","aanwezig","Open Library Work: OL43449005W; ISBN-13: 9780316580359","bevestigd","P3","Inhoudelijke AI-herbeoordeling van dit werk; geen auteur-/titelwoordregel. NL/EN verwijzen naar dezelfde categorie-ID. Redactionele AI-indeling; geen HIGH-evidence of menselijke beoordeling. Aanvullende genres opnieuw inhoudelijk afgewogen; uitsluitend canonieke genres, doelgroep en werkvorm blijven afzonderlijk."
"LS1000-0981","Nexus","Yuval Noah Harari","2024","Maatschappij & actualiteit","Society & Current Affairs","","volwassenen","non-fictieboek","ZEKER","AI_KENNIS_HERBEOORDEELD","Recente, reeds verschenen titel die de selectie actueel en veelzijdig houdt.","https://openlibrary.org/works/OL37826293W | https://lumisco.re/book/846","2026-09-30","846","aanwezig","Open Library Work: OL37826293W; ISBN-13: 9781911717089","niet gevonden","P3","Inhoudelijke AI-herbeoordeling van dit werk; geen auteur-/titelwoordregel. NL/EN verwijzen naar dezelfde categorie-ID. Redactionele AI-indeling; geen HIGH-evidence of menselijke beoordeling. Aanvullende genres opnieuw inhoudelijk afgewogen; uitsluitend canonieke genres, doelgroep en werkvorm blijven afzonderlijk."
"LS1000-0982","Nicomachean Ethics","Aristotle","1558","Filosofie & religie","Philosophy & Religion","","volwassenen","non-fictieboek","ZEKER","AI_KENNIS_HERBEOORDEELD","Herkenbare non-fictietitel die een belangrijk onderwerp toegankelijk maakt.","https://openlibrary.org/works/OL8273964W | https://lumisco.re/book/842","2026-09-30","842","aanwezig","Open Library Work: OL8273964W; ISBN-13: 9780226026756","niet gevonden","P3","Inhoudelijke AI-herbeoordeling van dit werk; geen auteur-/titelwoordregel. NL/EN verwijzen naar dezelfde categorie-ID. Redactionele AI-indeling; geen HIGH-evidence of menselijke beoordeling. Aanvullende genres opnieuw inhoudelijk afgewogen; uitsluitend canonieke genres, doelgroep en werkvorm blijven afzonderlijk."
"LS1000-0983","Organizational Behavior","Stephen P. Robbins","","Economie & ondernemerschap","Economics & Business","","volwassenen","non-fictieboek","TWIJFEL","AI_KENNIS_HERBEOORDEELD","Herkenbare non-fictietitel die een belangrijk onderwerp toegankelijk maakt.","https://openlibrary.org/works/OL510735W | https://lumisco.re/book/812","2026-09-30","812","aanwezig","Open Library Work: OL510735W; ISBN-13: 9780131202030","niet gevonden","P3","Inhoudelijke AI-herbeoordeling van dit werk; geen auteur-/titelwoordregel. NL/EN verwijzen naar dezelfde categorie-ID. Exact oorspronkelijk publicatiejaar onvoldoende vastgesteld; niet afleiden van editie/ontstaan. Generieke studieboektitel; editie, medeauteurs en oorspronkelijke Work-identiteit moeten eerst vaststaan. Redactionele AI-indeling; geen HIGH-evidence of menselijke beoordeling. Aanvullende genres opnieuw inhoudelijk afgewogen; uitsluitend canonieke genres, doelgroep en werkvorm blijven afzonderlijk."
"LS1000-0984","Outliers","Malcolm Gladwell","2008","Psychologie & persoonlijke ontwikkeling","Psychology & Self-Development","","volwassenen","non-fictieboek","ZEKER","AI_KENNIS_HERBEOORDEELD","Herkenbare non-fictietitel die een belangrijk onderwerp toegankelijk maakt.","https://openlibrary.org/works/OL5749847W | https://lumisco.re/book/791","2026-09-30","791","aanwezig","Open Library Work: OL5749847W; ISBN-13: 9780316036696","niet gevonden","P3","Inhoudelijke AI-herbeoordeling van dit werk; geen auteur-/titelwoordregel. NL/EN verwijzen naar dezelfde categorie-ID. Redactionele AI-indeling; geen HIGH-evidence of menselijke beoordeling. Aanvullende genres opnieuw inhoudelijk afgewogen; uitsluitend canonieke genres, doelgroep en werkvorm blijven afzonderlijk."
"LS1000-0985","Sapiens","Yuval Noah Harari","2011","Maatschappij & actualiteit","Society & Current Affairs","","volwassenen","non-fictieboek","ZEKER","AI_KENNIS_HERBEOORDEELD","Herkenbare non-fictietitel die een belangrijk onderwerp toegankelijk maakt.","https://openlibrary.org/works/OL17075811W | https://lumisco.re/book/78","2026-09-30","78","aanwezig","Open Library Work: OL17075811W; ISBN-13: 9780099590088","niet gevonden","P3","Inhoudelijke AI-herbeoordeling van dit werk; geen auteur-/titelwoordregel. NL/EN verwijzen naar dezelfde categorie-ID. Redactionele AI-indeling; geen HIGH-evidence of menselijke beoordeling. Aanvullende genres opnieuw inhoudelijk afgewogen; uitsluitend canonieke genres, doelgroep en werkvorm blijven afzonderlijk."
"LS1000-0986","Silent Spring","Rachel Carson","1962","Wetenschap & natuur","Science & Nature","","volwassenen","non-fictieboek","ZEKER","AI_KENNIS_HERBEOORDEELD","Herkenbare non-fictietitel die een belangrijk onderwerp toegankelijk maakt.","https://openlibrary.org/works/OL1884862W | https://lumisco.re/book/87","2026-09-30","87","aanwezig","Open Library Work: OL1884862W; ISBN-13: 9780547527628","niet gevonden","P3","Redactionele AI-indeling; geen HIGH-evidence of menselijke beoordeling. Aanvullende genres opnieuw inhoudelijk afgewogen; uitsluitend canonieke genres, doelgroep en werkvorm blijven afzonderlijk."
"LS1000-0987","The 33 Strategies of War","Robert Greene","2006","Psychologie & persoonlijke ontwikkeling","Psychology & Self-Development","","volwassenen","non-fictieboek","ZEKER","AI_KENNIS_HERBEOORDEELD","Herkenbare non-fictietitel die een belangrijk onderwerp toegankelijk maakt.","https://openlibrary.org/works/OL9290241W | https://lumisco.re/book/848","2026-09-30","848","aanwezig","Open Library Work: OL9290241W; ISBN-13: 9781429577038","niet gevonden","P3","Inhoudelijke AI-herbeoordeling van dit werk; geen auteur-/titelwoordregel. NL/EN verwijzen naar dezelfde categorie-ID. AI-bibliografische correctie: oorspronkelijke publicatie in plaats van onjuist bron-/editiejaar; geen wijziging bestaand databasejaar. Redactionele AI-indeling; geen HIGH-evidence of menselijke beoordeling. Aanvullende genres opnieuw inhoudelijk afgewogen; uitsluitend canonieke genres, doelgroep en werkvorm blijven afzonderlijk."
"LS1000-0988","The 48 Laws of Power","Robert Greene","1998","Psychologie & persoonlijke ontwikkeling","Psychology & Self-Development","","volwassenen","non-fictieboek","ZEKER","AI_KENNIS_HERBEOORDEELD","Herkenbare non-fictietitel die een belangrijk onderwerp toegankelijk maakt.","https://openlibrary.org/works/OL1968368W | https://lumisco.re/book/784","2026-09-30","784","aanwezig","Open Library Work: OL1968368W; ISBN-13: 9781101034965","niet gevonden","P3","Inhoudelijke AI-herbeoordeling van dit werk; geen auteur-/titelwoordregel. NL/EN verwijzen naar dezelfde categorie-ID. Redactionele AI-indeling; geen HIGH-evidence of menselijke beoordeling. Aanvullende genres opnieuw inhoudelijk afgewogen; uitsluitend canonieke genres, doelgroep en werkvorm blijven afzonderlijk."
"LS1000-0989","The Human Condition","Hannah Arendt","1958","Filosofie & religie","Philosophy & Religion","","volwassenen","non-fictieboek","ZEKER","AI_KENNIS_HERBEOORDEELD","Herkenbare non-fictietitel die een belangrijk onderwerp toegankelijk maakt.","https://openlibrary.org/works/OL10460638W | https://lumisco.re/book/888","2026-09-30","888","aanwezig","Open Library Work: OL10460638W; ISBN-13: 9780226025995","niet gevonden","P3","Inhoudelijke AI-herbeoordeling van dit werk; geen auteur-/titelwoordregel. NL/EN verwijzen naar dezelfde categorie-ID. Redactionele AI-indeling; geen HIGH-evidence of menselijke beoordeling. Aanvullende genres opnieuw inhoudelijk afgewogen; uitsluitend canonieke genres, doelgroep en werkvorm blijven afzonderlijk."
"LS1000-0990","The Obstacle is the Way","Ryan Holiday","2014","Psychologie & persoonlijke ontwikkeling","Psychology & Self-Development","","volwassenen","non-fictieboek","ZEKER","AI_KENNIS_HERBEOORDEELD","Herkenbare non-fictietitel die een belangrijk onderwerp toegankelijk maakt.","https://openlibrary.org/works/OL19977665W | https://lumisco.re/book/811","2026-09-30","811","aanwezig","Open Library Work: OL19977665W; ISBN-13: 9781591846352","bevestigd","P3","Inhoudelijke AI-herbeoordeling van dit werk; geen auteur-/titelwoordregel. NL/EN verwijzen naar dezelfde categorie-ID. AI-bibliografische correctie: oorspronkelijke publicatie in plaats van onjuist bron-/editiejaar; geen wijziging bestaand databasejaar. Redactionele AI-indeling; geen HIGH-evidence of menselijke beoordeling. Aanvullende genres opnieuw inhoudelijk afgewogen; uitsluitend canonieke genres, doelgroep en werkvorm blijven afzonderlijk."
"LS1000-0991","The Omnivore's Dilemma","Michael Pollan","2006","Wetenschap & natuur","Science & Nature","Maatschappij & actualiteit","volwassenen","non-fictieboek","ZEKER","AI_KENNIS_HERBEOORDEELD","Herkenbare non-fictietitel die een belangrijk onderwerp toegankelijk maakt.","https://openlibrary.org/works/OL3296483W | https://lumisco.re/book/92","2026-09-30","92","aanwezig","Open Library Work: OL3296483W; ISBN-13: 9780786289523","niet gevonden","P3","Redactionele AI-indeling; geen HIGH-evidence of menselijke beoordeling. Aanvullende genres opnieuw inhoudelijk afgewogen; uitsluitend canonieke genres, doelgroep en werkvorm blijven afzonderlijk."
"LS1000-0992","The Psychology of Everyday Things","Donald A. Norman","1988","Kunst & cultuur","Arts & Culture","","volwassenen","non-fictieboek","ZEKER","AI_KENNIS_HERBEOORDEELD","Herkenbare non-fictietitel die een belangrijk onderwerp toegankelijk maakt.","https://openlibrary.org/works/OL1879162W | https://lumisco.re/book/808","2026-09-30","808","aanwezig","Open Library Work: OL1879162W; ISBN-13: 9780465067091","niet gevonden","P3","Inhoudelijke AI-herbeoordeling van dit werk; geen auteur-/titelwoordregel. NL/EN verwijzen naar dezelfde categorie-ID. Redactionele AI-indeling; geen HIGH-evidence of menselijke beoordeling. Aanvullende genres opnieuw inhoudelijk afgewogen; uitsluitend canonieke genres, doelgroep en werkvorm blijven afzonderlijk."
"LS1000-0993","The Psychology of Money","Morgan Housel","2020","Economie & ondernemerschap","Economics & Business","","volwassenen","non-fictieboek","ZEKER","AI_KENNIS_HERBEOORDEELD","Recente, reeds verschenen titel die de selectie actueel en veelzijdig houdt.","https://openlibrary.org/works/OL21640039W | https://lumisco.re/book/813","2026-09-30","813","aanwezig","Open Library Work: OL21640039W; ISBN-13: 9781387623174","niet gevonden","P3","Inhoudelijke AI-herbeoordeling van dit werk; geen auteur-/titelwoordregel. NL/EN verwijzen naar dezelfde categorie-ID. Redactionele AI-indeling; geen HIGH-evidence of menselijke beoordeling. Aanvullende genres opnieuw inhoudelijk afgewogen; uitsluitend canonieke genres, doelgroep en werkvorm blijven afzonderlijk."
"LS1000-0994","The science of getting rich, or, financial success through creative thought","Wallace D. Wattles","1910","Psychologie & persoonlijke ontwikkeling","Psychology & Self-Development","","volwassenen","non-fictieboek","ZEKER","AI_KENNIS_HERBEOORDEELD","Herkenbare non-fictietitel die een belangrijk onderwerp toegankelijk maakt.","https://openlibrary.org/works/OL3792044W | https://lumisco.re/book/809","2026-09-30","809","aanwezig","Open Library Work: OL3792044W; ISBN-13: 9781843560180","niet gevonden","P3","Inhoudelijke AI-herbeoordeling van dit werk; geen auteur-/titelwoordregel. NL/EN verwijzen naar dezelfde categorie-ID. Redactionele AI-indeling; geen HIGH-evidence of menselijke beoordeling. Aanvullende genres opnieuw inhoudelijk afgewogen; uitsluitend canonieke genres, doelgroep en werkvorm blijven afzonderlijk."
"LS1000-0995","The Selfish Gene","Richard Dawkins","1976","Wetenschap & natuur","Science & Nature","","volwassenen","non-fictieboek","ZEKER","AI_KENNIS_HERBEOORDEELD","Herkenbare non-fictietitel die een belangrijk onderwerp toegankelijk maakt.","https://openlibrary.org/works/OL1966488W | https://lumisco.re/book/88","2026-09-30","88","aanwezig","Open Library Work: OL1966488W; ISBN-13: 9780199291151","bevestigd","P3","Redactionele AI-indeling; geen HIGH-evidence of menselijke beoordeling. Aanvullende genres opnieuw inhoudelijk afgewogen; uitsluitend canonieke genres, doelgroep en werkvorm blijven afzonderlijk."
"LS1000-0996","The Wretched of the Earth","Frantz Fanon","1961","Maatschappij & actualiteit","Society & Current Affairs","","volwassenen","non-fictieboek","ZEKER","AI_KENNIS_HERBEOORDEELD","Herkenbare non-fictietitel die een belangrijk onderwerp toegankelijk maakt.","https://openlibrary.org/works/OL31677379W | https://lumisco.re/book/821","2026-09-30","821","aanwezig","Open Library Work: OL31677379W; ISBN-13: 9780802150837","niet gevonden","P3","Inhoudelijke AI-herbeoordeling van dit werk; geen auteur-/titelwoordregel. NL/EN verwijzen naar dezelfde categorie-ID. Redactionele AI-indeling; geen HIGH-evidence of menselijke beoordeling. Aanvullende genres opnieuw inhoudelijk afgewogen; uitsluitend canonieke genres, doelgroep en werkvorm blijven afzonderlijk."
"LS1000-0997","Ultralearning","Scott Young","2019","Psychologie & persoonlijke ontwikkeling","Psychology & Self-Development","","volwassenen","non-fictieboek","ZEKER","AI_KENNIS_HERBEOORDEELD","Herkenbare non-fictietitel die een belangrijk onderwerp toegankelijk maakt.","https://openlibrary.org/works/OL20846121W | https://lumisco.re/book/853","2026-09-30","853","aanwezig","Open Library Work: OL20846121W; ISBN-13: 9780062852687","niet gevonden","P3","Inhoudelijke AI-herbeoordeling van dit werk; geen auteur-/titelwoordregel. NL/EN verwijzen naar dezelfde categorie-ID. Redactionele AI-indeling; geen HIGH-evidence of menselijke beoordeling. Aanvullende genres opnieuw inhoudelijk afgewogen; uitsluitend canonieke genres, doelgroep en werkvorm blijven afzonderlijk."
"LS1000-0998","Why Has Nobody Told Me This Before?","Julie Smith","2022","Psychologie & persoonlijke ontwikkeling","Psychology & Self-Development","","volwassenen","non-fictieboek","ZEKER","AI_KENNIS + GERICHTE_BRONCONTROLE","Recente, reeds verschenen titel die de selectie actueel en veelzijdig houdt.","https://openlibrary.org/works/OL25799307W | https://lumisco.re/book/801 | https://www.penguin.co.uk/books/454841/why-has-nobody-told-me-this-before-by-smith-dr-julie/9780241529713","2026-09-30","801","aanwezig","Open Library Work: OL25799307W; ISBN-13: 9780241529713","niet gevonden","P3","Inhoudelijke AI-herbeoordeling van dit werk; geen auteur-/titelwoordregel. NL/EN verwijzen naar dezelfde categorie-ID. Redactionele AI-indeling; geen HIGH-evidence of menselijke beoordeling. Aanvullende genres opnieuw inhoudelijk afgewogen; uitsluitend canonieke genres, doelgroep en werkvorm blijven afzonderlijk. Praktische mentale gezondheid en zelfhulp."
"LS1000-0999","Why Nations Fail","Daron Acemoglu","2012","Maatschappij & actualiteit","Society & Current Affairs","","volwassenen","non-fictieboek","ZEKER","AI_KENNIS_HERBEOORDEELD","Herkenbare non-fictietitel die een belangrijk onderwerp toegankelijk maakt.","https://openlibrary.org/works/OL16568759W | https://lumisco.re/book/836","2026-09-30","836","aanwezig","Open Library Work: OL16568759W; ISBN-13: 9780307719218","niet gevonden","P3","Inhoudelijke AI-herbeoordeling van dit werk; geen auteur-/titelwoordregel. NL/EN verwijzen naar dezelfde categorie-ID. Redactionele AI-indeling; geen HIGH-evidence of menselijke beoordeling. Aanvullende genres opnieuw inhoudelijk afgewogen; uitsluitend canonieke genres, doelgroep en werkvorm blijven afzonderlijk."
"LS1000-1000","Zero to One","Peter A. Thiel","2014","Economie & ondernemerschap","Economics & Business","","volwassenen","non-fictieboek","ZEKER","AI_KENNIS + GERICHTE_BRONCONTROLE","Herkenbare non-fictietitel die een belangrijk onderwerp toegankelijk maakt.","https://openlibrary.org/works/OL17078706W | https://lumisco.re/book/818 | https://www.penguinrandomhouse.com/books/234730/zero-to-one-by-peter-thiel-with-blake-masters/9780804139304/","2026-09-30","818","aanwezig","Open Library Work: OL17078706W; ISBN-13: 9780804139298","niet gevonden","P3","Inhoudelijke AI-herbeoordeling van dit werk; geen auteur-/titelwoordregel. NL/EN verwijzen naar dezelfde categorie-ID. AI-bibliografische correctie: oorspronkelijke publicatie in plaats van onjuist bron-/editiejaar; geen wijziging bestaand databasejaar. Redactionele AI-indeling; geen HIGH-evidence of menselijke beoordeling. Aanvullende genres opnieuw inhoudelijk afgewogen; uitsluitend canonieke genres, doelgroep en werkvorm blijven afzonderlijk. Ondernemerschap en startups; gepubliceerd 2014."
